Reaction,WT_DAP6,O2_DAP6,Diff_DAP6,WT_DAP8,O2_DAP8,Diff_DAP8,WT_DAP10,O2_DAP10,Diff_DAP10,WT_DAP12,O2_DAP12,Diff_DAP12,WT_DAP15,O2_DAP15,Diff_DAP15,WT_DAP18,O2_DAP18,Diff_DAP18,WT_DAP22,O2_DAP22,Diff_DAP22,WT_DAP30,O2_DAP30,Diff_DAP30,MaxAbsDiff,AvgAbsDiff,ConsistentDirection
R00307[K,c],0.22933502,-10.95149723,-11.18083225,-14.08259286,-12.68810360,1.39448926,0.26564723,2.38184227,2.11619504,0.28630722,0.26671356,-0.01959366,-19.86958646,-13.62309320,6.24649326,-24.81516287,2.34101418,27.15617705,-24.48110174,-23.85036243,0.63073931,-27.51660226,-33.20406051,-5.68745825,27.15617705,6.80399726,MIXED
Exchange_C00031[K,L],0.00000000,11.20648769,11.20648769,14.79498931,12.97747194,-1.81751737,0.00000000,0.00000000,0.00000000,0.00000000,0.00000000,0.00000000,22.13899794,14.11693644,-8.02206150,25.44120993,0.00000000,-25.44120993,24.66842548,29.05039004,4.38196456,28.72072655,33.23125319,4.51052664,25.44120993,6.92247096,MIXED
ExB_C00031[K],0.00004851,11.20653518,11.20648667,14.79503513,12.97752554,-1.81750959,0.00005083,0.00005169,0.00000086,0.00005879,0.00005427,-0.00000452,22.13912773,14.11704396,-8.02208377,25.44130983,0.00013053,-25.44117930,24.66845464,29.05041881,4.38196417,28.72074073,33.23125802,4.51051729,25.44117930,6.92246827,MIXED
PhloemImport_C00095[K,c],0.00000000,10.57622908,10.57622908,14.19050961,12.26243718,-1.92807243,0.00000000,0.00000000,0.00000000,0.00000000,0.00000000,0.00000000,20.47690434,12.80720176,-7.66970258,23.94940077,0.00000000,-23.94940077,24.17989327,16.46278550,-7.71710777,28.24632140,33.16576617,4.91944477,23.94940077,7.09499468,MIXED
PhloemTransport_C00095[K,c],0.00000000,10.57622908,10.57622908,14.19050961,12.26243718,-1.92807243,0.00000000,0.00000000,0.00000000,0.00000000,0.00000000,0.00000000,20.47690434,12.80720176,-7.66970258,23.94940077,0.00000000,-23.94940077,24.17989327,16.46278550,-7.71710777,28.24632140,33.16576617,4.91944477,23.94940077,7.09499468,MIXED
Exe4[K],0.45501438,0.50377281,0.04875843,0.48433990,0.57010373,0.08576383,0.53082943,0.54514509,0.01431566,0.59067506,0.54796760,-0.04270746,1.10592550,1.00399534,-0.10193016,0.93221436,1.10501895,0.17280459,0.36469424,11.40915289,11.04445865,0.29561372,0.04108417,-0.25452955,11.04445865,1.47065854,MIXED
Trans4[K],0.45501438,0.50377281,0.04875843,0.48433990,0.57010373,0.08576383,0.53082943,0.54514509,0.01431566,0.59067506,0.54796760,-0.04270746,1.10592550,1.00399534,-0.10193016,0.93221436,1.10501895,0.17280459,0.36469424,11.40915289,11.04445865,0.29561372,0.04108417,-0.25452955,11.04445865,1.47065854,MIXED
cpTransport_C00011[K],-0.63220918,-0.62426415,0.00794503,-0.60000395,-0.70650993,-0.10650598,-0.65653235,-0.67503459,-0.01850224,-0.72781906,-0.67557206,0.05224700,-1.55732811,-1.38628076,0.17104735,-1.08334352,-1.46551076,-0.38216724,-0.39312977,-11.18320778,-10.79007801,-0.53501297,-0.04609883,0.48891414,10.79007801,1.50217587,MIXED
ExB_C00089[K],999.62227542,999.62468239,0.00240697,999.64022882,999.57427776,-0.06595106,999.61014884,999.59609337,-0.01405547,999.58260040,999.61097730,0.02837690,998.97794630,999.18399659,0.20605029,999.13413386,998.93038326,-0.20375060,999.69876115,992.61239310,-7.08636805,999.70123614,999.96170063,0.26046449,7.08636805,0.98342798,MIXED
R00801[K,c],0.37772458,0.37531761,-0.00240697,0.35977118,0.42572225,0.06595107,0.38985116,0.40390663,0.01405547,0.41739960,0.38902270,-0.02837690,1.02205370,0.81600341,-0.20605029,0.86586614,1.06961674,0.20375060,0.30123885,7.38760690,7.08636805,0.29876386,0.03829937,-0.26046449,7.08636805,0.98342798,MIXED
Exchange_C00089[K,L],999.62219753,999.62460615,0.00240862,999.64015526,999.57419168,-0.06596358,999.61006722,999.59601037,-0.01405685,999.58250599,999.61089015,0.02838416,998.97773790,999.18382395,0.20608605,999.13397345,998.93017367,-0.20379978,999.69871433,992.61234690,-7.08636743,999.70121336,999.96169287,0.26047951,7.08636743,0.98344325,MIXED
cpTransport_C00149[K],0.37584460,0.36735719,-0.00848741,0.35455546,0.41446213,0.05990667,0.39461831,0.40038089,0.00576258,0.46010851,0.42418184,-0.03592667,0.76318368,0.83552933,0.07234565,0.51115107,0.90517369,0.39402262,0.00644911,5.72316462,5.71671551,0.28088272,0.02376705,-0.25711567,5.71671551,0.81878535,MIXED
R01061[K,c],0.18034091,0.23515852,0.05481761,0.22514572,0.26699369,0.04184797,0.24298728,0.25250422,0.00951694,0.25591661,0.23883130,-0.01708531,0.26463870,0.38895973,0.12432103,0.24079861,0.45985686,0.21905825,-0.02744265,4.37209127,4.39953392,0.03882929,0.00620769,-0.03262160,4.39953392,0.61235033,MIXED
R00342[K,c],-0.18063966,-0.23544970,-0.05481004,-0.22542784,-0.26732256,-0.04189472,-0.24330036,-0.25271515,-0.00941479,-0.25627871,-0.23916557,0.01711314,-0.26127882,-0.38939848,-0.12811966,-0.23655298,-0.40645839,-0.16990541,0.12012871,-4.20390585,-4.32403456,-0.03879452,-0.00621300,0.03258152,4.32403456,0.59723423,MIXED
R01512[K,c],-0.16355266,-0.21872322,-0.05517056,-0.20929320,-0.24844053,-0.03914733,-0.22539134,-0.23461300,-0.00922166,-0.23556586,-0.22005084,0.01551502,-0.42365573,-0.35174521,0.07191052,-0.43496860,-0.43741265,-0.00244405,-0.10248107,-4.36714574,-4.26466467,-0.12591625,-0.02085544,0.10506081,4.26466467,0.57039183,MIXED
R00658[K,c],0.27481997,0.21872322,-0.05609675,0.20929320,0.24844053,0.03914733,0.22539134,0.23461300,0.00922166,0.23556586,0.22005084,-0.01551502,0.72792195,0.59466192,-0.13326003,0.43496860,0.73261641,0.29764781,0.21971139,4.36714574,4.14743435,0.24226685,0.02085544,-0.22141141,4.14743435,0.61496680,MIXED
R01518[K,c],-0.27481997,-0.21872322,0.05609675,-0.20929320,-0.24844053,-0.03914733,-0.22539134,-0.23461300,-0.00922166,-0.23556586,-0.22005084,0.01551502,-0.72792195,-0.59466192,0.13326003,-0.43496860,-0.73261641,-0.29764781,-0.21971139,-4.36714574,-4.14743435,-0.24226685,-0.02085544,0.22141141,4.14743435,0.61496680,MIXED
R00216[K,p],0.27395720,0.26791034,-0.00604686,0.25851711,0.30231537,0.04379826,0.28709242,0.29187738,0.00478496,0.33389099,0.30833509,-0.02555590,0.67175805,0.60765163,-0.06410642,0.51246575,0.64324095,0.13077520,0.19655377,4.32550735,4.12895358,0.24210970,0.02304206,-0.21906764,4.12895358,0.57788610,MIXED
cpTransport_C00001[K],-0.22517567,-0.21984845,0.00532722,-0.21228384,-0.24794808,-0.03566424,-0.31323095,-0.23981492,0.07341603,-0.27700853,-0.25562776,0.02138077,-0.60443741,-0.49490750,0.10952991,-0.62425601,-0.58763651,0.03661950,-0.01866856,-4.14252739,-4.12385883,-0.37251355,-0.03423937,0.33827418,4.12385883,0.59300883,MIXED
R00355[K,c],0.07865398,0.13591044,0.05725646,0.12929668,0.15507098,0.02577430,0.13567146,0.14421432,0.00854286,0.12994206,0.12320884,-0.00673322,0.16929499,0.16732384,-0.00197115,0.29006490,0.20487274,-0.08519216,0.06991706,4.05697072,3.98705366,-0.00000789,0.01546662,0.01547451,3.98705366,0.52349979,MIXED
PhloemImport_C00049[K,c],0.07868096,0.13593685,0.05725589,0.12932216,0.15510080,0.02577864,0.13569973,0.14424307,0.00854334,0.12997476,0.12323903,-0.00673573,0.16936718,0.16738365,-0.00198353,0.29012046,0.20494534,-0.08517512,0.06993328,4.05698672,3.98705344,0.00000000,0.01546931,0.01546931,3.98705344,0.52349938,MIXED
PhloemTransport_C00049[K,c],0.07868096,0.13593685,0.05725589,0.12932216,0.15510080,0.02577864,0.13569973,0.14424307,0.00854334,0.12997476,0.12323903,-0.00673573,0.16936718,0.16738365,-0.00198353,0.29012046,0.20494534,-0.08517512,0.06993328,4.05698672,3.98705344,0.00000000,0.01546931,0.01546931,3.98705344,0.52349938,MIXED
R02740[K,c],-0.05308147,-1.68126874,-1.62818727,-2.13881241,-1.19395670,0.94485571,-0.03031447,-1.98037106,-1.95005659,0.11767459,-0.05108303,-0.16875762,-1.25347653,-0.61613425,0.63734228,-1.34474950,-1.27755196,0.06719754,-1.17879404,2.18622348,3.36501752,-0.90602833,0.00999646,0.91602479,3.36501752,1.20967991,MIXED
R02738[K,c],-0.05084405,-1.67907829,-1.62823424,-2.13669906,-1.19148423,0.94521483,-0.02796890,-1.97798733,-1.95001843,0.12038685,-0.04857893,-0.16896578,-1.24748757,-0.61117447,0.63631310,-1.34013989,-1.27152796,0.06861193,-1.17744973,2.18755051,3.36500024,-0.90537462,0.01021927,0.91559389,3.36500024,1.20974405,MIXED
cpTransport_C00026[K],-0.08366985,-0.08375304,-0.00008319,-0.08003940,-0.09522747,-0.01518807,-0.08567643,-0.08962328,-0.00394685,-0.08792922,-0.08242076,0.00550846,-0.17125155,-0.18995970,-0.01870815,-0.08958415,-0.14482652,-0.05524237,-0.07008426,-2.54710208,-2.47701782,0.12116710,0.00045986,-0.12070724,2.47701782,0.33705027,MIXED
cpTransport_C00025[K],0.08371290,0.08379455,0.00008165,0.08008010,0.09527441,0.01519431,0.08572155,0.08966916,0.00394761,0.08798140,0.08246893,-0.00551247,0.17125155,0.19005512,0.01880357,0.08958415,0.14494237,0.05535822,0.07011021,2.54710208,2.47699187,-0.12116710,-0.00045986,0.12070724,2.47699187,0.33707462,MIXED
Exe2[K],-0.13480032,-0.13167132,0.00312900,-0.12711701,-0.14852269,-0.02140568,-0.14162858,-0.14357881,-0.00195023,-0.16565774,-0.15266306,0.01299468,-0.34411930,-0.29420976,0.04990954,-0.34548976,-0.38271269,-0.03722293,-0.11290029,-2.40092559,-2.28802530,-0.13103566,-0.01871255,0.11232311,2.28802530,0.31587006,MIXED
Trans2[K],0.13480032,0.13167132,-0.00312900,0.12711701,0.14852269,0.02140568,0.14162858,0.14357881,0.00195023,0.16565774,0.15266306,-0.01299468,0.34411930,0.29420976,-0.04990954,0.34548976,0.38271269,0.03722293,0.11290029,2.40092559,2.28802530,0.13103566,0.01871255,-0.11232311,2.28802530,0.31587006,MIXED
R01015[K,c],-0.14569810,-0.11747549,0.02822261,-0.11247272,-0.13337970,-0.02090698,-0.12138254,-0.12613914,-0.00475660,-0.12782982,-0.11929704,0.00853278,-0.19372063,-0.31570326,-0.12198263,-0.00633915,-0.37724429,-0.37090514,0.02255374,-2.18598258,-2.20853632,-0.03279954,0.00464253,0.03744207,2.20853632,0.35016064,MIXED
R00200[K,c],0.00000000,0.00000000,0.00000000,0.00000000,0.00000000,0.00000000,0.00000000,0.00000000,0.00000000,0.17551606,0.00000000,-0.17551606,2.11977113,0.00000000,-2.11977113,0.00000000,0.00000000,0.00000000,1.42248281,3.25921673,1.83673392,0.00000000,0.02080383,0.02080383,2.11977113,0.51910312,MIXED
R00760[K,c],0.00000000,0.00000000,0.00000000,0.46764021,0.00000000,-0.46764021,0.00000000,2.10694234,2.10694234,0.00000000,0.00000000,0.00000000,1.62923641,0.00000000,-1.62923641,0.00000000,1.65648481,1.65648481,0.00000000,0.00000000,0.00000000,1.02846822,0.00000000,-1.02846822,2.10694234,0.86109650,MIXED
R01068[K,c],0.20699638,1.80678549,1.59978911,2.25904071,1.33629508,-0.92274563,0.16031084,2.11526517,1.95495433,0.02011358,0.17957165,0.15945807,1.64889194,0.94980568,-0.69908626,1.59569692,1.67660904,0.08091212,1.29601252,1.51469077,0.21867825,1.13589720,0.00166771,-1.13422949,1.95495433,0.84623166,MIXED
R00756[K,c],0.00000000,1.66027629,1.66027629,2.11706491,1.17154360,-0.94552131,0.00000000,1.95438114,1.95438114,0.00000000,0.00000000,0.00000000,0.00000000,0.48963527,0.48963527,1.16868845,0.00000000,-1.16868845,0.00000000,1.49993858,1.49993858,0.75443091,0.00000000,-0.75443091,1.95438114,1.05910899,MIXED
R01070[K,c],-0.06108627,-1.68910246,-1.62801619,-2.14636770,-1.20268109,0.94368661,-0.03870611,-1.98890009,-1.95019398,0.10797321,-0.06003739,-0.16801060,-1.27370764,-0.63363249,0.64007515,-1.36123745,-1.29879272,0.06244473,-1.18367111,0.67141792,1.85508903,-1.01351685,0.00918251,1.02269936,1.95019398,1.03377696,MIXED
R04779[K,c],-0.06108627,-1.68910246,-1.62801619,-2.14636770,-1.20268109,0.94368661,-0.03870611,-1.98890009,-1.95019398,0.10797321,-0.06003739,-0.16801060,-1.27370764,-0.63363249,0.64007515,-1.36123745,-1.29879272,0.06244473,-1.18367111,0.67141792,1.85508903,-1.01351685,0.00918251,1.02269936,1.95019398,1.03377696,MIXED
ExB_C00095[K],0.60705960,0.00004945,-0.60701015,0.00004771,0.00005582,0.00000811,0.65549839,0.67880656,0.02330817,0.70370682,0.65573625,-0.04797057,0.00013517,0.00011197,-0.00002320,0.00010404,1.75414610,1.75404206,0.00003037,0.00002997,-0.00000040,0.00001477,0.00000503,-0.00000974,1.75404206,0.30404655,MIXED
Exchange_C00095[K,L],0.60700908,0.00000000,-0.60700908,0.00000000,0.00000000,0.00000000,0.65544545,0.67875273,0.02330728,0.70364559,0.65567973,-0.04796586,0.00000000,0.00000000,0.00000000,0.00000000,1.75401017,1.75401017,0.00000000,0.00000000,0.00000000,0.00000000,0.00000000,0.00000000,1.75401017,0.30403655,MIXED
R00211[K,c],0.00000000,0.00000253,0.00000253,0.00000000,0.00000254,0.00000254,0.00000000,0.00000000,0.00000000,0.00000000,0.00000000,0.00000000,0.00360674,0.00000000,-0.00360674,0.00420785,0.05346495,0.04925710,0.09267506,1.73985667,1.64718161,0.00002940,0.00000572,-0.00002368,1.64718161,0.21250927,MIXED
cpTransport_C00024[K],0.00000000,0.00000127,0.00000127,0.00000000,0.00000127,0.00000127,0.00000000,0.00000000,0.00000000,0.00000000,0.00000000,0.00000000,0.00360674,0.00000000,-0.00360674,-0.04819124,-0.00714588,0.04104536,0.09267506,1.73985667,1.64718161,0.00002940,-0.00997862,-0.01000802,1.64718161,0.21273053,MIXED
cpTransport_C00010[K],0.00000868,0.00000976,0.00000108,0.00000820,0.00001086,0.00000266,0.00001031,0.00000918,-0.00000113,0.00001231,0.00001136,-0.00000095,0.00363028,0.00001775,-0.00361253,-0.04817337,-0.00712359,0.04104978,0.09268038,1.73986182,1.64718144,0.00003199,-0.00997757,-0.01000956,1.64718144,0.21273239,MIXED
R00127[K,c],0.00031090,0.00030577,-0.00000513,0.00029183,0.00034531,0.00005348,0.00032778,0.00033215,0.00000437,0.00037964,0.00034730,-0.00003234,1.62782499,0.00069221,-1.62713278,0.03457113,0.56506099,0.53048986,1.20335610,0.00994690,-1.19340920,0.00008759,0.00003427,-0.00005332,1.62713278,0.41889756,MIXED
R00764[K,c],0.00880913,0.00862481,-0.00018432,0.00831633,0.00984833,0.00153200,0.00923460,0.00938874,0.00015414,0.01068087,0.00985361,-0.00082726,1.62925327,0.01975099,-1.60950228,0.03523417,0.56592733,0.53069316,1.20839704,0.01007166,-1.19832538,0.00257227,0.00087580,-0.00169647,1.60950228,0.41786438,MIXED
R00206[K,c],0.00000000,0.00000000,0.00000000,0.00000000,0.00000000,0.00000000,0.00000000,0.00000000,0.00000000,0.00000000,0.00000000,0.00000000,1.60537675,0.00000000,-1.60537675,0.00000000,0.53751470,0.53751470,1.20303135,0.00000000,-1.20303135,0.00000000,0.00000000,0.00000000,1.60537675,0.41824035,MIXED
R00299[K,c],0.19918510,1.79935795,1.60017285,1.78402797,1.32778453,-0.45624344,0.15212199,0.00000000,-0.15212199,0.01064675,0.17083380,0.16018705,0.00000000,0.93322712,0.93322712,1.57985906,0.00000000,-1.57985906,1.29133568,0.00000000,-1.29133568,0.00000000,0.00088260,0.00088260,1.60017285,0.77175372,MIXED
R00771[K,c],0.19918510,1.79914120,1.59995610,1.78402797,1.32778453,-0.45624344,0.15212199,0.00000000,-0.15212199,0.01064675,0.17083380,0.16018705,-0.00005782,0.93273635,0.93279417,1.57960749,-0.00059582,-1.58020331,1.29125792,0.00000000,-1.29125792,0.00000000,0.00088260,0.00088260,1.59995610,0.77170582,MIXED
R00769[K,c],-0.00022142,-0.00021675,0.00000467,-0.00020912,-0.00024660,-0.00003748,-0.00023204,-0.00023780,-0.00000576,-0.00026837,-0.00024954,0.00001883,-0.00059245,-0.00049433,0.00009812,-0.00045601,-0.00059763,-0.00014162,0.08273841,-1.51012502,-1.59286343,-0.00006476,-0.00002205,0.00004271,1.59286343,0.19915158,MIXED
R00342[K,p],0.10188739,0.09944685,-0.00244054,0.09603835,0.11214677,0.01610842,0.10752589,0.10850351,0.00097762,0.12621752,0.11584675,-0.01037077,0.09142564,0.22787770,0.13645206,-0.00131468,0.26193274,0.26324742,-0.19010466,1.39765727,1.58776193,0.03877302,0.00072499,-0.03804803,1.58776193,0.25692585,MIXED
R00248[K,c],0.00039438,-0.05362513,-0.05401951,-0.05190228,-0.06036248,-0.00846020,-0.05820848,-0.05875383,-0.00054535,-0.07010943,-0.06459056,0.00551887,0.00225936,0.00054129,-0.00171807,-0.09971986,0.00065516,0.10037502,0.00023548,-1.50984885,-1.51008433,-0.12112603,-0.00433170,0.11679433,1.51008433,0.22468946,MIXED
PhloemImport_C00015_I[K,c],0.00000000,0.00000000,0.00000000,0.00000000,0.00000192,0.00000192,0.00000000,0.00000185,0.00000185,0.00000000,0.00000180,0.00000180,0.00000000,0.00000356,0.00000356,0.00000000,0.00000180,0.00000180,0.00000000,1.50999368,1.50999368,0.00000000,0.00000000,0.00000000,1.50999368,0.18875058,UP
PhloemTransport_C00015[K,c],0.00000000,0.00000000,0.00000000,0.00000000,0.00000192,0.00000192,0.00000000,0.00000185,0.00000185,0.00000000,0.00000180,0.00000180,0.00000000,0.00000356,0.00000356,0.00000000,0.00000180,0.00000180,0.00000000,1.50999368,1.50999368,0.00000000,0.00000000,0.00000000,1.50999368,0.18875058,UP
R00571[K,c],-0.00000067,0.00000000,0.00000067,0.00000000,0.00000104,0.00000104,-0.00000084,0.00000114,0.00000198,0.00000129,0.00000105,-0.00000024,0.00000000,0.00000208,0.00000208,0.00000000,0.00000000,0.00000000,0.00000000,1.50999328,1.50999328,0.00000000,-0.00000007,-0.00000007,1.50999328,0.18874992,MIXED
ExB_C00063[K],0.00000082,0.00000000,-0.00000082,0.00000078,0.00000091,0.00000013,0.00000086,0.00000088,0.00000002,0.00000100,0.00000092,-0.00000008,0.00000220,0.00000182,-0.00000038,0.00000169,0.00000221,0.00000052,0.00000000,1.50999321,1.50999321,0.00000000,-0.00000007,-0.00000007,1.50999321,0.18874940,MIXED
Exchange_C00063[K,L],0.00000000,-0.00000080,-0.00000080,0.00000000,0.00000000,0.00000000,0.00000000,0.00000000,0.00000000,0.00000000,0.00000000,0.00000000,0.00000000,0.00000000,0.00000000,0.00000000,0.00000000,0.00000000,-0.00000049,1.50999272,1.50999321,-0.00000024,-0.00000015,0.00000009,1.50999321,0.18874926,MIXED
cpTransport_C00007[K],0.13428938,0.13116961,-0.00311977,0.12663419,0.14795680,0.02132261,0.14109284,0.14303435,0.00194151,0.16503811,0.15209106,-0.01294705,0.33884949,0.29307663,-0.04577286,0.34023022,0.32787359,-0.01235663,0.01991824,1.44660706,1.42668882,0.13085692,0.01866027,-0.11219665,1.42668882,0.20454324,MIXED
PhloemImport_C00079[K,c],0.00000119,0.00000116,-0.00000003,0.00000112,0.00000131,0.00000019,0.00000124,0.00000126,0.00000002,0.00000144,0.00000133,-0.00000011,0.00000317,0.00000263,-0.00000054,0.00000244,0.00000319,0.00000075,0.00000000,1.42449871,1.42449871,0.05085651,0.00000000,-0.05085651,1.42449871,0.18441961,MIXED
PhloemTransport_C00079[K,c],0.00000119,0.00000116,-0.00000003,0.00000112,0.00000131,0.00000019,0.00000124,0.00000126,0.00000002,0.00000144,0.00000133,-0.00000011,0.00000317,0.00000263,-0.00000054,0.00000244,0.00000319,0.00000075,0.00000000,1.42449871,1.42449871,0.05085651,0.00000000,-0.05085651,1.42449871,0.18441961,MIXED
Exe_C12303[K],0.00000000,0.00000000,0.00000000,0.00000000,0.00000000,0.00000000,0.00000000,0.00000000,0.00000000,0.00000000,0.00000000,0.00000000,0.00000000,0.00000000,0.00000000,0.00000000,0.00000000,0.00000000,0.00000000,1.42449854,1.42449854,0.05085651,0.00000000,-0.05085651,1.42449854,0.18441938,MIXED
MR00601[K,p],0.00000000,0.00000000,0.00000000,0.00000000,0.00000000,0.00000000,0.00000000,0.00000000,0.00000000,0.00000000,0.00000000,0.00000000,0.00000000,0.00000000,0.00000000,0.00000000,0.00000000,0.00000000,0.00000000,1.42449854,1.42449854,0.05085651,0.00000000,-0.05085651,1.42449854,0.18441938,MIXED
MR01082[K,p],0.00000000,0.00000000,0.00000000,0.00000000,0.00000000,0.00000000,0.00000000,0.00000000,0.00000000,0.00000000,0.00000000,0.00000000,0.00000000,0.00000000,0.00000000,0.00000000,0.00000000,0.00000000,0.00000000,1.42449854,1.42449854,0.05085651,0.00000000,-0.05085651,1.42449854,0.18441938,MIXED
R02611[K,p],0.00000000,0.00000000,0.00000000,0.00000000,0.00000000,0.00000000,0.00000000,0.00000000,0.00000000,0.00000000,0.00000000,0.00000000,0.00000000,0.00000000,0.00000000,0.00000000,0.00000000,0.00000000,0.00000000,1.42449854,1.42449854,0.05085651,0.00000000,-0.05085651,1.42449854,0.18441938,MIXED
cpTransport_C00079[K],0.00000000,0.00000000,0.00000000,0.00000000,0.00000000,0.00000000,0.00000000,0.00000000,0.00000000,0.00000000,0.00000000,0.00000000,0.00000000,0.00000000,0.00000000,0.00000000,0.00000000,0.00000000,0.00000000,1.42449854,1.42449854,0.05085651,0.00000000,-0.05085651,1.42449854,0.18441938,MIXED
R00248[K,p],0.00037458,0.00036612,-0.00000846,0.00035280,0.00041329,0.00006049,0.00000000,0.00039929,0.00039929,0.00000000,0.00041910,0.00041910,0.00056492,0.00000000,-0.00056492,0.00020818,0.00027224,0.00006406,0.00006074,1.42455850,1.42449776,0.17212672,0.00045883,-0.17166789,1.42449776,0.19971025,MIXED
R04426[K,p],0.00000000,0.00000000,0.00000000,0.00000000,0.00000000,0.00000000,0.00000000,0.00000000,0.00000000,0.00000000,0.00000000,0.00000000,0.00000000,0.00000000,0.00000000,0.04587777,0.00000000,-0.04587777,0.06031337,1.46034980,1.40003643,0.04617879,0.00000000,-0.04617879,1.40003643,0.18651162,MIXED
R10170[K,p],0.07555722,0.07580766,0.00025044,0.07237814,0.08625846,0.01388032,0.00000000,0.08097796,0.08097796,0.07809552,0.07334527,-0.00475025,0.00000000,0.16038189,0.16038189,0.00000000,0.00000000,0.00000000,0.06031337,1.46034980,1.40003643,0.04617879,0.00000000,-0.04617879,1.40003643,0.21330701,MIXED
R01090[K,p],-0.07555722,-0.07580766,-0.00025044,-0.07237814,-0.08625846,-0.01388032,-0.07717384,-0.08097796,-0.00380412,-0.07809552,-0.07334527,0.00475025,-0.17171630,-0.16038189,0.01133441,-0.07287533,-0.14499730,-0.07212197,-0.07012233,-1.47007747,-1.39995514,-0.05095006,0.00000000,0.05095006,1.39995514,0.19463084,MIXED
R01213[K,p],0.07555722,0.07580766,0.00025044,0.07237814,0.08625846,0.01388032,0.07717384,0.08097796,0.00380412,0.07809552,0.07334527,-0.00475025,0.17171630,0.16038189,-0.01133441,0.07287533,0.14499730,0.07212197,0.07012233,1.47007747,1.39995514,0.05095006,0.00000000,-0.05095006,1.39995514,0.19463084,MIXED
R01652[K,p],0.07555722,0.07580766,0.00025044,0.07237814,0.08625846,0.01388032,0.07717384,0.08097796,0.00380412,0.07809552,0.07334527,-0.00475025,0.17171630,0.16038189,-0.01133441,0.07287533,0.14499730,0.07212197,0.07012233,1.47007747,1.39995514,0.05095006,0.00000000,-0.05095006,1.39995514,0.19463084,MIXED
cpTransport_C00123[K],-0.07555722,-0.07580766,-0.00025044,-0.07237814,-0.08625846,-0.01388032,-0.07717384,-0.08097796,-0.00380412,-0.07809552,-0.07334527,0.00475025,-0.17171630,-0.16038189,0.01133441,-0.07287533,-0.14499730,-0.07212197,-0.07012233,-1.47007747,-1.39995514,-0.05095006,0.00000000,0.05095006,1.39995514,0.19463084,MIXED
PhloemImport_C00123[K,c],999.92444278,999.92419234,-0.00025044,999.92762186,999.91374154,-0.01388032,999.92282616,999.91902204,-0.00380412,999.92190448,999.92665473,0.00475025,999.82828370,999.83961811,0.01133441,999.92712467,999.85500270,-0.07212197,999.92987767,998.52992253,-1.39995514,999.94904994,1000.00000000,0.05095006,1.39995514,0.19463084,MIXED
PhloemTransport_C00123[K,c],999.92444278,999.92419234,-0.00025044,999.92762186,999.91374154,-0.01388032,999.92282616,999.91902204,-0.00380412,999.92190448,999.92665473,0.00475025,999.82828370,999.83961811,0.01133441,999.92712467,999.85500270,-0.07212197,999.92987767,998.52992253,-1.39995514,999.94904994,1000.00000000,0.05095006,1.39995514,0.19463084,MIXED
R00006_mod[K,p],0.07556191,0.07581352,0.00025161,0.07238257,0.08626491,0.01388234,0.07717875,0.08098296,0.00380421,0.07810120,0.07335052,-0.00475068,0.00000000,0.16039228,0.16039228,0.07288499,0.14500992,0.07212493,0.07012515,1.47008026,1.39995511,0.05095143,0.00000047,-0.05095096,1.39995511,0.21326402,MIXED
R04440[K,p],-0.07556191,-0.07581352,-0.00025161,-0.07238257,-0.08626491,-0.01388234,-0.07717875,-0.08098296,-0.00380421,-0.07810120,-0.07335052,0.00475068,-0.17172885,-0.16039228,0.01133657,-0.07288499,-0.14500992,-0.07212493,-0.07012515,-1.47008026,-1.39995511,-0.05095143,-0.00000047,0.05095096,1.39995511,0.19463205,MIXED
R04441[K,p],0.07556191,0.07581352,0.00025161,0.07238257,0.08626491,0.01388234,0.07717875,0.08098296,0.00380421,0.07810120,0.07335052,-0.00475068,0.17172885,0.16039228,-0.01133657,0.07288499,0.14500992,0.07212493,0.07012515,1.47008026,1.39995511,0.05095143,0.00000047,-0.05095096,1.39995511,0.19463205,MIXED
R05071[K,p],0.07556191,0.07581352,0.00025161,0.07238257,0.08626491,0.01388234,0.07717875,0.08098296,0.00380421,0.07810120,0.07335052,-0.00475068,0.17172885,0.16039228,-0.01133657,0.07288499,0.14500992,0.07212493,0.07012515,1.47008026,1.39995511,0.05095143,0.00000047,-0.05095096,1.39995511,0.19463205,MIXED
R00216[K,c],-0.11033743,-0.05309840,0.05723903,-0.05139650,-0.05976818,-0.00837168,-0.05764730,-0.05818306,-0.00053576,-0.06946023,-0.06399140,0.00546883,-0.30830584,-0.24118851,0.06711733,-0.09861645,-0.29310717,-0.19449072,-0.11667275,-1.50953109,-1.39285834,-0.23727024,-0.00428265,0.23298759,1.39285834,0.24488366,MIXED
Exchange_C00047[K,L],0.00000000,0.00000000,0.00000000,0.00000000,0.00000000,0.00000000,0.00000000,0.00000000,0.00000000,0.00000000,0.00000000,0.00000000,0.00000000,0.00579750,0.00579750,0.00000000,0.00000000,0.00000000,0.00000000,1.25078028,1.25078028,-0.00000074,-0.00000025,0.00000049,1.25078028,0.15707228,UP
ExB_C00047[K],0.00000251,0.00000246,-0.00000005,0.00000237,0.00000278,0.00000041,0.00000263,0.00000268,0.00000005,0.00000305,0.00000281,-0.00000024,0.00000673,0.00580307,0.00579634,0.00000518,0.00000677,0.00000159,0.00000151,1.25078177,1.25078026,0.00000000,0.00000000,0.00000000,1.25078026,0.15707237,MIXED
R00355[K,p],-0.00000251,-0.00000373,-0.00000122,-0.00000237,-0.00000405,-0.00000168,-0.00000263,-0.00000268,-0.00000005,-0.00000305,-0.00000281,0.00000024,-0.00000673,-0.00580307,-0.00579634,-0.00000518,-0.00000677,-0.00000159,-0.00000151,-1.25078177,-1.25078026,0.00000000,0.00000000,0.00000000,1.25078026,0.15707267,MIXED
R00451[K,p],0.00000251,0.00000373,0.00000122,0.00000237,0.00000405,0.00000168,0.00000263,0.00000268,0.00000005,0.00000305,0.00000281,-0.00000024,0.00000673,0.00580307,0.00579634,0.00000518,0.00000677,0.00000159,0.00000151,1.25078177,1.25078026,0.00000000,0.00000000,0.00000000,1.25078026,0.15707267,MIXED
R00480[K,p],0.00000251,0.00000373,0.00000122,0.00000237,0.00000405,0.00000168,0.00000263,0.00000268,0.00000005,0.00000305,0.00000281,-0.00000024,0.00000673,0.00580307,0.00579634,0.00000518,0.00000677,0.00000159,0.00000151,1.25078177,1.25078026,0.00000000,0.00000000,0.00000000,1.25078026,0.15707267,MIXED
R02291[K,p],0.00000251,0.00000373,0.00000122,0.00000237,0.00000405,0.00000168,0.00000263,0.00000268,0.00000005,0.00000305,0.00000281,-0.00000024,0.00000673,0.00580307,0.00579634,0.00000518,0.00000677,0.00000159,0.00000151,1.25078177,1.25078026,0.00000000,0.00000000,0.00000000,1.25078026,0.15707267,MIXED
R02292[K,p],0.00000251,0.00000373,0.00000122,0.00000237,0.00000405,0.00000168,0.00000263,0.00000268,0.00000005,0.00000305,0.00000281,-0.00000024,0.00000673,0.00580307,0.00579634,0.00000518,0.00000677,0.00000159,0.00000151,1.25078177,1.25078026,0.00000000,0.00000000,0.00000000,1.25078026,0.15707267,MIXED
R02735[K,p],0.00000251,0.00000373,0.00000122,0.00000237,0.00000405,0.00000168,0.00000263,0.00000268,0.00000005,0.00000305,0.00000281,-0.00000024,0.00000673,0.00580307,0.00579634,0.00000518,0.00000677,0.00000159,0.00000151,1.25078177,1.25078026,0.00000000,0.00000000,0.00000000,1.25078026,0.15707267,MIXED
R04198[K,p],0.00000251,0.00000373,0.00000122,0.00000237,0.00000405,0.00000168,0.00000263,0.00000268,0.00000005,0.00000305,0.00000281,-0.00000024,0.00000673,0.00580307,0.00579634,0.00000518,0.00000677,0.00000159,0.00000151,1.25078177,1.25078026,0.00000000,0.00000000,0.00000000,1.25078026,0.15707267,MIXED
R07613[K,p],-0.00000251,-0.00000373,-0.00000122,-0.00000233,-0.00000405,-0.00000172,-0.00000268,-0.00000268,0.00000000,-0.00000305,-0.00000281,0.00000024,-0.00000673,-0.00580307,-0.00579634,-0.00000518,-0.00000677,-0.00000159,-0.00000151,-1.25078177,-1.25078026,0.00000000,0.00000000,0.00000000,1.25078026,0.15707267,MIXED
cpTransport_C00047[K],-0.00000251,-0.00000373,-0.00000122,-0.00000237,-0.00000405,-0.00000168,-0.00000263,-0.00000268,-0.00000005,-0.00000305,-0.00000281,0.00000024,-0.00000673,-0.00580307,-0.00579634,-0.00000518,-0.00000677,-0.00000159,-0.00000151,-1.25078177,-1.25078026,0.00000000,0.00000000,0.00000000,1.25078026,0.15707267,MIXED
R00009[K,p],0.00000000,0.00000000,0.00000000,0.00000000,0.00000000,0.00000000,0.00000000,0.00000000,0.00000000,0.00000000,0.00000000,0.00000000,0.00000000,0.00000000,0.00000000,0.00000000,0.00000000,0.00000000,0.00000000,1.24929830,1.24929830,0.00000000,0.00000000,0.00000000,1.24929830,0.15616229,UP
R00211[K,p],0.13420159,0.13108053,-0.00312106,0.12655060,0.14785730,0.02130670,0.14099995,0.14294222,0.00194227,0.16493089,0.15199142,-0.01293947,0.27297878,0.29287585,0.01989707,0.23901559,0.24751415,0.00849856,0.01986682,1.24226172,1.22239490,0.07997579,0.01864543,-0.06133036,1.22239490,0.16892880,MIXED
cpTransport_C00074[K],0.08419544,0.08828002,0.00408458,0.08281027,0.10181675,0.01900648,0.08228653,0.09121747,0.00893094,0.05978250,0.05883672,-0.00094578,0.21296235,0.17075735,-0.04220500,0.05877068,0.17949759,0.12072691,0.00012693,1.10782224,1.10769531,0.00000000,0.00002102,0.00002102,1.10769531,0.16295200,MIXED
R00200[K,p],0.08398431,0.08803312,0.00404881,0.08257205,0.10153803,0.01896598,0.08202221,0.09094870,0.00892649,0.05952660,0.05855451,-0.00097209,0.21239743,0.17028938,-0.04210805,0.05833587,0.17892946,0.12059359,0.00000000,1.10767262,1.10767262,0.00000000,0.00000000,0.00000000,1.10767262,0.16291095,MIXED
R00009[K,c],0.00000000,0.00000000,0.00000000,0.00000000,0.00000000,0.00000000,0.00000000,0.00000000,0.00000000,0.00000000,0.00000000,0.00000000,0.00000000,0.00000000,0.00000000,0.00000000,0.00000000,0.00000000,0.00000000,0.78584107,0.78584107,0.00000000,0.00000000,0.00000000,0.78584107,0.09823013,UP
R01138[K,c],-0.19041340,-0.13027674,0.06013666,-0.12632234,-0.14643588,-0.02011354,-0.14292662,-0.14321433,-0.00028771,-0.00001140,-0.16102387,-0.16101247,-0.00000031,-0.42343661,-0.42343630,-0.37576310,-1.09006538,-0.71430228,-0.00000606,-0.00000591,0.00000015,-0.24226685,-0.00000957,0.24225728,0.71430228,0.20269330,MIXED
R00770[K,c],0.19040388,0.13026742,-0.06013646,0.12631331,0.14642536,0.02011205,0.14291664,0.14320405,0.00028741,-0.00000030,0.16101322,0.16101352,0.00000000,0.42341551,0.42341551,0.37574235,1.09003857,0.71429622,0.00000000,0.00000000,0.00000000,0.27147026,0.00000000,-0.27147026,0.71429622,0.20634143,MIXED
R00970[K,c],-0.19040388,-0.13026742,0.06013646,-0.12631331,-0.14642536,-0.02011205,-0.14291664,-0.14320405,-0.00028741,0.00000030,-0.16101322,-0.16101352,0.00000000,-0.42341551,-0.42341551,-0.37574235,-1.09003857,-0.71429622,0.00000000,0.00000000,0.00000000,-0.27147026,0.00000000,0.27147026,0.71429622,0.20634143,MIXED
R01549[K,c],0.19040400,0.13026754,-0.06013646,0.12631342,0.14642549,0.02011207,0.14291676,0.14320431,0.00028755,0.00000000,0.16101335,0.16101335,0.00000031,0.42341577,0.42341546,0.37574258,1.09003857,0.71429599,0.00000000,0.00000000,0.00000000,0.24226394,0.00000000,-0.24226394,0.71429599,0.20269060,MIXED
cpTransport_C00009[K],0.14272189,0.12815286,-0.01456903,0.12827203,0.14033753,0.01206550,0.16243686,0.14924173,-0.01319513,0.25848213,0.23050541,-0.02797672,0.00000000,0.36140743,0.36140743,0.00000000,0.42499072,0.42499072,0.00000000,0.45108312,0.45108312,0.00000000,0.00000000,0.00000000,0.45108312,0.16316096,MIXED
cpTransport_C00036[K],-0.10188488,-0.09944312,0.00244176,-0.09603597,-0.11214272,-0.01610675,-0.10752326,-0.10850083,-0.00097757,-0.12621448,-0.11584394,0.01037054,-0.09141891,-0.22207463,-0.13065572,0.00131986,-0.26192597,-0.26324583,0.19010617,-0.14687550,-0.33698167,-0.03877302,-0.00072499,0.03804803,0.33698167,0.09985348,MIXED
R01058[K,c],0.11126731,0.00000000,-0.11126731,0.00000000,0.00000000,0.00000000,0.00000000,0.00000000,0.00000000,0.00000000,0.00000000,0.00000000,0.30426622,0.24291671,-0.06134951,0.00000000,0.29520375,0.29520375,0.11723032,0.00000000,-0.11723032,0.11635060,0.00000000,-0.11635060,0.29520375,0.08767519,MIXED
R01061[K,p],-0.00831075,-0.00813648,0.00017427,-0.00784764,-0.00918477,-0.00133713,-0.00871104,-0.00885665,-0.00014561,-0.01007467,-0.00929736,0.00077731,0.15909119,-0.01842302,-0.17751421,0.21106641,-0.02236962,-0.23343603,0.12994039,-0.00492908,-0.13486947,0.08709507,0.01465051,-0.07244456,0.23343603,0.07758732,MIXED
R01015[K,p],0.00820043,0.00802848,-0.00017195,0.00774343,0.00906286,0.00131943,0.00859542,0.00873909,0.00014367,0.00994095,0.00917392,-0.00076703,-0.15903338,0.01817849,0.17721187,-0.21104262,0.02207199,0.23311461,-0.12992303,0.00486347,0.13478650,-0.08712447,-0.01465624,0.07246823,0.23311461,0.07749791,MIXED
cpTransport_C00111[K],0.00000000,0.00000000,0.00000000,0.00000000,0.00000000,0.00000000,0.00000000,0.00000000,0.00000000,0.00000000,0.00000000,0.00000000,0.18092154,0.00000000,-0.18092154,0.22768252,0.00000000,-0.22768252,0.13477341,0.00000000,-0.13477341,0.08952159,0.01547258,-0.07404901,0.22768252,0.07717831,DOWN
cpTransport_C00236[K],0.01678825,0.01643530,-0.00035295,0.01585253,0.01855316,0.00270063,0.01759594,0.01789122,0.00029528,0.02035075,0.01878046,-0.00157029,-0.15901703,0.03721452,0.19623155,-0.19416998,0.02244420,0.21661418,-0.12992373,0.00494552,0.13486925,-0.08708696,-0.01464775,0.07243921,0.21661418,0.07813417,MIXED
R00014[K,p],0.00000000,0.00000000,0.00000000,0.00000000,0.00000000,0.00000000,0.00000000,0.00000000,0.00000000,0.00000000,0.00000063,0.00000063,0.17172885,0.00000000,-0.17172885,0.00000115,0.00000000,-0.00000115,0.00000000,0.00000033,0.00000033,0.00000016,0.00000006,-0.00000010,0.17172885,0.02146638,MIXED
R04672[K,p],0.00000000,0.00000000,0.00000000,0.00000000,0.00000000,0.00000000,0.00000000,0.00000000,0.00000000,0.00000000,0.00000000,0.00000000,0.17172885,0.00000000,-0.17172885,0.00000000,0.00000000,0.00000000,0.00000000,0.00000000,0.00000000,0.00000000,0.00000000,0.00000000,0.17172885,0.02146611,DOWN
R03968[K,c],0.00000000,0.00000000,0.00000000,0.00000000,0.00000000,0.00000000,0.00000000,0.00000000,0.00000000,0.00000000,0.00000000,0.00000000,0.17171630,0.00000000,-0.17171630,0.02699756,0.14499730,0.11799974,0.00980896,0.00000000,-0.00980896,0.00477127,0.00000000,-0.00477127,0.17171630,0.03803703,MIXED
R04001[K,c],0.00000000,0.00000000,0.00000000,0.00000000,0.00000000,0.00000000,0.07717384,0.00000000,-0.07717384,0.00000000,0.00000000,0.00000000,0.17171630,0.00000000,-0.17171630,0.02699756,0.14499730,0.11799974,0.00980896,0.00972768,-0.00008128,0.00477127,0.00000000,-0.00477127,0.17171630,0.04646780,MIXED
cpTransport_C02504[K],0.00000000,0.00000000,0.00000000,0.00000000,0.00000000,0.00000000,0.00000000,0.00000000,0.00000000,0.00000000,0.00000000,0.00000000,-0.17171630,0.00000000,0.17171630,-0.02699756,-0.14499730,-0.11799974,-0.00980896,0.00000000,0.00980896,-0.00477127,0.00000000,0.00477127,0.17171630,0.03803703,MIXED
cpTransport_C04411[K],0.07555722,0.07580766,0.00025044,0.07237814,0.08625846,0.01388032,0.00000000,0.08097796,0.08097796,0.07809552,0.07334527,-0.00475025,0.00000000,0.16038189,0.16038189,0.00000000,0.00000000,0.00000000,0.00000000,0.00000000,0.00000000,0.00000000,0.00000000,0.00000000,0.16038189,0.03253011,MIXED
R00754[K,p],-0.13447732,-0.13134917,0.00312815,-0.12681099,-0.14816086,-0.02134987,-0.14128889,-0.14323617,-0.00194728,-0.16526523,-0.15229992,0.01296531,-0.27286882,-0.29348699,-0.02061817,-0.23893096,-0.24751942,-0.00858846,-0.01984197,-0.16813928,-0.14829731,-0.13077055,-0.01864134,0.11212921,0.14829731,0.04112797,MIXED
MR00856[K,p],0.13420159,0.13108053,-0.00312106,0.12655060,0.14785744,0.02130684,0.14099995,0.14294236,0.00194241,0.16493104,0.15199142,-0.01293962,0.27297878,0.29287585,0.01989707,0.23901559,0.24751415,0.00849856,0.01986661,0.16816366,0.14829705,0.13083230,0.01864543,-0.11218687,0.14829705,0.04102368,MIXED
R01626[K,p],0.09841259,0.08029086,-0.01812173,0.07744014,0.09063540,0.01319526,0.12034498,0.12235654,0.00201156,0.09941698,0.09174613,-0.00767085,0.21947629,0.25451818,0.03504189,0.16892756,0.30903112,0.14010356,0.06899910,0.07781470,0.00881560,0.02397306,0.01142971,-0.01254335,0.14010356,0.02968797,MIXED
cpTransport_C00014[K],0.00000000,0.00000000,0.00000000,0.00000000,0.00000000,0.00000000,0.00000000,0.00000000,0.00000000,0.00000000,0.00000000,0.00000000,0.00000000,0.00000000,0.00000000,0.00000000,0.00000000,0.00000000,0.00000000,0.00000000,0.00000000,0.12124068,0.00045305,-0.12078763,0.12078763,0.01509845,DOWN
R04426[K,m],0.07555722,0.07580766,0.00025044,0.07237814,0.08625846,0.01388032,0.07717384,0.08097796,0.00380412,0.07809552,0.07334527,-0.00475025,0.17171630,0.16038189,-0.01133441,0.02699756,0.14499730,0.11799974,0.00980896,0.00972768,-0.00008128,0.00477127,0.00000000,-0.00477127,0.11799974,0.01960898,MIXED
cmTransport_C04236[K],-0.07555722,-0.07580766,-0.00025044,-0.07237814,-0.08625846,-0.01388032,-0.07717384,-0.08097796,-0.00380412,-0.07809552,-0.07334527,0.00475025,-0.17171630,-0.16038189,0.01133441,-0.02699756,-0.14499730,-0.11799974,-0.00980896,-0.00972768,0.00008128,-0.00477127,0.00000000,0.00477127,0.11799974,0.01960898,MIXED
cmTransport_C04411[K],0.07555722,0.07580766,0.00025044,0.07237814,0.08625846,0.01388032,0.07717384,0.08097796,0.00380412,0.07809552,0.07334527,-0.00475025,0.17171630,0.16038189,-0.01133441,0.02699756,0.14499730,0.11799974,0.00980896,0.00972768,-0.00008128,0.00477127,0.00000000,-0.00477127,0.11799974,0.01960898,MIXED
cpTransport_C04236[K],0.07555722,0.07580766,0.00025044,0.07237814,0.08625846,0.01388032,0.07717384,0.08097796,0.00380412,0.07809552,0.07334527,-0.00475025,0.17171630,0.16038189,-0.01133441,0.02699756,0.14499730,0.11799974,0.00980896,0.00972768,-0.00008128,0.00477127,0.00000000,-0.00477127,0.11799974,0.01960898,MIXED
R00124[K,p],-0.05760289,-0.05058673,0.00701616,-0.05112364,-0.05494110,-0.00381746,-0.06677694,-0.05993786,0.00683908,-0.11256386,-0.09983714,0.01272672,-0.16687439,-0.15020667,0.01666772,-0.20011413,-0.19820494,0.00190919,-0.17316605,-0.22236735,-0.04920130,-0.13177598,-0.01495758,0.11681840,0.11681840,0.02687450,MIXED
R00210[K,p],0.07292845,0.07353971,0.00061126,0.07006836,0.08380953,0.01374117,0.07408446,0.07825079,0.00416633,0.07266288,0.06854601,-0.00411687,0.26827720,0.15917540,-0.10910180,0.18609435,0.28473862,0.09864427,0.03645951,0.00000000,-0.03645951,0.06016914,0.00439974,-0.05576940,0.10910180,0.04032633,MIXED
Exchange_C00064[K,L],0.00000000,0.05386511,0.05386511,0.05213369,0.06063235,0.00849866,0.05846622,0.05901393,0.00054771,0.07040527,0.06486380,-0.00554147,0.00000000,0.00000000,0.00000000,0.10022128,0.00000000,-0.10022128,0.00000000,0.00000000,0.00000000,0.00000000,0.00387724,0.00387724,0.10022128,0.02156893,MIXED
ExB_C00064[K],0.00014856,0.05401053,0.05386197,0.05227400,0.06079651,0.00852251,0.05862190,0.05917223,0.00055033,0.07058533,0.06503002,-0.00555531,0.00039749,0.00032927,-0.00006822,0.10052723,0.00039976,-0.10012747,0.00008931,0.00008813,-0.00000118,0.00004345,0.00389203,0.00384858,0.10012747,0.02156695,MIXED
R00253[K,c],0.00000000,0.05401053,0.05401053,0.05227400,0.06079651,0.00852251,0.05862190,0.05917223,0.00055033,0.07058533,0.06503002,-0.00555531,0.00000000,0.00032927,0.00032927,0.10052723,0.00039976,-0.10012747,0.00000000,0.00008813,0.00008813,0.00000000,0.00389203,0.00389203,0.10012747,0.02163445,MIXED
R00281[K,p],-0.13102900,-0.12828070,0.00274830,-0.12372654,-0.14480861,-0.02108207,-0.13733720,-0.13963702,-0.00229982,-0.15883470,-0.14657894,0.01225576,-0.30718536,-0.29045753,0.01672783,-0.20319510,-0.29999497,-0.09679987,-0.07893396,-0.05850222,0.02043174,-0.03844473,-0.01308338,0.02536135,0.09679987,0.02471334,MIXED
R00156[K,p],0.00012482,0.00012242,-0.00000240,0.00011809,0.00013793,0.00001984,0.00013167,0.00013252,0.00000085,0.00015170,0.00014034,-0.00001136,0.00033636,0.00027729,-0.00005907,0.00025882,0.00033920,0.00008038,0.08294572,0.00007384,-0.08287188,0.00000000,0.00000000,0.00000000,0.08287188,0.01038072,MIXED
cpTransport_C00015[K],0.00000000,0.00000000,0.00000000,0.00000000,0.00000000,0.00000000,0.00000000,0.00000000,0.00000000,0.00000000,0.00000000,0.00000000,0.00000000,0.00000000,0.00000000,0.00000000,0.00000000,0.00000000,0.08287153,0.00000000,-0.08287153,0.00000000,0.00000000,0.00000000,0.08287153,0.01035894,DOWN
cpTransport_C00075[K],0.00000000,0.00000000,0.00000000,0.00000101,0.00000014,-0.00000087,0.00000014,0.00000000,-0.00000014,0.00000000,0.00000000,0.00000000,0.00000000,0.00000000,0.00000000,0.00000000,0.00000000,0.00000000,-0.08287153,0.00000000,0.08287153,-0.02920628,0.00000000,0.02920628,0.08287153,0.01400985,MIXED
R00115[K,p],0.13112949,0.12838137,-0.00274812,0.12382201,0.14492162,0.02109961,0.13744348,0.13974231,0.00229883,0.15895720,0.14669283,-0.01226437,0.37297489,0.29068648,-0.08228841,0.30434664,0.38038945,0.07604281,0.07896606,0.08762921,0.00866315,0.03840754,0.01308661,-0.02532093,0.08228841,0.02884078,MIXED
R01875[K,p],0.13111867,0.12837105,-0.00274762,0.12381205,0.14490967,0.02109762,0.13743243,0.13973112,0.00229869,0.15894408,0.14668072,-0.01226336,0.37294595,0.29066251,-0.08228344,0.30432437,0.38036011,0.07603574,0.07896068,0.08762280,0.00866212,0.03840754,0.01308553,-0.02532201,0.08228344,0.02883882,MIXED
R00864[K,p],0.13139244,0.12863841,-0.00275403,0.12407059,0.14521156,0.02114097,0.13771933,0.14002285,0.00230352,0.15927590,0.14698704,-0.01228886,0.37294595,0.29126930,-0.08167665,0.30432437,0.38036011,0.07603574,0.07896075,0.08762280,0.00866205,0.03840754,0.01308553,-0.02532201,0.08167665,0.02877298,MIXED
R03533[K,p],-0.13139244,-0.12863841,0.00275403,-0.12407059,-0.14521156,-0.02114097,-0.13771933,-0.14002285,-0.00230352,-0.15927590,-0.14698704,0.01228886,-0.37294595,-0.29126930,0.08167665,-0.30432437,-0.38036011,-0.07603574,-0.07896075,-0.08762280,-0.00866205,-0.03840754,-0.01308553,0.02532201,0.08167665,0.02877298,MIXED
R03968[K,p],0.00000000,0.00000000,0.00000000,0.00000000,0.00000000,0.00000000,0.07717384,0.00000000,-0.07717384,0.00000000,0.00000000,0.00000000,0.00000000,0.00000000,0.00000000,0.04587777,0.00000000,-0.04587777,0.00000000,0.00972768,0.00972768,0.00000000,0.00000000,0.00000000,0.07717384,0.01659741,MIXED
cpTransport_C02631[K],0.00000000,0.00000000,0.00000000,0.00000000,0.00000000,0.00000000,0.07717384,0.00000000,-0.07717384,0.00000000,0.00000000,0.00000000,0.00000000,0.00000000,0.00000000,0.00000000,0.00000000,0.00000000,0.00000000,0.00972768,0.00972768,0.00000000,0.00000000,0.00000000,0.07717384,0.01086269,MIXED
MR00856[K,c],0.00000000,0.00000000,0.00000000,0.00000000,0.00000000,0.00000000,0.00000000,0.00000000,0.00000000,0.00000000,0.00000000,0.00000000,0.00304182,0.00000000,-0.00304182,0.00420785,0.05346495,0.04925710,0.09261466,0.16811490,0.07550024,0.00000000,0.00000000,0.00000000,0.07550024,0.01597490,MIXED
R00754[K,c],-0.00027573,-0.00026864,0.00000709,-0.00026039,-0.00030342,-0.00004303,-0.00028895,-0.00029382,-0.00000487,-0.00033419,-0.00030850,0.00002569,0.00315178,-0.00061113,-0.00376291,0.00429249,0.05345968,0.04916719,0.09263930,0.16813928,0.07549998,0.00006175,0.00000409,-0.00005766,0.07549998,0.01607105,MIXED
MR00121[K,p],0.11485391,0.11244680,-0.00240711,0.10845358,0.12693372,0.01848014,0.12038641,0.12239794,0.00201153,0.13923086,0.12848844,-0.01074242,0.32925116,0.25460740,-0.07464376,0.27025785,0.33584644,0.06558859,0.06902198,0.07781470,0.00879272,0.03357315,0.01143373,-0.02213942,0.07464376,0.02560071,MIXED
MR00732[K,p],0.11485391,0.11244680,-0.00240711,0.10845358,0.12693372,0.01848014,0.12038641,0.12239794,0.00201153,0.13923086,0.12848844,-0.01074242,0.32925116,0.25460740,-0.07464376,0.27025785,0.33584644,0.06558859,0.06902198,0.07781470,0.00879272,0.03357315,0.01143373,-0.02213942,0.07464376,0.02560071,MIXED
R10092[K,p],0.11485391,0.11244680,-0.00240711,0.10845358,0.12693372,0.01848014,0.12038641,0.12239794,0.00201153,0.13923086,0.12848844,-0.01074242,0.32925116,0.25460740,-0.07464376,0.27025785,0.33584644,0.06558859,0.06902198,0.07781470,0.00879272,0.03357315,0.01143373,-0.02213942,0.07464376,0.02560071,MIXED
MR00663[K,m],0.08021236,0.07730932,-0.00290304,0.07505465,0.08681588,0.01176123,0.08542225,0.08517661,-0.00024564,0.10623254,0.09718507,-0.00904747,0.18637597,0.18255040,-0.00382557,0.07529005,0.14499730,0.06970725,0.00985702,0.00972768,-0.00012934,0.00479461,0.00163282,-0.00316179,0.06970725,0.01259767,MIXED
MR00696[K,m],0.08021236,0.07730932,-0.00290304,0.07505465,0.08681588,0.01176123,0.08542225,0.08517661,-0.00024564,0.10623254,0.09718507,-0.00904747,0.18637597,0.18255040,-0.00382557,0.07529005,0.14499730,0.06970725,0.00985702,0.00972768,-0.00012934,0.00479461,0.00163282,-0.00316179,0.06970725,0.01259767,MIXED
cmTransport_C00011[K],0.07555722,0.07580703,0.00024981,0.07237814,0.08625783,0.01387969,0.07717384,0.08097796,0.00380412,0.07809552,0.07334527,-0.00475025,0.17915290,0.16038189,-0.01877101,0.07529005,0.14499730,0.06970725,0.00985702,0.00972768,-0.00012934,0.00479461,0.00163282,-0.00316179,0.06970725,0.01430666,MIXED
cmTransport_C00022[K],0.08021236,0.07730932,-0.00290304,0.07505465,0.08681588,0.01176123,0.08542225,0.08517661,-0.00024564,0.10623254,0.09718507,-0.00904747,0.20124918,0.18255040,-0.01869878,0.27256663,0.20560813,-0.06695850,0.01000117,0.00972768,-0.00027349,0.00486463,0.01650274,0.01163811,0.06695850,0.01519078,MIXED
ExB_C00025[K],0.00003676,0.00003598,-0.00000078,0.00003472,0.00004062,0.00000590,0.00003852,0.00003917,0.00000065,0.00004455,0.00004113,-0.00000342,0.00009835,0.00008147,-0.00001688,0.00007570,0.06009523,0.06001953,0.00002210,0.00002180,-0.00000030,0.00001075,0.00769940,0.00768865,0.06001953,0.00846701,MIXED
Exchange_C00025[K,L],0.00000000,0.00000000,0.00000000,0.00000000,0.00000000,0.00000000,0.00000000,0.00000000,0.00000000,0.00000000,0.00000000,0.00000000,0.00000000,0.00000000,0.00000000,0.00000000,0.05999632,0.05999632,0.00000000,0.00000000,0.00000000,0.00000000,0.00769574,0.00769574,0.05999632,0.00846151,UP
PhloemImport_C00025[K,c],0.00473495,0.05558589,0.05085094,0.05502592,0.06143768,0.00641176,0.06695395,0.06345593,-0.00349802,0.09881909,0.08895912,-0.00985997,0.00000000,0.02267468,0.02267468,0.00000000,0.00000000,0.00000000,0.00000000,0.00013547,0.00013547,0.00000000,0.00000000,0.00000000,0.05085094,0.01167886,MIXED
PhloemTransport_C00025[K,c],0.00473495,0.05558589,0.05085094,0.05502592,0.06143768,0.00641176,0.06695395,0.06345593,-0.00349802,0.09881909,0.08895912,-0.00985997,0.00000000,0.02267468,0.02267468,0.00000000,0.00000000,0.00000000,0.00000000,0.00013547,0.00013547,0.00000000,0.00000000,0.00000000,0.05085094,0.01167886,MIXED
R00210[K,m],0.00000000,0.00000000,0.00000000,0.00000000,0.00000000,0.00000000,0.00000000,0.00000000,0.00000000,0.00000000,0.00000000,0.00000000,0.00743661,0.00000000,-0.00743661,0.04829250,0.00000000,-0.04829250,0.00004805,0.00000000,-0.00004805,0.00002334,0.00162853,0.00160519,0.04829250,0.00717279,MIXED
R00342[K,m],0.00000000,0.00000000,0.00000000,0.00000000,0.00000000,0.00000000,0.00000000,0.00000000,0.00000000,0.00000000,0.00000000,0.00000000,0.00743661,0.00000000,-0.00743661,0.04829250,0.00000000,-0.04829250,0.00004805,0.00000000,-0.00004805,0.00002334,0.00161996,0.00159662,0.04829250,0.00717172,MIXED
R00351[K,m],0.00000000,0.00000000,0.00000000,0.00000000,0.00000000,0.00000000,0.00000000,0.00000000,0.00000000,0.00000000,0.00000000,0.00000000,-0.00743661,0.00000000,0.00743661,-0.04829250,0.00000000,0.04829250,-0.00004805,0.00000000,0.00004805,-0.00002334,-0.00162853,-0.00160519,0.04829250,0.00717279,MIXED
cmTransport_C00001[K],0.00232757,0.00074925,-0.00157832,0.00133823,0.00027712,-0.00106111,0.00412421,0.00209933,-0.00202488,0.01406851,0.01191990,-0.00214861,0.01104814,0.01108425,0.00003611,0.04829250,0.00000000,-0.04829250,0.00004805,0.00000000,-0.00004805,0.00002334,0.00163282,0.00160948,0.04829250,0.00709988,MIXED
ExB_C00002[K],0.00794459,0.00777696,-0.00016763,0.00750333,0.00877919,0.00127586,0.00832555,0.00846584,0.00014029,0.00962914,0.00888904,-0.00074010,0.02125700,0.01760885,-0.00364815,0.01636144,0.02137805,0.00501661,0.00477635,0.00471275,-0.00006360,0.04905954,0.00079104,-0.04826850,0.04826850,0.00741509,MIXED
PhloemImport_C00008_I[K,c],0.00011092,0.00010858,-0.00000234,0.00010478,0.00000000,-0.00010478,0.00011624,0.00011820,0.00000196,0.00013444,0.00012411,-0.00001033,0.00000000,0.00000000,0.00000000,0.00022901,0.00000000,-0.00022901,0.00000000,0.00000000,0.00000000,0.04676864,0.00001536,-0.04675328,0.04675328,0.00588771,MIXED
PhloemTransport_C00008[K,c],0.00011092,0.00010858,-0.00000234,0.00010478,0.00000000,-0.00010478,0.00011624,0.00011820,0.00000196,0.00013444,0.00012411,-0.00001033,0.00000000,0.00000000,0.00000000,0.00022901,0.00000000,-0.00022901,0.00000000,0.00000000,0.00000000,0.04676864,0.00001536,-0.04675328,0.04675328,0.00588771,MIXED
Exchange_C00002[K,L],0.00000000,0.00000000,0.00000000,0.00000000,0.00000000,0.00000000,0.00000000,0.00000000,0.00000000,0.00000000,0.00000000,0.00000000,0.00000000,0.00000000,0.00000000,0.00000000,0.00000000,0.00000000,0.00000000,0.00000000,0.00000000,0.04673612,0.00000000,-0.04673612,0.04673612,0.00584201,DOWN
R04001[K,p],0.00000000,0.00000000,0.00000000,0.00000000,0.00000000,0.00000000,0.00000000,0.00000000,0.00000000,0.00000000,0.00000000,0.00000000,0.00000000,0.00000000,0.00000000,0.04587777,0.00000000,-0.04587777,0.00000000,0.00000000,0.00000000,0.00000000,0.00000000,0.00000000,0.04587777,0.00573472,DOWN
cmTransport_C00009[K],0.01375430,0.00429261,-0.00946169,0.00782999,0.00143323,-0.00639676,0.02452398,0.01237098,-0.01215300,0.08415518,0.07128318,-0.01287200,0.02110428,0.06603756,0.04493328,-0.00043481,-0.00056813,-0.00013332,0.00000000,-0.00012524,-0.00012524,0.00000000,0.00003429,0.00003429,0.04493328,0.01076370,MIXED
R04726[K,p],0.01640210,0.00000000,-0.01640210,0.00000000,0.00000000,0.00000000,0.01719214,0.01747951,0.00028737,0.00000000,0.00000000,0.00000000,0.00000000,0.03635974,0.03635974,0.00000000,0.04414730,0.04414730,0.00985702,0.00972768,-0.00012934,0.00000000,0.00163282,0.00163282,0.04414730,0.01236983,MIXED
R04957[K,p],0.00000000,0.00000000,0.00000000,0.00000000,0.00000000,0.00000000,0.01719214,0.01747951,0.00028737,0.00000000,0.00000000,0.00000000,0.00000000,0.03635974,0.03635974,0.00000000,0.04414730,0.04414730,0.00985702,0.00972768,-0.00012934,0.00000000,0.00163282,0.00163282,0.04414730,0.01031957,MIXED
MR00684[K,p],0.01640210,0.01605817,-0.00034393,0.01548803,0.01812708,0.00263905,0.00000000,0.00000000,0.00000000,0.01988340,0.01834923,-0.00153417,0.04389526,0.00000000,-0.04389526,0.03378551,0.00000000,-0.03378551,0.00000000,0.00000000,0.00000000,0.00479461,0.00000000,-0.00479461,0.04389526,0.01087407,MIXED
MR00687[K,p],0.00000000,0.01605817,0.01605817,0.01548803,0.01812708,0.00263905,0.00000000,0.00000000,0.00000000,0.01988340,0.01834923,-0.00153417,0.04389526,0.00000000,-0.04389526,0.03378551,0.00000000,-0.03378551,0.00000000,0.00000000,0.00000000,0.00479461,0.00000000,-0.00479461,0.04389526,0.01283835,MIXED
R00267_mod[K,m],0.00000000,0.00000000,0.00000000,0.00000000,0.00000000,0.00000000,0.00000000,0.00000000,0.00000000,0.00000000,0.00000000,0.00000000,0.00000000,0.00000000,0.00000000,0.10069159,0.06061083,-0.04008076,0.00004805,0.00000000,-0.00004805,0.00002334,0.01161287,0.01158953,0.04008076,0.00646479,MIXED
R01325[K,m],0.00000000,0.00000000,0.00000000,0.00000000,0.00000000,0.00000000,0.00000000,0.00000000,0.00000000,0.00000000,0.00000000,0.00000000,0.00000000,0.00000000,0.00000000,0.10069159,0.06061083,-0.04008076,0.00004805,0.00000000,-0.00004805,0.00002334,0.01161287,0.01158953,0.04008076,0.00646479,MIXED
R01900_mod[K,m],0.00000000,0.00000000,0.00000000,0.00000000,0.00000000,0.00000000,0.00000000,0.00000000,0.00000000,0.00000000,0.00000000,0.00000000,0.00000000,0.00000000,0.00000000,-0.10069159,-0.06061083,0.04008076,-0.00004805,0.00000000,0.00004805,-0.00002334,-0.01161287,-0.01158953,0.04008076,0.00646479,MIXED
cmTransport_C00026[K],0.00465514,0.00149913,-0.00315601,0.00267651,0.00055488,-0.00212163,0.00824841,0.00419865,-0.00404976,0.02813703,0.02383980,-0.00429723,0.00722306,0.02216851,0.01494545,-0.10069159,-0.06061083,0.04008076,-0.00004805,0.00000000,0.00004805,-0.00002334,-0.01160858,-0.01158524,0.04008076,0.01003552,MIXED
cmTransport_C00149[K],-0.08486751,-0.07880782,0.00605969,-0.07773111,-0.08737012,-0.00963901,-0.09367066,-0.08937527,0.00429539,-0.13436957,-0.12102488,0.01334469,-0.19359903,-0.20471891,-0.01111988,-0.17598164,-0.20560813,-0.02962649,-0.00990507,-0.00972768,0.00017739,-0.00481795,-0.01327140,-0.00845345,0.02962649,0.01033950,MIXED
R00756[K,p],0.00000000,0.00000000,0.00000000,0.00000000,0.00000000,0.00000000,0.00000000,0.00000000,0.00000000,0.00000000,0.00000000,0.00000000,0.00005782,0.00000000,-0.00005782,0.00025158,0.00000000,-0.00025158,0.00007776,0.00000000,-0.00007776,0.02924219,0.00001245,-0.02922974,0.02922974,0.00370211,DOWN
R00769[K,p],0.00000000,0.00000000,0.00000000,0.00000000,0.00000000,0.00000000,0.00000000,0.00000000,0.00000000,0.00000000,0.00000000,0.00000000,0.00000000,0.00000000,0.00000000,0.00000000,0.00000000,0.00000000,0.00000000,0.00000000,0.00000000,0.02924219,0.00001245,-0.02922974,0.02922974,0.00365372,DOWN
PhloemImport_C00105_I[K,c],0.00000000,0.00000000,0.00000000,0.00000000,0.00000000,0.00000000,0.00000000,0.00000000,0.00000000,0.00000000,0.00000000,0.00000000,0.00000000,0.00000000,0.00000000,0.00000000,0.00000000,0.00000000,0.00000000,0.00000000,0.00000000,0.02920632,0.00000000,-0.02920632,0.02920632,0.00365079,DOWN
PhloemTransport_C00105[K,c],0.00000000,0.00000000,0.00000000,0.00000000,0.00000000,0.00000000,0.00000000,0.00000000,0.00000000,0.00000000,0.00000000,0.00000000,0.00000000,0.00000000,0.00000000,0.00000000,0.00000000,0.00000000,0.00000000,0.00000000,0.00000000,0.02920632,0.00000000,-0.02920632,0.02920632,0.00365079,DOWN
R00158[K,p],0.00000000,0.00000000,0.00000000,0.00000000,0.00000000,0.00000000,0.00000000,0.00000000,0.00000000,0.00000000,0.00000000,0.00000000,0.00000000,0.00000000,0.00000000,0.00000000,0.00000000,0.00000000,0.00000000,0.00000000,0.00000000,0.02920632,0.00000000,-0.02920632,0.02920632,0.00365079,DOWN
R00964[K,p],0.00000000,0.00000013,0.00000013,0.00000012,0.00000014,0.00000002,0.00000014,0.00000014,0.00000000,0.00000016,0.00000000,-0.00000016,0.00000000,0.00000000,0.00000000,0.00000000,0.00000035,0.00000035,0.00000000,0.00000000,0.00000000,0.02920632,0.00000000,-0.02920632,0.02920632,0.00365087,MIXED
cpTransport_C00299[K],0.00000000,0.00000000,0.00000000,0.00000000,0.00000000,0.00000000,0.00000000,0.00000000,0.00000000,0.00000000,0.00000000,0.00000000,0.00000000,0.00000000,0.00000000,0.00000000,0.00000000,0.00000000,0.00000000,0.00000000,0.00000000,0.02920632,0.00000000,-0.02920632,0.02920632,0.00365079,DOWN
ExB_C00075[K],0.00000067,0.00000000,-0.00000067,0.00000000,0.00000074,0.00000074,0.00000070,0.00000071,0.00000001,0.00000081,0.00000075,-0.00000006,0.00000179,0.00000149,-0.00000030,0.00000138,0.00000180,0.00000042,0.00000000,0.00000040,0.00000040,0.02920628,0.00000007,-0.02920621,0.02920621,0.00365110,MIXED
Exchange_C00075[K,L],0.00000000,-0.00000066,-0.00000066,-0.00000063,0.00000000,0.00000063,0.00000000,0.00000000,0.00000000,0.00000000,0.00000000,0.00000000,0.00000000,0.00000000,0.00000000,0.00000000,0.00000000,0.00000000,-0.00000040,0.00000000,0.00000040,0.02920609,0.00000000,-0.02920609,0.02920609,0.00365097,MIXED
R00124[K,m],0.00677158,0.00204297,-0.00472861,0.00381529,0.00059996,-0.00321533,0.01215136,0.00607300,-0.00607836,0.04194964,0.03552347,-0.00642617,0.01026968,0.03278480,0.02251512,-0.00043481,-0.00056813,-0.00013332,0.00000000,-0.00012524,-0.00012524,0.00000000,0.00001715,0.00001715,0.02251512,0.00540491,MIXED
PhloemImport_C00065[K,c],0.00000000,0.00000000,0.00000000,0.00000000,0.00000000,0.00000000,0.00000000,0.00000000,0.00000000,0.00000000,0.00000000,0.00000000,0.02187814,0.00000000,-0.02187814,0.00000000,0.02200293,0.02200293,0.00491437,0.00484886,-0.00006551,0.00239052,0.00081389,-0.00157663,0.02200293,0.00569040,MIXED
PhloemTransport_C00065[K,c],0.00000000,0.00000000,0.00000000,0.00000000,0.00000000,0.00000000,0.00000000,0.00000000,0.00000000,0.00000000,0.00000000,0.00000000,0.02187814,0.00000000,-0.02187814,0.00000000,0.02200293,0.02200293,0.00491437,0.00484886,-0.00006551,0.00239052,0.00081389,-0.00157663,0.02200293,0.00569040,MIXED
MR00681[K,p],0.00003922,0.00003959,0.00000037,0.00003738,0.00004415,0.00000677,0.00004143,0.00004140,-0.00000003,0.00004709,0.00004387,-0.00000322,0.02198436,0.00008922,-0.02189514,0.03375927,0.02681532,-0.00694395,0.00002287,0.00000000,-0.00002287,0.00001088,0.00000402,-0.00000686,0.02189514,0.00360990,MIXED
R07763[K,p],0.00003922,0.00003959,0.00000037,0.00003738,0.00004415,0.00000677,0.00004143,0.00004140,-0.00000003,0.00004709,0.00004387,-0.00000322,0.02198436,0.00008922,-0.02189514,0.03375927,0.02681532,-0.00694395,0.00002287,0.00972097,0.00969810,0.00001088,0.00000402,-0.00000686,0.02189514,0.00481930,MIXED
R07764[K,p],0.00003922,0.00003959,0.00000037,0.00003738,0.00004415,0.00000677,0.00004143,0.00004140,-0.00000003,0.00004709,0.00004387,-0.00000322,0.02198436,0.00008922,-0.02189514,0.03375927,0.02681532,-0.00694395,0.00002287,0.00972097,0.00969810,0.00001088,0.00000402,-0.00000686,0.02189514,0.00481930,MIXED
R07765[K,p],0.00003922,0.00003959,0.00000037,0.00003738,0.00004415,0.00000677,0.00004143,0.00004140,-0.00000003,0.00004709,0.00004387,-0.00000322,0.02198436,0.00008922,-0.02189514,0.03375927,0.02681532,-0.00694395,0.00002287,0.00972097,0.00969810,0.00001088,0.00000402,-0.00000686,0.02189514,0.00481930,MIXED
R03370[K,p],0.00003920,0.00003957,0.00000037,0.00003737,0.00004413,0.00000676,0.00004141,0.00004138,-0.00000003,0.00004706,0.00004385,-0.00000321,0.02198431,0.00008918,-0.02189513,0.03375923,0.02681527,-0.00694396,0.00002286,0.00972095,0.00969809,0.00001087,0.00000402,-0.00000685,0.02189513,0.00481930,MIXED
MR01076[K,p],0.00000931,0.00000984,0.00000053,0.00000879,0.00001110,0.00000231,0.00001098,0.00000992,-0.00000106,0.00001308,0.00001207,-0.00000101,0.02190190,0.00002227,-0.02187963,0.03369543,0.02673070,-0.00696473,0.00000570,0.00970271,0.00969701,0.00000277,0.00000111,-0.00000166,0.02187963,0.00481849,MIXED
MR01078[K,p],0.00000931,0.00000984,0.00000053,0.00000879,0.00001110,0.00000231,0.00001098,0.00000992,-0.00000106,0.00001308,0.00001207,-0.00000101,0.02190190,0.00002227,-0.02187963,0.03369543,0.02673070,-0.00696473,0.00000570,0.00970271,0.00969701,0.00000277,0.00000111,-0.00000166,0.02187963,0.00481849,MIXED
MR01079[K,p],0.00000931,0.00000984,0.00000053,0.00000879,0.00001110,0.00000231,0.00001098,0.00000992,-0.00000106,0.00001308,0.00001207,-0.00000101,0.02190190,0.00002227,-0.02187963,0.03369543,0.02673070,-0.00696473,0.00000570,0.00970271,0.00969701,0.00000277,0.00000111,-0.00000166,0.02187963,0.00481849,MIXED
cpTransport_C06427[K],0.00000931,0.00000984,0.00000053,0.00000879,0.00001110,0.00000231,0.00001098,0.00000992,-0.00000106,0.00001308,0.00001207,-0.00000101,0.02190190,0.00002227,-0.02187963,0.03369543,0.02673070,-0.00696473,0.00000570,0.00970271,0.00969701,0.00000277,0.00000111,-0.00000166,0.02187963,0.00481849,MIXED
MR01288[K,c],0.00000868,0.00000922,0.00000054,0.00000820,0.00001040,0.00000220,0.00001031,0.00000925,-0.00000106,0.00001231,0.00001136,-0.00000095,0.02190021,0.00002087,-0.02187934,0.03369413,0.02672899,-0.00696514,0.00000532,0.00970234,0.00969702,0.00000259,0.00000105,-0.00000154,0.02187934,0.00481847,MIXED
16:0/18:3-PEdegradation[K],0.00000000,0.00000000,0.00000000,0.00000000,0.00000000,0.00000000,0.00000000,0.00000000,0.00000000,0.00000000,0.00000000,0.00000000,0.02187667,0.00000000,-0.02187667,0.00000000,0.01729753,0.01729753,0.00000000,0.00000000,0.00000000,0.00000000,0.00000000,0.00000000,0.02187667,0.00489677,MIXED
MR01164[K,c],0.00000000,0.00000000,0.00000000,0.00000000,0.00000000,0.00000000,0.00000000,0.00000000,0.00000000,0.00000000,0.00000000,0.00000000,0.02187667,0.00000000,-0.02187667,0.00000000,0.01729753,0.01729753,0.00000000,0.00000000,0.00000000,0.00000000,0.00000000,0.00000000,0.02187667,0.00489677,MIXED
MR01096[K,c],0.00000000,0.00000073,0.00000073,0.00000000,0.00000081,0.00000081,0.00000000,0.00000000,0.00000000,0.00000000,0.00000000,0.00000000,0.02187667,0.00000163,-0.02187504,0.00000000,0.01729874,0.01729874,0.00000000,0.00000000,0.00000000,0.00000000,0.00000000,0.00000000,0.02187504,0.00489691,MIXED
MR01104[K,c],0.00000000,0.00000073,0.00000073,0.00000000,0.00000081,0.00000081,0.00000000,0.00000000,0.00000000,0.00000000,0.00000000,0.00000000,0.02187667,0.00000163,-0.02187504,0.00000000,0.01729874,0.01729874,0.00000000,0.00000000,0.00000000,0.00000000,0.00000000,0.00000000,0.02187504,0.00489691,MIXED
Exchange_183PE[K,L],-0.00000074,0.00000000,0.00000074,-0.00000070,0.00000000,0.00000070,-0.00000077,-0.00000079,-0.00000002,-0.00000089,-0.00000007,0.00000082,0.02187470,0.00000000,-0.02187470,0.03367474,0.02670333,-0.00697141,-0.00000045,0.00969675,0.00969720,-0.00000003,-0.00000007,-0.00000004,0.02187470,0.00481820,MIXED
R00004[K,p],0.01864042,0.01824977,-0.00039065,0.01760197,0.02060099,0.00299902,0.01953715,0.01986385,0.00032670,0.02259495,0.02085266,-0.00174229,0.02800962,0.04131987,0.01331025,0.00472071,0.02346755,0.01874684,0.01120064,0.00135799,-0.00984265,0.00557165,0.00185560,-0.00371605,0.01874684,0.00638431,MIXED
R00582[K,p],0.00844978,0.00827169,-0.00017809,0.00797870,0.00933776,0.00135906,0.00885585,0.00900503,0.00014918,0.01024248,0.00945208,-0.00079040,0.00000000,0.01873006,0.01873006,0.01683934,0.00000000,-0.01683934,0.00000000,0.00000000,0.00000000,0.00000000,0.00000000,0.00000000,0.01873006,0.00475577,MIXED
R01512[K,p],-0.00847749,-0.00829882,0.00017867,-0.00800488,-0.00936838,-0.00136350,-0.00888490,-0.00903457,-0.00014967,-0.01027608,-0.00948309,0.00079299,-0.00007416,-0.01879150,-0.01871734,-0.01689643,-0.00007458,0.01682185,-0.00001666,-0.00001644,0.00000022,-0.00000811,-0.00000276,0.00000535,0.01871734,0.00475370,MIXED
R01513[K,p],0.00847749,0.00829882,-0.00017867,0.00800488,0.00936838,0.00136350,0.00888490,0.00903457,0.00014967,0.01027608,0.00948309,-0.00079299,0.00007416,0.01879150,0.01871734,0.01689643,0.00007458,-0.01682185,0.00001666,0.00001644,-0.00000022,0.00000811,0.00000276,-0.00000535,0.01871734,0.00475370,MIXED
R04173[K,p],0.00847749,0.00829882,-0.00017867,0.00800488,0.00936838,0.00136350,0.00888490,0.00903457,0.00014967,0.01027608,0.00948309,-0.00079299,0.00007416,0.01879150,0.01871734,0.01689643,0.00007458,-0.01682185,0.00001666,0.00001644,-0.00000022,0.00000811,0.00000276,-0.00000535,0.01871734,0.00475370,MIXED
R00216[K,m],-0.08021236,-0.07730932,0.00290304,-0.07505465,-0.08681588,-0.01176123,-0.08542225,-0.08517661,0.00024564,-0.10623254,-0.09718507,0.00904747,-0.19381257,-0.18255040,0.01126217,-0.22427414,-0.20560813,0.01866601,-0.00995312,-0.00972768,0.00022544,-0.00484129,-0.01487421,-0.01003292,0.01866601,0.00801799,MIXED
cpTransport_C00065[K],0.00817601,0.00800433,-0.00017168,0.00772016,0.00903586,0.00131570,0.00856896,0.00871330,0.00014434,0.00991067,0.00914577,-0.00076490,0.00000000,0.01812327,0.01812327,0.01683934,0.00000000,-0.01683934,-0.00000007,0.00000000,0.00000007,0.00000000,0.00000000,0.00000000,0.01812327,0.00466991,MIXED
16:0/16:0-PEdegradation[K],0.00817601,0.00800375,-0.00017226,0.00772019,0.00903521,0.00131502,0.00856890,0.00871299,0.00014409,0.00991075,0.00914577,-0.00076498,0.00000000,0.01812048,0.01812048,0.00000006,0.00000000,-0.00000006,0.00491430,0.00000000,-0.00491430,0.00239052,0.00081386,-0.00157666,0.01812048,0.00337598,MIXED
R00570[K,c],0.00817750,0.00800361,-0.00017389,0.00772097,0.00903493,0.00131396,0.00857084,0.00871297,0.00014213,0.00991038,0.00914564,-0.00076474,-0.00000031,0.01811990,0.01812021,0.00000169,0.00000223,0.00000054,0.00491430,-0.00000033,-0.00491463,0.00239052,0.00081386,-0.00157666,0.01812021,0.00337585,MIXED
MR01085[K,c],-0.00817601,-0.00800361,0.00017240,-0.00772019,-0.00903505,-0.00131486,-0.00856914,-0.00871330,-0.00014416,-0.00991067,-0.00914577,0.00076490,0.00000000,-0.01812016,-0.01812016,0.00000000,-0.00000001,-0.00000001,-0.00491430,0.00000000,0.00491430,-0.00239052,-0.00081386,0.00157666,0.01812016,0.00337593,MIXED
MR01097[K,c],0.00817601,0.00800361,-0.00017240,0.00772019,0.00903505,0.00131486,0.00856914,0.00871323,0.00014409,0.00991067,0.00914577,-0.00076490,0.00000000,0.01812016,0.01812016,0.00000000,0.00000001,0.00000001,0.00491430,0.00000000,-0.00491430,0.00239052,0.00081386,-0.00157666,0.01812016,0.00337592,MIXED
MR01210[K,c],0.00817601,0.00800361,-0.00017240,0.00772019,0.00903505,0.00131486,0.00856914,0.00871323,0.00014409,0.00991067,0.00914577,-0.00076490,0.00000000,0.01812016,0.01812016,0.00000000,0.00000001,0.00000001,0.00491430,0.00000000,-0.00491430,0.00239052,0.00081386,-0.00157666,0.01812016,0.00337592,MIXED
MR01219[K,c],0.00817601,0.00800361,-0.00017240,0.00772019,0.00903505,0.00131486,0.00856914,0.00871323,0.00014409,0.00991067,0.00914577,-0.00076490,0.00000000,0.01812016,0.01812016,0.00000000,0.00000001,0.00000001,0.00491430,0.00000000,-0.00491430,0.00239052,0.00081386,-0.00157666,0.01812016,0.00337592,MIXED
MR01228[K,c],0.00817601,0.00800361,-0.00017240,0.00772019,0.00903505,0.00131486,0.00856914,0.00871323,0.00014409,0.00991067,0.00914577,-0.00076490,0.00000000,0.01812016,0.01812016,0.00000000,0.00000001,0.00000001,0.00491430,0.00000000,-0.00491430,0.00239052,0.00081386,-0.00157666,0.01812016,0.00337592,MIXED
R00512[K,c],0.00817761,0.00800372,-0.00017389,0.00772108,0.00903505,0.00131397,0.00857096,0.00871323,0.00014227,0.00991067,0.00914577,-0.00076490,0.00000000,0.01812016,0.01812016,0.00000000,0.00000001,0.00000001,0.00491430,-0.00000033,-0.00491463,0.00239052,0.00081386,-0.00157666,0.01812016,0.00337581,MIXED
MR01245[K,c],0.00817601,0.00800361,-0.00017240,0.00772019,0.00903505,0.00131486,0.00856914,0.00871323,0.00014409,0.00991067,0.00914577,-0.00076490,0.00000060,0.01812016,0.01811956,0.00000052,0.00000000,-0.00000052,0.00491430,0.00000000,-0.00491430,0.00239052,0.00081386,-0.00157666,0.01811956,0.00337591,MIXED
MR01284[K,c],0.00817601,0.00800361,-0.00017240,0.00772019,0.00903505,0.00131486,0.00856914,0.00871323,0.00014409,0.00991067,0.00914577,-0.00076490,0.00000060,0.01812016,0.01811956,0.00000052,0.00000000,-0.00000052,0.00491430,0.00000000,-0.00491430,0.00239052,0.00081386,-0.00157666,0.01811956,0.00337591,MIXED
cpTransport_C00093[K],0.00817601,0.00800360,-0.00017241,0.00772016,0.00903505,0.00131489,0.00856896,0.00871323,0.00014427,0.00991067,0.00914577,-0.00076490,0.00000148,0.01812016,0.01811868,-0.01683691,-0.00470377,0.01213314,0.00491430,-0.00484833,-0.00976263,0.00239052,0.00081389,-0.00157663,0.01811868,0.00549844,MIXED
R00127[K,p],0.01640299,0.01605806,-0.00034493,0.01548862,0.01812726,0.00263864,0.01719157,0.01748012,0.00028855,0.01988269,0.01834857,-0.00153412,0.02202066,0.03636009,0.01433943,0.00011110,0.01744425,0.01733315,0.00985634,0.00003102,-0.00982532,0.00491793,0.00163276,-0.00328517,0.01733315,0.00619866,MIXED
R01706[K,p],0.01636284,0.01601854,-0.00034430,0.01545061,0.01808288,0.00263227,0.01715067,0.01743806,0.00028739,0.01983626,0.01830531,-0.00153095,0.02191079,0.03627044,0.01435965,0.00002616,0.01733188,0.01730572,0.00983412,0.00000669,-0.00982743,0.00478372,0.00162879,-0.00315493,0.01730572,0.00618033,MIXED
R01280[K,p],0.01636252,0.01601823,-0.00034429,0.01545030,0.01808252,0.00263222,0.01715033,0.01743772,0.00028739,0.01983587,0.01830495,-0.00153092,0.02190992,0.03626972,0.01435980,0.00002549,0.01733100,0.01730551,0.00983393,0.00000650,-0.00982743,0.00478363,0.00162876,-0.00315487,0.01730551,0.00618030,MIXED
MR01085[K,p],0.01636252,0.01601823,-0.00034429,0.01545030,0.01808252,0.00263222,0.01715033,0.01743772,0.00028739,0.01983587,0.01830495,-0.00153092,0.02190992,0.03626972,0.01435980,0.00002549,0.01732918,0.01730369,0.00983393,0.00000650,-0.00982743,0.00478363,0.00162876,-0.00315487,0.01730369,0.00618008,MIXED
cpTransport_C04036[K],0.01635201,0.01600795,-0.00034406,0.01544038,0.01807092,0.00263054,0.01713828,0.01742653,0.00028825,0.01982135,0.01829154,-0.00152981,0.02187667,0.03624343,0.01436676,0.00000000,0.01729876,0.01729876,0.00982861,0.00000000,-0.00982861,0.00478104,0.00162771,-0.00315333,0.01729876,0.00618002,MIXED
Exchange_160PE[K,L],0.01635195,0.01600745,-0.00034450,0.01544075,0.01807035,0.00262960,0.01713756,0.01742599,0.00028843,0.01982072,0.01829146,-0.00152926,0.02187648,0.03624230,0.01436582,0.00000000,0.01729737,0.01729737,0.00982857,-0.00000004,-0.00982861,0.00478102,0.00162778,-0.00315324,0.01729737,0.00617960,MIXED
R00281[K,m],-0.00465514,-0.00150103,0.00315411,-0.00267647,-0.00055678,0.00211969,-0.00824841,-0.00419865,0.00404976,-0.02813703,-0.02383980,0.00429723,-0.00722306,-0.02216851,-0.01494545,0.00000000,0.00000000,0.00000000,0.00000000,0.00000000,0.00000000,0.00000000,-0.00001715,-0.00001715,0.01494545,0.00357292,MIXED
R00405[K,m],0.00465514,0.00149850,-0.00315664,0.00267647,0.00055424,-0.00212223,0.00824841,0.00419865,-0.00404976,0.02813703,0.02383980,-0.00429723,0.00722306,0.02216851,0.01494545,0.00000000,0.00000000,0.00000000,0.00000000,0.00000000,0.00000000,0.00000000,0.00001715,0.00001715,0.01494545,0.00357356,MIXED
R00408[K,m],0.00465514,0.00149850,-0.00315664,0.00267647,0.00055424,-0.00212223,0.00824841,0.00419865,-0.00404976,0.02813703,0.02383980,-0.00429723,0.00722306,0.02216851,0.01494545,0.00000000,0.00000000,0.00000000,0.00000000,0.00000000,0.00000000,0.00000000,0.00001715,0.00001715,0.01494545,0.00357356,MIXED
R00621[K,m],0.00465514,0.00149850,-0.00315664,0.00267651,0.00055424,-0.00212227,0.00824841,0.00419865,-0.00404976,0.02813703,0.02383980,-0.00429723,0.00722306,0.02216851,0.01494545,0.00000000,0.00000000,0.00000000,0.00000000,0.00000000,0.00000000,0.00000000,0.00000000,0.00000000,0.01494545,0.00357142,MIXED
R01082[K,m],0.00465514,0.00149850,-0.00315664,0.00267647,0.00055424,-0.00212223,0.00824841,0.00419865,-0.00404976,0.02813703,0.02383980,-0.00429723,0.00722306,0.02216851,0.01494545,0.00000000,0.00000000,0.00000000,0.00000000,0.00000000,0.00000000,0.00000000,0.00001715,0.00001715,0.01494545,0.00357356,MIXED
R01251_mod[K,m],-0.00465514,-0.00150103,0.00315411,-0.00267647,-0.00055678,0.00211969,-0.00824841,-0.00419865,0.00404976,-0.02813703,-0.02383980,0.00429723,-0.00722306,-0.02216851,-0.01494545,0.00000000,0.00000000,0.00000000,0.00000000,0.00000000,0.00000000,0.00000000,-0.00001715,-0.00001715,0.01494545,0.00357292,MIXED
R01253[K,m],0.00465514,0.00150103,-0.00315411,0.00267647,0.00055678,-0.00211969,0.00824841,0.00419865,-0.00404976,0.02813703,0.02383980,-0.00429723,0.00722306,0.02216851,0.01494545,0.00000000,0.00000000,0.00000000,0.00000000,0.00000000,0.00000000,0.00000000,0.00001715,0.00001715,0.01494545,0.00357292,MIXED
R02570[K,m],-0.00465514,-0.00149850,0.00315664,-0.00267651,-0.00055424,0.00212227,-0.00824841,-0.00419865,0.00404976,-0.02813703,-0.02383980,0.00429723,-0.00722306,-0.02216851,-0.01494545,0.00000000,0.00000000,0.00000000,0.00000000,0.00000000,0.00000000,0.00000000,0.00000000,0.00000000,0.01494545,0.00357142,MIXED
R03316[K,m],0.00465514,0.00149850,-0.00315664,0.00267651,0.00055424,-0.00212227,0.00824841,0.00419865,-0.00404976,0.02813703,0.02383980,-0.00429723,0.00722306,0.02216851,0.01494545,0.00000000,0.00000000,0.00000000,0.00000000,0.00000000,0.00000000,0.00000000,0.00000000,0.00000000,0.01494545,0.00357142,MIXED
R07618[K,m],0.00465514,0.00149850,-0.00315664,0.00267651,0.00055424,-0.00212227,0.00824841,0.00419865,-0.00404976,0.02813703,0.02383980,-0.00429723,0.00722306,0.02216851,0.01494545,0.00000000,0.00000000,0.00000000,0.00000000,0.00000000,0.00000000,0.00000000,0.00000000,0.00000000,0.01494545,0.00357142,MIXED
MR01088[K,c],0.00000000,0.00000000,0.00000000,0.00000000,0.00000000,0.00000000,0.00000000,0.00000000,0.00000000,0.00000000,0.00000000,0.00000000,0.00000000,0.00000000,0.00000000,0.01683813,0.00470329,-0.01213484,0.00000000,0.00484859,0.00484859,0.00000000,0.00000000,0.00000000,0.01213484,0.00212293,MIXED
MR01095[K,c],0.00000000,0.00000000,0.00000000,0.00000000,0.00000000,0.00000000,0.00000000,0.00000000,0.00000000,0.00000000,0.00000000,0.00000000,0.00000000,0.00000000,0.00000000,0.01683813,0.00470329,-0.01213484,0.00000000,0.00484859,0.00484859,0.00000000,0.00000000,0.00000000,0.01213484,0.00212293,MIXED
MR01103[K,c],0.00000000,0.00000000,0.00000000,0.00000000,0.00000000,0.00000000,0.00000000,0.00000000,0.00000000,0.00000000,0.00000000,0.00000000,0.00000000,0.00000000,0.00000000,0.01683813,0.00470329,-0.01213484,0.00000000,0.00484859,0.00484859,0.00000000,0.00000000,0.00000000,0.01213484,0.00212293,MIXED
18:3/18:3-PEdegradation[K],-0.00000034,0.00000003,0.00000037,-0.00000032,0.00000003,0.00000035,-0.00000035,-0.00000036,-0.00000001,-0.00000041,0.00000000,0.00000041,-0.00000090,0.00000007,0.00000097,0.01683743,0.00470298,-0.01213445,-0.00000020,0.00484839,0.00484859,0.00000000,-0.00000003,-0.00000003,0.01213445,0.00212315,MIXED
MR01167[K,c],-0.00000034,0.00000003,0.00000037,-0.00000032,0.00000003,0.00000035,-0.00000035,-0.00000036,-0.00000001,0.00000076,0.00000000,-0.00000076,-0.00000090,0.00000007,0.00000097,0.01683743,0.00470298,-0.01213445,-0.00000020,0.00484839,0.00484859,0.00000000,-0.00000003,-0.00000003,0.01213445,0.00212319,MIXED
MR00024[K,p],0.01640210,0.01605817,-0.00034393,0.01548803,0.01812708,0.00263905,0.01719214,0.01747951,0.00028737,0.01988340,0.01834923,-0.00153417,0.04389526,0.03635974,-0.00753552,0.03378551,0.04414730,0.01036179,0.00985702,0.00972768,-0.00012934,0.00479461,0.00163282,-0.00316179,0.01036179,0.00324912,MIXED
R04428[K,p],0.01640210,0.01605817,-0.00034393,0.01548803,0.01812708,0.00263905,0.01719214,0.01747951,0.00028737,0.01988340,0.01834923,-0.00153417,0.04389526,0.03635974,-0.00753552,0.03378551,0.04414730,0.01036179,0.00985702,0.00972768,-0.00012934,0.00479461,0.00163282,-0.00316179,0.01036179,0.00324912,MIXED
R04429[K,p],0.01640210,0.01605817,-0.00034393,0.01548803,0.01812708,0.00263905,0.01719214,0.01747951,0.00028737,0.01988340,0.01834923,-0.00153417,0.04389526,0.03635974,-0.00753552,0.03378551,0.04414730,0.01036179,0.00985702,0.00972768,-0.00012934,0.00479461,0.00163282,-0.00316179,0.01036179,0.00324912,MIXED
R04533[K,p],0.01640210,0.01605817,-0.00034393,0.01548803,0.01812708,0.00263905,0.01719214,0.01747951,0.00028737,0.01988340,0.01834923,-0.00153417,0.04389526,0.03635974,-0.00753552,0.03378551,0.04414730,0.01036179,0.00985702,0.00972768,-0.00012934,0.00479461,0.00163282,-0.00316179,0.01036179,0.00324912,MIXED
R04534[K,p],0.01640210,0.01605817,-0.00034393,0.01548803,0.01812708,0.00263905,0.01719214,0.01747951,0.00028737,0.01988340,0.01834923,-0.00153417,0.04389526,0.03635974,-0.00753552,0.03378551,0.04414730,0.01036179,0.00985702,0.00972768,-0.00012934,0.00479461,0.00163282,-0.00316179,0.01036179,0.00324912,MIXED
R04535[K,p],0.01640210,0.01605817,-0.00034393,0.01548803,0.01812708,0.00263905,0.01719214,0.01747951,0.00028737,0.01988340,0.01834923,-0.00153417,0.04389526,0.03635974,-0.00753552,0.03378551,0.04414730,0.01036179,0.00985702,0.00972768,-0.00012934,0.00479461,0.00163282,-0.00316179,0.01036179,0.00324912,MIXED
R04536[K,p],0.01640210,0.01605817,-0.00034393,0.01548803,0.01812708,0.00263905,0.01719214,0.01747951,0.00028737,0.01988340,0.01834923,-0.00153417,0.04389526,0.03635974,-0.00753552,0.03378551,0.04414730,0.01036179,0.00985702,0.00972768,-0.00012934,0.00479461,0.00163282,-0.00316179,0.01036179,0.00324912,MIXED
R04537[K,p],0.01640210,0.01605817,-0.00034393,0.01548803,0.01812708,0.00263905,0.01719214,0.01747951,0.00028737,0.01988340,0.01834923,-0.00153417,0.04389526,0.03635974,-0.00753552,0.03378551,0.04414730,0.01036179,0.00985702,0.00972768,-0.00012934,0.00479461,0.00163282,-0.00316179,0.01036179,0.00324912,MIXED
R04543[K,p],0.01640210,0.01605817,-0.00034393,0.01548803,0.01812708,0.00263905,0.01719214,0.01747951,0.00028737,0.01988340,0.01834923,-0.00153417,0.04389526,0.03635974,-0.00753552,0.03378551,0.04414730,0.01036179,0.00985702,0.00972768,-0.00012934,0.00479461,0.00163282,-0.00316179,0.01036179,0.00324912,MIXED
R04544[K,p],0.01640210,0.01605817,-0.00034393,0.01548803,0.01812708,0.00263905,0.01719214,0.01747951,0.00028737,0.01988340,0.01834923,-0.00153417,0.04389526,0.03635974,-0.00753552,0.03378551,0.04414730,0.01036179,0.00985702,0.00972768,-0.00012934,0.00479461,0.00163282,-0.00316179,0.01036179,0.00324912,MIXED
R04566[K,p],0.01640210,0.01605817,-0.00034393,0.01548803,0.01812708,0.00263905,0.01719214,0.01747951,0.00028737,0.01988340,0.01834923,-0.00153417,0.04389526,0.03635974,-0.00753552,0.03378551,0.04414730,0.01036179,0.00985702,0.00972768,-0.00012934,0.00479461,0.00163282,-0.00316179,0.01036179,0.00324912,MIXED
R04568[K,p],0.01640210,0.01605817,-0.00034393,0.01548803,0.01812708,0.00263905,0.01719214,0.01747951,0.00028737,0.01988340,0.01834923,-0.00153417,0.04389526,0.03635974,-0.00753552,0.03378551,0.04414730,0.01036179,0.00985702,0.00972768,-0.00012934,0.00479461,0.00163282,-0.00316179,0.01036179,0.00324912,MIXED
R04724[K,p],0.01640210,0.01605817,-0.00034393,0.01548803,0.01812708,0.00263905,0.01719214,0.01747951,0.00028737,0.01988340,0.01834923,-0.00153417,0.04389526,0.03635974,-0.00753552,0.03378551,0.04414730,0.01036179,0.00985702,0.00972768,-0.00012934,0.00479461,0.00163282,-0.00316179,0.01036179,0.00324912,MIXED
R04952[K,p],0.01640210,0.01605817,-0.00034393,0.01548803,0.01812708,0.00263905,0.01719214,0.01747951,0.00028737,0.01988340,0.01834923,-0.00153417,0.04389526,0.03635974,-0.00753552,0.03378551,0.04414730,0.01036179,0.00985702,0.00972768,-0.00012934,0.00479461,0.00163282,-0.00316179,0.01036179,0.00324912,MIXED
R04953[K,p],0.01640210,0.01605817,-0.00034393,0.01548803,0.01812708,0.00263905,0.01719214,0.01747951,0.00028737,0.01988340,0.01834923,-0.00153417,0.04389526,0.03635974,-0.00753552,0.03378551,0.04414730,0.01036179,0.00985702,0.00972768,-0.00012934,0.00479461,0.00163282,-0.00316179,0.01036179,0.00324912,MIXED
R04954[K,p],0.01640210,0.01605817,-0.00034393,0.01548803,0.01812708,0.00263905,0.01719214,0.01747951,0.00028737,0.01988340,0.01834923,-0.00153417,0.04389526,0.03635974,-0.00753552,0.03378551,0.04414730,0.01036179,0.00985702,0.00972768,-0.00012934,0.00479461,0.00163282,-0.00316179,0.01036179,0.00324912,MIXED
R04955[K,p],0.01640210,0.01605817,-0.00034393,0.01548803,0.01812708,0.00263905,0.01719214,0.01747951,0.00028737,0.01988340,0.01834923,-0.00153417,0.04389526,0.03635974,-0.00753552,0.03378551,0.04414730,0.01036179,0.00985702,0.00972768,-0.00012934,0.00479461,0.00163282,-0.00316179,0.01036179,0.00324912,MIXED
R04958[K,p],0.01640210,0.01605817,-0.00034393,0.01548803,0.01812708,0.00263905,0.01719214,0.01747951,0.00028737,0.01988340,0.01834923,-0.00153417,0.04389526,0.03635974,-0.00753552,0.03378551,0.04414730,0.01036179,0.00985702,0.00972768,-0.00012934,0.00479461,0.00163282,-0.00316179,0.01036179,0.00324912,MIXED
R04960[K,p],0.01640210,0.01605817,-0.00034393,0.01548803,0.01812708,0.00263905,0.01719214,0.01747951,0.00028737,0.01988340,0.01834923,-0.00153417,0.04389526,0.03635974,-0.00753552,0.03378551,0.04414730,0.01036179,0.00985702,0.00972768,-0.00012934,0.00479461,0.00163282,-0.00316179,0.01036179,0.00324912,MIXED
R04962[K,p],0.01640210,0.01605817,-0.00034393,0.01548803,0.01812708,0.00263905,0.01719214,0.01747951,0.00028737,0.01988340,0.01834923,-0.00153417,0.04389526,0.03635974,-0.00753552,0.03378551,0.04414730,0.01036179,0.00985702,0.00972768,-0.00012934,0.00479461,0.00163282,-0.00316179,0.01036179,0.00324912,MIXED
R04963[K,p],0.01640210,0.01605817,-0.00034393,0.01548803,0.01812708,0.00263905,0.01719214,0.01747951,0.00028737,0.01988340,0.01834923,-0.00153417,0.04389526,0.03635974,-0.00753552,0.03378551,0.04414730,0.01036179,0.00985702,0.00972768,-0.00012934,0.00479461,0.00163282,-0.00316179,0.01036179,0.00324912,MIXED
R04964[K,p],0.01640210,0.01605817,-0.00034393,0.01548803,0.01812708,0.00263905,0.01719214,0.01747951,0.00028737,0.01988340,0.01834923,-0.00153417,0.04389526,0.03635974,-0.00753552,0.03378551,0.04414730,0.01036179,0.00985702,0.00972768,-0.00012934,0.00479461,0.00163282,-0.00316179,0.01036179,0.00324912,MIXED
R04965[K,p],0.01640210,0.01605817,-0.00034393,0.01548803,0.01812708,0.00263905,0.01719214,0.01747951,0.00028737,0.01988340,0.01834923,-0.00153417,0.04389526,0.03635974,-0.00753552,0.03378551,0.04414730,0.01036179,0.00985702,0.00972768,-0.00012934,0.00479461,0.00163282,-0.00316179,0.01036179,0.00324912,MIXED
R04967[K,p],0.01640210,0.01605817,-0.00034393,0.01548803,0.01812708,0.00263905,0.01719214,0.01747951,0.00028737,0.01988340,0.01834923,-0.00153417,0.04389526,0.03635974,-0.00753552,0.03378551,0.04414730,0.01036179,0.00985702,0.00972768,-0.00012934,0.00479461,0.00163282,-0.00316179,0.01036179,0.00324912,MIXED
R04968[K,p],0.01640210,0.01605817,-0.00034393,0.01548803,0.01812708,0.00263905,0.01719214,0.01747951,0.00028737,0.01988340,0.01834923,-0.00153417,0.04389526,0.03635974,-0.00753552,0.03378551,0.04414730,0.01036179,0.00985702,0.00972768,-0.00012934,0.00479461,0.00163282,-0.00316179,0.01036179,0.00324912,MIXED
R04969[K,p],0.01640210,0.01605817,-0.00034393,0.01548803,0.01812708,0.00263905,0.01719214,0.01747951,0.00028737,0.01988340,0.01834923,-0.00153417,0.04389526,0.03635974,-0.00753552,0.03378551,0.04414730,0.01036179,0.00985702,0.00972768,-0.00012934,0.00479461,0.00163282,-0.00316179,0.01036179,0.00324912,MIXED
R00351[K,c],0.00000000,0.00000000,0.00000000,0.00000000,0.00000000,0.00000000,0.00000000,0.00000000,0.00000000,0.00000000,0.00000000,0.00000000,0.00000000,0.00000000,0.00000000,0.05239909,0.06061083,0.00821174,0.00000000,0.00000000,0.00000000,0.00000000,0.00998434,0.00998434,0.00998434,0.00227451,UP
cmTransport_C00158[K],0.00000000,0.00000000,0.00000000,0.00000000,0.00000000,0.00000000,0.00000000,0.00000000,0.00000000,0.00000000,0.00000000,0.00000000,-0.00743661,0.00000000,0.00743661,0.05239909,0.06061083,0.00821174,0.00000000,0.00000000,0.00000000,0.00000000,0.00998434,0.00998434,0.00998434,0.00320409,UP
R07762[K,p],0.00000000,0.00000000,0.00000000,0.00000000,0.00000000,0.00000000,0.00000000,0.00000000,0.00000000,0.00000000,0.00000000,0.00000000,0.00000000,0.00000000,0.00000000,0.00000000,0.00000000,0.00000000,0.00000000,0.00972097,0.00972097,0.00000000,0.00000000,0.00000000,0.00972097,0.00121512,UP
R00239_mod[K,m],0.00232757,0.00075115,-0.00157642,0.00133823,0.00027903,-0.00105920,0.00412421,0.00209933,-0.00202488,0.01406851,0.01191990,-0.00214861,0.00361153,0.01108425,0.00747272,0.00000000,0.00000000,0.00000000,0.00000000,0.00000000,0.00000000,0.00000000,0.00000000,0.00000000,0.00747272,0.00178523,MIXED
R00707[K,m],-0.00232757,-0.00075178,0.00157579,-0.00133823,-0.00027966,0.00105857,-0.00412421,-0.00209933,0.00202488,-0.01406851,-0.01191990,0.00214861,-0.00361153,-0.01108425,-0.00747272,0.00000000,0.00000000,0.00000000,0.00000000,0.00000000,0.00000000,0.00000000,-0.00000429,-0.00000429,0.00747272,0.00178561,MIXED
R03313_mod[K,m],0.00232757,0.00075115,-0.00157642,0.00133823,0.00027903,-0.00105920,0.00412421,0.00209933,-0.00202488,0.01406851,0.01191990,-0.00214861,0.00361153,0.01108425,0.00747272,0.00000000,0.00000000,0.00000000,0.00000000,0.00000000,0.00000000,0.00000000,0.00000000,0.00000000,0.00747272,0.00178523,MIXED
R03314[K,m],-0.00232757,-0.00075178,0.00157579,-0.00133823,-0.00027966,0.00105857,-0.00412421,-0.00209933,0.00202488,-0.01406851,-0.01191990,0.00214861,-0.00361153,-0.01108425,-0.00747272,0.00000000,0.00000000,0.00000000,0.00000000,0.00000000,0.00000000,0.00000000,-0.00000429,-0.00000429,0.00747272,0.00178561,MIXED
R00267_mod[K,c],0.00000000,0.00000000,0.00000000,0.00000000,0.00000000,0.00000000,0.00000000,0.00000000,0.00000000,0.00000000,0.00000000,0.00000000,0.00743661,0.00000000,-0.00743661,0.00000000,0.00000000,0.00000000,0.00000000,0.00000000,0.00000000,0.00000000,0.00000000,0.00000000,0.00743661,0.00092958,DOWN
R01324_mod[K,c],0.00000000,0.00000000,0.00000000,0.00000000,0.00000000,0.00000000,0.00000000,0.00000000,0.00000000,0.00000000,0.00000000,0.00000000,0.00743661,0.00000000,-0.00743661,0.00000000,0.00000000,0.00000000,0.00000000,0.00000000,0.00000000,0.00000000,0.00000000,0.00000000,0.00743661,0.00092958,DOWN
R00844[K,p],-0.00820043,-0.00802848,0.00017195,-0.00774343,-0.00906286,-0.00131943,-0.00859542,-0.00873909,-0.00014367,-0.00994095,-0.00917392,0.00076703,-0.02194598,-0.01817849,0.00376749,-0.01689149,-0.02207199,-0.00518050,-0.00492814,-0.00486347,0.00006467,-0.00239712,-0.00081635,0.00158077,0.00518050,0.00162444,MIXED
MR00462[K,c],0.00817601,0.00800433,-0.00017168,0.00772016,0.00903586,0.00131570,0.00856896,0.00871330,0.00014434,0.00991067,0.00914577,-0.00076490,0.02187814,0.01812327,-0.00375487,0.01683934,0.02200293,0.00516359,0.00491430,0.00484886,-0.00006544,0.00239052,0.00081389,-0.00157663,0.00516359,0.00161964,MIXED
R06870[K,c],-0.00817601,-0.00800433,0.00017168,-0.00772016,-0.00903586,-0.00131570,-0.00856896,-0.00871330,-0.00014434,-0.00991067,-0.00914577,0.00076490,-0.02187814,-0.01812327,0.00375487,-0.01683934,-0.02200293,-0.00516359,-0.00491430,-0.00484886,0.00006544,-0.00239052,-0.00081389,0.00157663,0.00516359,0.00161964,MIXED
R07381[K,c],-0.00817535,-0.00800433,0.00017102,-0.00772016,-0.00903586,-0.00131570,-0.00856896,-0.00871260,-0.00014364,-0.00991067,-0.00914577,0.00076490,-0.02187634,-0.01812100,0.00375534,-0.01683934,-0.02200056,-0.00516122,-0.00491430,-0.00484886,0.00006544,-0.00239052,-0.00081389,0.00157663,0.00516122,0.00161924,MIXED
R07384[K,c],0.00817535,0.00800433,-0.00017102,0.00772016,0.00903586,0.00131570,0.00856896,0.00871260,0.00014364,0.00991067,0.00914577,-0.00076490,0.02187634,0.01812100,-0.00375534,0.01683934,0.02200056,0.00516122,0.00491430,0.00484886,-0.00006544,0.00239052,0.00081389,-0.00157663,0.00516122,0.00161924,MIXED
ExB_C00001[K],0.00794388,0.00777626,-0.00016762,0.00750266,0.00877840,0.00127574,0.00832480,0.00846509,0.00014029,0.00962828,0.00888825,-0.00074003,0.02125511,0.01760728,-0.00364783,0.01635998,0.02137614,0.00501616,0.00477593,0.00471233,-0.00006360,0.00232321,0.00079097,-0.00153224,0.00501616,0.00157294,MIXED
ExB_C00008[K],-0.00794388,-0.00777626,0.00016762,-0.00750266,-0.00877840,-0.00127574,-0.00832480,-0.00846509,-0.00014029,-0.00962828,-0.00888825,0.00074003,-0.02125511,-0.01760728,0.00364783,-0.01635998,-0.02137614,-0.00501616,-0.00477593,-0.00471233,0.00006360,-0.00232321,-0.00079097,0.00153224,0.00501616,0.00157294,MIXED
ExB_C00080[K],-0.00794388,-0.00777626,0.00016762,-0.00750266,-0.00877840,-0.00127574,-0.00832480,-0.00846509,-0.00014029,-0.00962828,-0.00888825,0.00074003,-0.02125511,-0.01760728,0.00364783,-0.01635998,-0.02137614,-0.00501616,-0.00477593,-0.00471233,0.00006360,-0.00232321,-0.00079097,0.00153224,0.00501616,0.00157294,MIXED
ExB_C00009[K],-0.00792703,-0.00775978,0.00016725,-0.00748675,-0.00875979,-0.00127304,-0.00830715,-0.00844714,-0.00013999,-0.00960787,-0.00886940,0.00073847,-0.02121004,-0.01756994,0.00364010,-0.01632529,-0.02133081,-0.00500552,-0.00476580,-0.00470234,0.00006346,-0.00231828,-0.00078930,0.00152898,0.00500552,0.00156960,MIXED
R00959[K,p],0.00223742,0.00219045,-0.00004697,0.00211336,0.00247247,0.00035911,0.00234557,0.00238373,0.00003816,0.00271226,0.00250409,-0.00020817,0.00598896,0.00495978,-0.00102918,0.00460961,0.00602399,0.00141438,0.00134431,0.00132704,-0.00001727,0.00065371,0.00022280,-0.00043091,0.00141438,0.00044302,MIXED
cpTransport_C00668[K],0.00223742,0.00219045,-0.00004697,0.00211336,0.00247247,0.00035911,0.00234557,0.00238373,0.00003816,0.00271226,0.00250409,-0.00020817,0.00598896,0.00495978,-0.00102918,0.00460961,0.00602399,0.00141438,0.00134431,0.00132704,-0.00001727,0.00065371,0.00022280,-0.00043091,0.00141438,0.00044302,MIXED
cxTransport_C00014[K],0.00040323,0.00039472,-0.00000851,0.00038075,0.00044559,0.00006484,0.00042256,0.00042968,0.00000712,0.00048873,0.00045116,-0.00003757,0.00225967,0.00089373,-0.00136594,0.00082812,0.00108203,0.00025391,0.00024161,0.00023853,-0.00000308,0.00011760,0.00002289,-0.00009471,0.00136594,0.00022946,MIXED
R00948[K,p],0.00211260,0.00206803,-0.00004457,0.00199526,0.00233454,0.00033928,0.00221390,0.00225121,0.00003731,0.00256055,0.00236375,-0.00019680,0.00565260,0.00468249,-0.00097011,0.00435079,0.00568479,0.00133400,0.00127011,0.00125320,-0.00001691,0.00061784,0.00021035,-0.00040749,0.00133400,0.00041831,MIXED
R00224[K,c],0.00000000,0.00000000,0.00000000,0.00000000,0.00000000,0.00000000,0.00000000,0.00000000,0.00000000,0.00000000,0.00000000,0.00000000,0.00114290,0.00000000,-0.00114290,0.00065305,0.00073743,0.00008438,0.00019054,0.00018810,-0.00000244,0.00009274,0.00003586,-0.00005688,0.00114290,0.00016083,MIXED
cxTransport_C00011[K],-0.00030242,-0.00029730,0.00000512,-0.00028556,-0.00033546,-0.00004990,-0.00031692,-0.00032226,-0.00000534,-0.00036654,-0.00033837,0.00002817,-0.00169475,-0.00067030,0.00102445,-0.00062109,-0.00081152,-0.00019043,-0.00018121,-0.00017890,0.00000231,-0.00008820,-0.00001717,0.00007103,0.00102445,0.00017209,MIXED
R00009[K,x],0.00010081,0.00009995,-0.00000086,0.00009519,0.00011267,0.00001748,0.00010564,0.00010742,0.00000178,0.00012218,0.00011279,-0.00000939,0.00112983,0.00022343,-0.00090640,0.00020703,0.00027051,0.00006348,0.00012081,0.00011927,-0.00000154,0.00005880,0.00001145,-0.00004735,0.00090640,0.00013104,MIXED
cxTransport_C00027[K],0.00010081,0.00009995,-0.00000086,0.00009519,0.00011267,0.00001748,0.00010564,0.00010742,0.00000178,0.00012218,0.00011279,-0.00000939,0.00112983,0.00022343,-0.00090640,0.00020703,0.00027051,0.00006348,0.00012081,0.00011927,-0.00000154,0.00005880,0.00001145,-0.00004735,0.00090640,0.00013104,MIXED
cpTransport_C00212[K],0.00022226,0.00021828,-0.00000398,0.00020834,0.00024641,0.00003807,-0.00000998,0.00023756,0.00024754,0.00027027,0.00024648,-0.00002379,0.00056399,0.00049412,-0.00006987,-0.00027233,0.00059932,0.00087165,0.00006040,0.00013055,0.00007015,0.00000000,0.00000000,0.00000000,0.00087165,0.00016563,MIXED
R00093[K,p],0.00000000,0.00000000,0.00000000,0.00000000,0.00000000,0.00000000,0.00039249,0.00000000,-0.00039249,0.00045416,0.00000000,-0.00045416,0.00000000,0.00083023,0.00083023,0.00000000,0.00000000,0.00000000,0.00000000,0.00000000,0.00000000,0.00000000,0.00000000,0.00000000,0.00083023,0.00020961,MIXED
R00253[K,p],0.00000000,0.00000000,0.00000000,0.00000101,0.00000014,-0.00000087,0.00039263,0.00000000,-0.00039263,0.00045416,0.00000000,-0.00045416,0.00000000,0.00083023,0.00083023,0.00000000,0.00000000,0.00000000,0.00000000,0.00000000,0.00000000,0.00000003,0.00000000,-0.00000003,0.00083023,0.00020974,MIXED
R00326[K,p],-0.00027573,-0.00026864,0.00000709,-0.00026039,-0.00030342,-0.00004303,-0.00028895,-0.00029382,-0.00000487,-0.00033419,-0.00030850,0.00002569,0.00010996,-0.00061113,-0.00072109,0.00008463,-0.00000527,-0.00008990,0.00002464,0.00002438,-0.00000026,0.00006175,0.00000409,-0.00005766,0.00072109,0.00011870,MIXED
cpTransport_C00469[K],-0.00027573,-0.00026864,0.00000709,-0.00026039,-0.00030342,-0.00004303,-0.00028895,-0.00029382,-0.00000487,-0.00033419,-0.00030850,0.00002569,0.00010996,-0.00061113,-0.00072109,0.00008463,-0.00000527,-0.00008990,0.00002464,0.00002438,-0.00000026,0.00006175,0.00000409,-0.00005766,0.00072109,0.00011870,MIXED
R00192[K,c],0.00023178,0.00022760,-0.00000418,0.00021737,0.00025693,0.00003956,0.00000000,0.00024770,0.00024770,0.00028181,0.00025713,-0.00002468,0.00062211,0.00051522,-0.00010689,0.00000000,0.00062644,0.00062644,0.00013816,0.00013653,-0.00000163,0.00000000,0.00000000,0.00000000,0.00062644,0.00013139,MIXED
R00586[K,p],0.00027377,0.00026736,-0.00000641,0.00025854,0.00030189,0.00004335,0.00028690,0.00029173,0.00000483,0.00033182,0.00030631,-0.00002551,0.00000000,0.00060680,0.00060680,0.00000000,0.00000000,0.00000000,0.00000007,0.00000000,-0.00000007,0.00000000,0.00000000,0.00000000,0.00060680,0.00008587,MIXED
R00782[K,p],0.00027377,0.00026732,-0.00000645,0.00025850,0.00030189,0.00004339,0.00028685,0.00029173,0.00000488,0.00033182,0.00030631,-0.00002551,0.00000000,0.00060680,0.00060680,0.00000000,-0.00000012,-0.00000012,0.00000000,0.00000000,0.00000000,0.00000000,0.00000000,0.00000000,0.00060680,0.00008589,MIXED
R02016[K,p],0.00027377,0.00026736,-0.00000641,0.00025854,0.00030189,0.00004335,0.00028690,0.00029173,0.00000483,0.00033182,0.00030631,-0.00002551,0.00000000,0.00060680,0.00060680,0.00000000,-0.00000006,-0.00000006,0.00000007,0.00000000,-0.00000007,0.00000268,0.00000000,-0.00000268,0.00060680,0.00008621,MIXED
R04859[K,p],0.00027377,0.00026736,-0.00000641,0.00025854,0.00030189,0.00004335,0.00028690,0.00029173,0.00000483,0.00033182,0.00030631,-0.00002551,0.00000000,0.00060680,0.00060680,0.00000000,-0.00000006,-0.00000006,0.00000007,0.00000000,-0.00000007,0.00000000,0.00000000,0.00000000,0.00060680,0.00008588,MIXED
R00840[K,c],0.00000000,-0.00021675,-0.00021675,0.00000000,0.00000000,0.00000000,0.00000000,0.00000000,0.00000000,0.00000000,0.00000000,0.00000000,0.00000000,-0.00049077,-0.00049077,0.00000000,-0.00059582,-0.00059582,0.00000000,0.00000000,0.00000000,0.00000000,0.00000000,0.00000000,0.00059582,0.00016292,DOWN
R01185[K,c],0.00000000,0.00021675,0.00021675,0.00000000,0.00000000,0.00000000,0.00000000,0.00000000,0.00000000,0.00000000,0.00000000,0.00000000,0.00000000,0.00049077,0.00049077,0.00000000,0.00059582,0.00059582,0.00000000,0.00000000,0.00000000,0.00000000,0.00000000,0.00000000,0.00059582,0.00016292,UP
PhloemImport_C00137_I[K,c],0.00022142,0.00000000,-0.00022142,0.00020912,0.00024468,0.00003556,0.00023204,0.00023595,0.00000391,0.00026837,0.00024774,-0.00002063,0.00059245,0.00000000,-0.00059245,0.00045601,0.00000000,-0.00045601,0.00013312,0.00013135,-0.00000177,0.00006476,0.00002205,-0.00004271,0.00059245,0.00017181,MIXED
PhloemTransport_C00137[K,c],0.00022142,0.00000000,-0.00022142,0.00020912,0.00024468,0.00003556,0.00023204,0.00023595,0.00000391,0.00026837,0.00024774,-0.00002063,0.00059245,0.00000000,-0.00059245,0.00045601,0.00000000,-0.00045601,0.00013312,0.00013135,-0.00000177,0.00006476,0.00002205,-0.00004271,0.00059245,0.00017181,MIXED
cxTransport_C00001[K],0.00040323,0.00039472,-0.00000851,0.00038075,0.00044559,0.00006484,0.00042256,0.00053710,0.00011454,0.00048873,0.00045116,-0.00003757,0.00169475,0.00111717,-0.00057758,0.00082812,0.00108203,0.00025391,0.00018121,0.00017890,-0.00000231,0.00008820,0.00001717,-0.00007103,0.00057758,0.00014129,MIXED
MR00422[K,p],0.00000000,0.00000000,0.00000000,0.00000000,0.00000000,0.00000000,0.00000000,0.00000000,0.00000000,0.00000000,0.00000000,0.00000000,0.00056522,0.00000000,-0.00056522,0.00000000,0.00000000,0.00000000,0.00000000,0.00000000,0.00000000,0.00000000,0.00000000,0.00000000,0.00056522,0.00007065,DOWN
R01529[K,p],0.00000000,0.00000000,0.00000000,0.00000000,0.00000000,0.00000000,0.00000000,0.00000000,0.00000000,0.00000000,0.00000000,0.00000000,0.00056522,0.00000000,-0.00056522,0.00000000,0.00000000,0.00000000,0.00000000,0.00000000,0.00000000,0.00000000,0.00000000,0.00000000,0.00056522,0.00007065,DOWN
R02035[K,p],0.00000000,0.00000000,0.00000000,0.00000000,0.00000000,0.00000000,0.00000000,0.00000000,0.00000000,0.00000000,0.00000000,0.00000000,0.00056522,0.00000000,-0.00056522,0.00000000,0.00000000,0.00000000,0.00000000,0.00000000,0.00000000,0.00000000,0.00000000,0.00000000,0.00056522,0.00007065,DOWN
R02736[K,p],0.00000000,0.00000000,0.00000000,0.00000000,0.00000000,0.00000000,0.00000000,0.00000000,0.00000000,0.00000000,0.00000000,0.00000000,0.00056522,0.00000000,-0.00056522,0.00000000,0.00000000,0.00000000,0.00000000,0.00000000,0.00000000,0.00000000,0.00000000,0.00000000,0.00056522,0.00007065,DOWN
R02107[K,x],0.00000000,0.00000000,0.00000000,0.00000000,0.00000000,0.00000000,0.00000000,0.00000000,0.00000000,0.00000000,0.00000000,0.00000000,0.00056492,0.00000000,-0.00056492,0.00000000,0.00000000,0.00000000,0.00006040,0.00005963,-0.00000077,0.00002940,0.00000572,-0.00002368,0.00056492,0.00007367,DOWN
R02423[K,x],0.00010081,0.00009868,-0.00000213,0.00000000,0.00000000,0.00000000,0.00010564,0.00000000,-0.00010564,0.00000000,0.00011279,0.00011279,0.00056492,0.00000000,-0.00056492,0.00000000,0.00000000,0.00000000,0.00006040,0.00005963,-0.00000077,0.00000000,0.00000000,0.00000000,0.00056492,0.00009828,MIXED
R05554[K,x],0.00010081,0.00009868,-0.00000213,0.00000000,0.00000000,0.00000000,0.00010564,0.00000000,-0.00010564,0.00000000,0.00011279,0.00011279,0.00056492,0.00000000,-0.00056492,0.00000000,0.00000000,0.00000000,0.00006040,0.00005963,-0.00000077,0.00000000,0.00000000,0.00000000,0.00056492,0.00009828,MIXED
R03321_mod[K,p],0.00000000,0.00000000,0.00000000,0.00000000,0.00000000,0.00000000,0.00000000,0.00000000,0.00000000,0.00000000,0.00000000,0.00000000,-0.00050741,0.00000000,0.00050741,0.00025158,0.00000000,-0.00025158,0.00007776,0.00000000,-0.00007776,0.00000000,0.00000000,0.00000000,0.00050741,0.00010459,MIXED
cpTransport_C00021[K],0.00000000,0.00000000,0.00000000,-0.00000033,0.00000000,0.00000033,0.00024366,0.00000000,-0.00024366,0.00000000,0.00000000,0.00000000,0.00000000,0.00000000,0.00000000,0.00047865,-0.00000093,-0.00047958,0.00000000,-0.00000021,-0.00000021,0.00006721,0.00002288,-0.00004433,0.00047958,0.00009601,MIXED
R00192[K,p],0.00000035,0.00000034,-0.00000001,0.00000000,0.00000053,0.00000053,0.00024402,0.00000051,-0.00024351,0.00000058,0.00000039,-0.00000019,0.00000093,0.00000077,-0.00000016,0.00047936,0.00000000,-0.00047936,0.00000000,0.00000000,0.00000000,0.00006731,0.00002292,-0.00004439,0.00047936,0.00009602,MIXED
cpTransport_C00155[K],-0.00000035,-0.00000047,-0.00000012,-0.00000012,-0.00000053,-0.00000041,-0.00024416,-0.00000051,0.00024365,-0.00000058,-0.00000039,0.00000019,-0.00000093,-0.00000077,0.00000016,-0.00047936,-0.00000035,0.00047901,-0.00000021,0.00000000,0.00000021,-0.00006731,-0.00002292,0.00004439,0.00047901,0.00009602,MIXED
R01302[K,p],0.00004110,0.00004023,-0.00000087,0.00003881,0.00004541,0.00000660,0.00004307,0.00004379,0.00000072,0.00004981,0.00004598,-0.00000383,0.00056492,0.00009109,-0.00047383,0.00008463,0.00011058,0.00002595,0.00002471,0.00002438,-0.00000033,0.00006175,0.00000409,-0.00005766,0.00047383,0.00007122,MIXED
cpTransport_C00251[K],0.00004110,0.00000000,-0.00004110,0.00000000,0.00000000,0.00000000,0.00000000,0.00000000,0.00000000,0.00004981,0.00000000,-0.00004981,0.00056492,0.00009109,-0.00047383,0.00008463,0.00011058,0.00002595,0.00002471,0.00000000,-0.00002471,0.00000000,0.00000409,0.00000409,0.00047383,0.00007744,MIXED
cpTransport_C00156[K],0.00000000,0.00000000,0.00000000,0.00000000,0.00000000,0.00000000,0.00000000,0.00000000,0.00000000,0.00000000,0.00000000,0.00000000,0.00045496,0.00000000,-0.00045496,0.00000000,0.00000000,0.00000000,0.00000000,0.00000000,0.00000000,0.00000000,0.00000000,0.00000000,0.00045496,0.00005687,DOWN
R00326[K,c],0.00027084,0.00026386,-0.00000698,0.00025578,0.00029803,0.00004225,0.00028383,0.00028861,0.00000478,0.00032827,0.00030304,-0.00002523,0.00101988,0.00060031,-0.00041957,0.00055721,0.00072806,0.00017085,0.00016263,0.00016050,-0.00000213,0.00002940,0.00003123,0.00000183,0.00041957,0.00008420,MIXED
R00282[K,c],0.00027073,0.00026375,-0.00000698,0.00025567,0.00029790,0.00004223,0.00028371,0.00028835,0.00000464,0.00032798,0.00030291,-0.00002507,0.00101957,0.00060006,-0.00041951,0.00055697,0.00072806,0.00017109,0.00016263,0.00016050,-0.00000213,0.00002940,0.00003123,0.00000183,0.00041951,0.00008419,MIXED
PhloemImport_C00064[K,c],0.00014856,0.00000000,-0.00014856,0.00000000,0.00000000,0.00000000,0.00000000,0.00000000,0.00000000,0.00000000,0.00000000,0.00000000,0.00039749,0.00000000,-0.00039749,0.00000000,0.00000000,0.00000000,0.00008931,0.00000000,-0.00008931,0.00004345,0.00000000,-0.00004345,0.00039749,0.00008485,DOWN
PhloemTransport_C00064[K,c],0.00014856,0.00000000,-0.00014856,0.00000000,0.00000000,0.00000000,0.00000000,0.00000000,0.00000000,0.00000000,0.00000000,0.00000000,0.00039749,0.00000000,-0.00039749,0.00000000,0.00000000,0.00000000,0.00008931,0.00000000,-0.00008931,0.00004345,0.00000000,-0.00004345,0.00039749,0.00008485,DOWN
Seed_Biomass[K],0.00059945,0.00058680,-0.00001265,0.00056615,0.00066242,0.00009627,0.00062819,0.00063878,0.00001059,0.00072655,0.00067071,-0.00005584,0.00160392,0.00132865,-0.00027527,0.00123453,0.00161305,0.00037852,0.00036039,0.00035559,-0.00000480,0.00017531,0.00005969,-0.00011562,0.00037852,0.00011870,MIXED
biooutseed[K],0.00059945,0.00058680,-0.00001265,0.00056615,0.00066242,0.00009627,0.00062819,0.00063878,0.00001059,0.00072655,0.00067071,-0.00005584,0.00160392,0.00132865,-0.00027527,0.00123453,0.00161305,0.00037852,0.00036039,0.00035559,-0.00000480,0.00017531,0.00005969,-0.00011562,0.00037852,0.00011870,MIXED
R01057[K,p],0.00011033,0.00010800,-0.00000233,0.00010422,0.00012192,0.00001770,0.00011562,0.00011756,0.00000194,0.00013372,0.00012344,-0.00001028,0.00062304,0.00024453,-0.00037851,0.00047936,0.00029763,-0.00018173,0.00013816,0.00006561,-0.00007255,0.00002940,0.00000572,-0.00002368,0.00037851,0.00008609,MIXED
R01302[K,c],0.00017004,0.00016645,-0.00000359,0.00016059,0.00018790,0.00002731,0.00017819,0.00018119,0.00000300,0.00020609,0.00019025,-0.00001584,0.00000000,0.00037688,0.00037688,0.00035018,0.00045755,0.00010737,0.00010223,0.00010087,-0.00000136,0.00000000,0.00001693,0.00001693,0.00037688,0.00006903,MIXED
R01384[K,c],0.00022142,0.00010837,-0.00011305,0.00010456,0.00024468,0.00014012,0.00023204,0.00023595,0.00000391,0.00013419,0.00024774,0.00011355,0.00029622,0.00049077,0.00019455,0.00022800,0.00059582,0.00036782,0.00013312,0.00013135,-0.00000177,0.00006476,0.00001102,-0.00005374,0.00036782,0.00012356,MIXED
R00338[K,c],-0.00010081,-0.00009741,0.00000340,-0.00009519,-0.00011013,-0.00001494,-0.00010564,-0.00010742,-0.00000178,-0.00012218,-0.00011279,0.00000939,-0.00056492,-0.00022343,0.00034149,-0.00020703,-0.00027051,-0.00006348,-0.00006040,-0.00005963,0.00000077,-0.00002940,-0.00000572,0.00002368,0.00034149,0.00005737,MIXED
R00466[K,c],0.00010081,0.00009741,-0.00000340,0.00009519,0.00011013,0.00001494,0.00010564,0.00010742,0.00000178,0.00012218,0.00011279,-0.00000939,0.00056492,0.00022343,-0.00034149,0.00020703,0.00027051,0.00006348,0.00006040,0.00005963,-0.00000077,0.00002940,0.00000572,-0.00002368,0.00034149,0.00005737,MIXED
R00776[K,x],0.00010081,0.00009868,-0.00000213,0.00009519,0.00011140,0.00001621,0.00010564,0.00010742,0.00000178,0.00012218,0.00011279,-0.00000939,0.00056492,0.00022343,-0.00034149,0.00020703,0.00027051,0.00006348,0.00006040,0.00005963,-0.00000077,0.00002940,0.00000572,-0.00002368,0.00034149,0.00005737,MIXED
R01560[K,p],0.00010081,0.00009868,-0.00000213,0.00009519,0.00011140,0.00001621,0.00010564,0.00010742,0.00000178,0.00012218,0.00011279,-0.00000939,0.00056492,0.00022343,-0.00034149,0.00020703,0.00027051,0.00006348,0.00006040,0.00005963,-0.00000077,0.00002940,0.00000572,-0.00002368,0.00034149,0.00005737,MIXED
R01768[K,p],0.00010081,0.00009868,-0.00000213,0.00009519,0.00011140,0.00001621,0.00010564,0.00010742,0.00000178,0.00012218,0.00011279,-0.00000939,0.00056492,0.00022343,-0.00034149,0.00020703,0.00027051,0.00006348,0.00006040,0.00005963,-0.00000077,0.00002940,0.00000572,-0.00002368,0.00034149,0.00005737,MIXED
R01863[K,p],0.00010081,0.00009868,-0.00000213,0.00009519,0.00011140,0.00001621,0.00010564,0.00010742,0.00000178,0.00012218,0.00011279,-0.00000939,0.00056492,0.00022343,-0.00034149,0.00020703,0.00027051,0.00006348,0.00006040,0.00005963,-0.00000077,0.00002940,0.00000572,-0.00002368,0.00034149,0.00005737,MIXED
R02106[K,x],0.00010081,0.00009868,-0.00000213,0.00009519,0.00011140,0.00001621,0.00010564,0.00010742,0.00000178,0.00012218,0.00011279,-0.00000939,0.00056492,0.00022343,-0.00034149,0.00020703,0.00027051,0.00006348,0.00006040,0.00005963,-0.00000077,0.00002940,0.00000572,-0.00002368,0.00034149,0.00005737,MIXED
R02425[K,x],0.00010081,0.00009868,-0.00000213,0.00009519,0.00011140,0.00001621,0.00010564,0.00010742,0.00000178,0.00012218,0.00011279,-0.00000939,0.00056492,0.00022343,-0.00034149,0.00020703,0.00027051,0.00006348,0.00006040,0.00005963,-0.00000077,0.00002940,0.00000572,-0.00002368,0.00034149,0.00005737,MIXED
R06601[K,x],0.00010081,0.00009868,-0.00000213,0.00009519,0.00011140,0.00001621,0.00010564,0.00010742,0.00000178,0.00012218,0.00011279,-0.00000939,0.00056492,0.00022343,-0.00034149,0.00020703,0.00027051,0.00006348,0.00006040,0.00005963,-0.00000077,0.00002940,0.00000572,-0.00002368,0.00034149,0.00005737,MIXED
R06604[K,x],0.00010081,0.00009868,-0.00000213,0.00009519,0.00011140,0.00001621,0.00010564,0.00010742,0.00000178,0.00012218,0.00011279,-0.00000939,0.00056492,0.00022343,-0.00034149,0.00020703,0.00027051,0.00006348,0.00006040,0.00005963,-0.00000077,0.00002940,0.00000572,-0.00002368,0.00034149,0.00005737,MIXED
cpTransport_C00385[K],-0.00010081,-0.00009868,0.00000213,-0.00009519,-0.00011140,-0.00001621,-0.00010564,-0.00010742,-0.00000178,-0.00012218,-0.00011279,0.00000939,-0.00056492,-0.00022343,0.00034149,-0.00020703,-0.00027051,-0.00006348,-0.00006040,-0.00005963,0.00000077,-0.00002940,-0.00000572,0.00002368,0.00034149,0.00005737,MIXED
cxTransport_C00048[K],0.00010081,0.00009741,-0.00000340,0.00009519,0.00011013,0.00001494,0.00010564,0.00010742,0.00000178,0.00012218,0.00011279,-0.00000939,0.00056492,0.00022343,-0.00034149,0.00020703,0.00027051,0.00006348,0.00006040,0.00005963,-0.00000077,0.00002940,0.00000572,-0.00002368,0.00034149,0.00005737,MIXED
cxTransport_C00385[K],0.00000000,0.00000000,0.00000000,0.00000000,0.00000000,0.00000000,0.00000000,0.00010742,0.00010742,0.00000000,0.00000000,0.00000000,0.00056492,0.00022343,-0.00034149,0.00000000,0.00000000,0.00000000,0.00006040,0.00005963,-0.00000077,0.00002940,0.00000572,-0.00002368,0.00034149,0.00005917,MIXED
R00185[K,p],0.00012180,0.00011994,-0.00000186,0.00011316,0.00013554,0.00002238,0.00012840,0.00013065,0.00000225,0.00014867,0.00013408,-0.00001459,0.00000000,0.00027146,0.00027146,0.00000000,0.00032881,0.00032881,0.00000000,0.00007092,0.00007092,0.00003791,0.00001719,-0.00002072,0.00032881,0.00009162,MIXED
cpTransport_C00020[K],0.00012180,0.00011994,-0.00000186,0.00011316,0.00013554,0.00002238,0.00012840,0.00013065,0.00000225,0.00014867,0.00013408,-0.00001459,0.00000000,0.00027146,0.00027146,0.00000000,0.00032881,0.00032881,0.00000000,0.00007092,0.00007092,0.00003781,0.00001716,-0.00002065,0.00032881,0.00009162,MIXED
PhloemImport_C00002_I[K,c],0.00000000,0.00000000,0.00000000,0.00000000,0.00012257,0.00012257,0.00000000,0.00000000,0.00000000,0.00000000,0.00000000,0.00000000,0.00056681,0.00024585,-0.00032096,0.00000000,0.00029923,0.00029923,0.00000000,0.00000000,0.00000000,0.00000000,0.00000000,0.00000000,0.00032096,0.00009284,MIXED
PhloemTransport_C00002[K,c],0.00000000,0.00000000,0.00000000,0.00000000,0.00012257,0.00012257,0.00000000,0.00000000,0.00000000,0.00000000,0.00000000,0.00000000,0.00056681,0.00024585,-0.00032096,0.00000000,0.00029923,0.00029923,0.00000000,0.00000000,0.00000000,0.00000000,0.00000000,0.00000000,0.00032096,0.00009284,MIXED
R01641[K,p],-0.00011033,-0.00010800,0.00000233,-0.00010422,-0.00012192,-0.00001770,-0.00011562,-0.00011756,-0.00000194,-0.00013372,-0.00012344,0.00001028,-0.00056522,-0.00024453,0.00032069,-0.00022778,-0.00029763,-0.00006985,-0.00006040,-0.00006561,-0.00000521,-0.00002940,-0.00000572,0.00002368,0.00032069,0.00005646,MIXED
R08575[K,p],0.00011033,0.00010800,-0.00000233,0.00010422,0.00012192,0.00001770,0.00011562,0.00011756,0.00000194,0.00013372,0.00012344,-0.00001028,0.00056522,0.00024453,-0.00032069,0.00022778,0.00029763,0.00006985,0.00006040,0.00006561,0.00000521,0.00002940,0.00000572,-0.00002368,0.00032069,0.00005646,MIXED
R01473[K,c],0.00011071,0.00000000,-0.00011071,0.00000000,0.00012234,0.00012234,0.00011602,0.00011797,0.00000195,0.00000000,0.00012387,0.00012387,0.00000000,0.00024539,0.00024539,0.00000000,0.00029791,0.00029791,0.00006656,0.00006567,-0.00000089,0.00003238,0.00000000,-0.00003238,0.00029791,0.00011693,MIXED
R01385[K,c],0.00000000,0.00010837,0.00010837,0.00010456,0.00000000,-0.00010456,0.00000000,0.00000000,0.00000000,0.00013419,0.00000000,-0.00013419,0.00029622,0.00000000,-0.00029622,0.00022800,0.00000000,-0.00022800,0.00000000,0.00000000,0.00000000,0.00000000,0.00001102,0.00001102,0.00029622,0.00011030,MIXED
R02636[K,p],0.00000000,0.00010837,0.00010837,0.00010456,0.00000000,-0.00010456,0.00000000,0.00000000,0.00000000,0.00013419,0.00000000,-0.00013419,0.00029622,0.00000000,-0.00029622,0.00000000,0.00000000,0.00000000,0.00000000,0.00000000,0.00000000,0.00000000,0.00001102,0.00001102,0.00029622,0.00008180,MIXED
cpTransport_C00617[K],0.00000000,0.00010837,0.00010837,0.00010456,0.00000000,-0.00010456,0.00000000,0.00000000,0.00000000,0.00013419,0.00000000,-0.00013419,0.00029622,0.00000000,-0.00029622,0.00000000,0.00000000,0.00000000,0.00000000,0.00000000,0.00000000,0.00000000,0.00001102,0.00001102,0.00029622,0.00008180,MIXED
cpTransport_C00935[K],0.00000000,0.00010837,0.00010837,0.00010456,0.00000000,-0.00010456,0.00000000,0.00000000,0.00000000,0.00013419,0.00000000,-0.00013419,0.00029622,0.00000000,-0.00029622,0.00000000,0.00000000,0.00000000,0.00000000,0.00000000,0.00000000,0.00000000,0.00001102,0.00001102,0.00029622,0.00008180,MIXED
R01068[K,p],0.00000000,0.00000000,0.00000000,0.00000000,0.00000000,0.00000000,0.00000000,0.00000000,0.00000000,0.00000000,0.00000000,0.00000000,0.00005782,0.00000000,-0.00005782,0.00025158,0.00000000,-0.00025158,0.00007776,0.00000000,-0.00007776,0.00000000,0.00000000,0.00000000,0.00025158,0.00004839,DOWN
R02739_mod[K,p],0.00000000,0.00000000,0.00000000,0.00000000,0.00000000,0.00000000,0.00000000,0.00000000,0.00000000,0.00000000,0.00000000,0.00000000,0.00005782,0.00000000,-0.00005782,0.00025158,0.00000000,-0.00025158,0.00007776,0.00000000,-0.00007776,0.00000000,0.00000000,0.00000000,0.00025158,0.00004839,DOWN
cpTransport_C00117R[K],0.00000000,0.00000000,0.00000000,0.00000000,0.00000000,0.00000000,0.00000000,0.00000000,0.00000000,0.00000000,0.00000000,0.00000000,0.00005782,0.00000000,-0.00005782,0.00025158,0.00000000,-0.00025158,0.00007776,0.00000000,-0.00007776,0.00000000,0.00000000,0.00000000,0.00025158,0.00004839,DOWN
R00190[K,c],0.00000952,0.00000932,-0.00000020,0.00000903,0.00001052,0.00000149,0.00000998,0.00001014,0.00000016,0.00001154,0.00001065,-0.00000089,0.00005812,0.00002110,-0.00003702,0.00027233,0.00002712,-0.00024521,0.00007776,0.00000598,-0.00007178,0.00000000,0.00000000,0.00000000,0.00024521,0.00004459,MIXED
R01049[K,c],0.00000952,0.00000932,-0.00000020,0.00000903,0.00001052,0.00000149,0.00000998,0.00001014,0.00000016,0.00001154,0.00001065,-0.00000089,0.00005812,0.00002110,-0.00003702,0.00027233,0.00002712,-0.00024521,0.00007776,0.00000598,-0.00007178,0.00000000,0.00000000,0.00000000,0.00024521,0.00004459,MIXED
R01561[K,c],0.00000952,0.00000932,-0.00000020,0.00000903,0.00001052,0.00000149,0.00000998,0.00001014,0.00000016,0.00001154,0.00001065,-0.00000089,0.00005812,0.00002110,-0.00003702,0.00027233,0.00002712,-0.00024521,0.00007776,0.00000598,-0.00007178,0.00000000,0.00000000,0.00000000,0.00024521,0.00004459,MIXED
cpTransport_C00620[K],0.00000952,0.00000932,-0.00000020,0.00000903,0.00001052,0.00000149,0.00000998,0.00001014,0.00000016,0.00001154,0.00001065,-0.00000089,0.00005812,0.00002110,-0.00003702,0.00027233,0.00002712,-0.00024521,0.00007776,0.00000598,-0.00007178,0.00000000,0.00000000,0.00000000,0.00024521,0.00004459,MIXED
R01067[K,p],0.00011033,0.00010800,-0.00000233,0.00010422,0.00012192,0.00001770,0.00011562,0.00011756,0.00000194,0.00013372,0.00012344,-0.00001028,0.00000000,0.00024453,0.00024453,0.00022778,0.00029763,0.00006985,0.00006040,0.00006561,0.00000521,0.00002940,0.00000572,-0.00002368,0.00024453,0.00004694,MIXED
R02636[K,c],0.00000000,0.00000000,0.00000000,0.00000000,0.00000000,0.00000000,0.00000000,0.00000000,0.00000000,0.00000000,0.00000000,0.00000000,0.00000000,0.00000000,0.00000000,0.00022800,0.00000000,-0.00022800,0.00000000,0.00000000,0.00000000,0.00000000,0.00000000,0.00000000,0.00022800,0.00002850,DOWN
R00342[K,x],0.00000000,-0.00000127,-0.00000127,0.00000000,-0.00000127,-0.00000127,0.00000000,-0.00010742,-0.00010742,0.00000000,0.00000000,0.00000000,0.00000000,-0.00022343,-0.00022343,0.00000000,0.00000000,0.00000000,0.00000000,0.00000000,0.00000000,0.00000000,0.00000000,0.00000000,0.00022343,0.00004167,DOWN
R02103[K,x],0.00000000,0.00000000,0.00000000,0.00000000,0.00000000,0.00000000,0.00000000,0.00010742,0.00010742,0.00000000,0.00000000,0.00000000,0.00000000,0.00022343,0.00022343,0.00000000,0.00000000,0.00000000,0.00000000,0.00000000,0.00000000,0.00000000,0.00000000,0.00000000,0.00022343,0.00004136,UP
R02422[K,x],0.00000000,0.00000000,0.00000000,0.00009519,0.00011140,0.00001621,0.00000000,0.00010742,0.00010742,0.00012218,0.00000000,-0.00012218,0.00000000,0.00022343,0.00022343,0.00020703,0.00027051,0.00006348,0.00000000,0.00000000,0.00000000,0.00002940,0.00000572,-0.00002368,0.00022343,0.00006955,MIXED
cxTransport_C00036[K],0.00000000,0.00000127,0.00000127,0.00000000,0.00000127,0.00000127,0.00000000,0.00010742,0.00010742,0.00000000,0.00000000,0.00000000,0.00000000,0.00022343,0.00022343,0.00000000,0.00000000,0.00000000,0.00000000,0.00000000,0.00000000,0.00000000,0.00000000,0.00000000,0.00022343,0.00004167,UP
cxTransport_C00149[K],0.00000000,-0.00000127,-0.00000127,0.00000000,-0.00000127,-0.00000127,0.00000000,-0.00010742,-0.00010742,0.00000000,0.00000000,0.00000000,0.00000000,-0.00022343,-0.00022343,0.00000000,0.00000000,0.00000000,0.00000000,0.00000000,0.00000000,0.00000000,0.00000000,0.00000000,0.00022343,0.00004167,DOWN
cpTransport_C03175[K],0.00000000,0.00004023,0.00004023,0.00003881,0.00004541,0.00000660,0.00004307,0.00004379,0.00000072,0.00000000,0.00004598,0.00004598,0.00000000,0.00000000,0.00000000,0.00000000,0.00000000,0.00000000,-0.00012693,0.00002438,0.00015131,0.00000000,-0.00002102,-0.00002102,0.00015131,0.00003323,MIXED
ExB_C00073[K],0.00023213,0.00022807,-0.00000406,0.00021750,0.00025746,0.00003996,0.00024416,0.00024821,0.00000405,0.00028238,0.00025752,-0.00002486,0.00062304,0.00051599,-0.00010705,0.00047936,0.00062679,0.00014743,0.00013837,0.00013653,-0.00000184,0.00006731,0.00002292,-0.00004439,0.00014743,0.00004671,MIXED
MR00188[K,c],0.00023213,0.00022807,-0.00000406,0.00021750,0.00025746,0.00003996,0.00024416,0.00024821,0.00000405,0.00028238,0.00025752,-0.00002486,0.00062304,0.00051599,-0.00010705,0.00047936,0.00062679,0.00014743,0.00013837,0.00013653,-0.00000184,0.00006731,0.00002292,-0.00004439,0.00014743,0.00004671,MIXED
PhloemImport_C03172[K,c],0.00023213,0.00022807,-0.00000406,0.00021750,0.00025746,0.00003996,0.00024416,0.00024821,0.00000405,0.00028238,0.00025752,-0.00002486,0.00062304,0.00051599,-0.00010705,0.00047936,0.00062679,0.00014743,0.00013837,0.00013653,-0.00000184,0.00006731,0.00002292,-0.00004439,0.00014743,0.00004671,MIXED
PhloemTransport_C03172[K,c],0.00023213,0.00022807,-0.00000406,0.00021750,0.00025746,0.00003996,0.00024416,0.00024821,0.00000405,0.00028238,0.00025752,-0.00002486,0.00062304,0.00051599,-0.00010705,0.00047936,0.00062679,0.00014743,0.00013837,0.00013653,-0.00000184,0.00006731,0.00002292,-0.00004439,0.00014743,0.00004671,MIXED
R00177[K,c],0.00023213,0.00022794,-0.00000419,0.00021737,0.00025746,0.00004009,0.00024402,0.00024821,0.00000419,0.00028238,0.00025752,-0.00002486,0.00062304,0.00051599,-0.00010705,0.00047936,0.00062644,0.00014708,0.00013816,0.00013653,-0.00000163,0.00006721,0.00002288,-0.00004433,0.00014708,0.00004668,MIXED
Exchange_C00073[K,L],0.00023106,0.00022702,-0.00000404,0.00021648,0.00025627,0.00003979,0.00024303,0.00024707,0.00000404,0.00028109,0.00025632,-0.00002477,0.00062017,0.00051362,-0.00010655,0.00047715,0.00062390,0.00014675,0.00013773,0.00013589,-0.00000184,0.00006700,0.00002281,-0.00004419,0.00014675,0.00004650,MIXED
R01184[K,c],0.00022142,0.00021675,-0.00000467,0.00020912,0.00024468,0.00003556,0.00023204,0.00023595,0.00000391,0.00026837,0.00024774,-0.00002063,0.00059245,0.00049077,-0.00010168,0.00045601,0.00059582,0.00013981,0.00013312,0.00013135,-0.00000177,0.00006476,0.00002205,-0.00004271,0.00013981,0.00004384,MIXED
R01381[K,c],0.00022142,0.00021675,-0.00000467,0.00020912,0.00024468,0.00003556,0.00023204,0.00023595,0.00000391,0.00026837,0.00024774,-0.00002063,0.00059245,0.00049077,-0.00010168,0.00045601,0.00059582,0.00013981,0.00013312,0.00013135,-0.00000177,0.00006476,0.00002205,-0.00004271,0.00013981,0.00004384,MIXED
R01476[K,c],0.00022142,0.00021675,-0.00000467,0.00020912,0.00024468,0.00003556,0.00023204,0.00023595,0.00000391,0.00026837,0.00024774,-0.00002063,0.00059245,0.00049077,-0.00010168,0.00045601,0.00059582,0.00013981,0.00013312,0.00013135,-0.00000177,0.00006476,0.00002205,-0.00004271,0.00013981,0.00004384,MIXED
R01714[K,c],0.00021113,0.00016645,-0.00004468,0.00016059,0.00018790,0.00002731,0.00017819,0.00018119,0.00000300,0.00025590,0.00019025,-0.00006565,0.00056492,0.00046797,-0.00009695,0.00043481,0.00056813,0.00013332,0.00012693,0.00010087,-0.00002606,0.00000000,0.00002102,0.00002102,0.00013332,0.00005225,MIXED
R01826[K,p],0.00021113,0.00020668,-0.00000445,0.00019941,0.00023331,0.00003390,0.00022126,0.00022498,0.00000372,0.00025590,0.00023623,-0.00001967,0.00056492,0.00046797,-0.00009695,0.00043481,0.00056813,0.00013332,0.00012693,0.00012524,-0.00000169,0.00006175,0.00002102,-0.00004073,0.00013332,0.00004180,MIXED
R02412[K,m],0.00021113,0.00020668,-0.00000445,0.00019941,0.00023331,0.00003390,0.00022126,0.00022498,0.00000372,0.00025590,0.00023623,-0.00001967,0.00056492,0.00046797,-0.00009695,0.00043481,0.00056813,0.00013332,0.00000000,0.00012524,0.00012524,0.00000000,0.00000000,0.00000000,0.00013332,0.00005216,MIXED
R03083[K,p],0.00021113,0.00020668,-0.00000445,0.00019941,0.00023331,0.00003390,0.00022126,0.00022498,0.00000372,0.00025590,0.00023623,-0.00001967,0.00056492,0.00046797,-0.00009695,0.00043481,0.00056813,0.00013332,0.00012693,0.00012524,-0.00000169,0.00006175,0.00002102,-0.00004073,0.00013332,0.00004180,MIXED
R03084[K,p],0.00021113,0.00020668,-0.00000445,0.00019941,0.00023331,0.00003390,0.00022126,0.00022498,0.00000372,0.00025590,0.00023623,-0.00001967,0.00056492,0.00046797,-0.00009695,0.00043481,0.00056813,0.00013332,0.00012693,0.00012524,-0.00000169,0.00006175,0.00002102,-0.00004073,0.00013332,0.00004180,MIXED
R03460[K,c],0.00021113,0.00016645,-0.00004468,0.00016059,0.00018790,0.00002731,0.00017819,0.00018119,0.00000300,0.00025590,0.00019025,-0.00006565,0.00056492,0.00046797,-0.00009695,0.00043481,0.00056813,0.00013332,0.00012693,0.00010087,-0.00002606,0.00000000,0.00002102,0.00002102,0.00013332,0.00005225,MIXED
R06847[K,p],0.00021113,0.00020668,-0.00000445,0.00019941,0.00023331,0.00003390,0.00022126,0.00022498,0.00000372,0.00025590,0.00023623,-0.00001967,0.00056492,0.00046797,-0.00009695,0.00043481,0.00056813,0.00013332,0.00012693,0.00012524,-0.00000169,0.00006175,0.00002102,-0.00004073,0.00013332,0.00004180,MIXED
cmTransport_C00493[K],0.00021113,0.00020668,-0.00000445,0.00019941,0.00023331,0.00003390,0.00022126,0.00022498,0.00000372,0.00025590,0.00023623,-0.00001967,0.00056492,0.00046797,-0.00009695,0.00043481,0.00056813,0.00013332,0.00000000,0.00012524,0.00012524,0.00000000,0.00000000,0.00000000,0.00013332,0.00005216,MIXED
cmTransport_C03175[K],-0.00021113,-0.00020668,0.00000445,-0.00019941,-0.00023331,-0.00003390,-0.00022126,-0.00022498,-0.00000372,-0.00025590,-0.00023623,0.00001967,-0.00056492,-0.00046797,0.00009695,-0.00043481,-0.00056813,-0.00013332,0.00000000,-0.00012524,-0.00012524,0.00000000,0.00000000,0.00000000,0.00013332,0.00005216,MIXED
cpTransport_C00493[K],-0.00021113,-0.00020668,0.00000445,-0.00019941,-0.00023331,-0.00003390,-0.00022126,-0.00022498,-0.00000372,-0.00025590,-0.00023623,0.00001967,-0.00056492,-0.00046797,0.00009695,-0.00043481,-0.00056813,-0.00013332,0.00000000,-0.00012524,-0.00012524,0.00000000,0.00000000,0.00000000,0.00013332,0.00005216,MIXED
R00131[K,x],0.00010081,0.00009868,-0.00000213,0.00019037,0.00022279,0.00003242,0.00010564,0.00021484,0.00010920,0.00024436,0.00011279,-0.00013157,0.00056492,0.00044687,-0.00011805,0.00041406,0.00054102,0.00012696,0.00006040,0.00005963,-0.00000077,0.00005880,0.00001145,-0.00004735,0.00013157,0.00007106,MIXED
R02412[K,p],0.00000000,0.00000000,0.00000000,0.00000000,0.00000000,0.00000000,0.00000000,0.00000000,0.00000000,0.00000000,0.00000000,0.00000000,0.00000000,0.00000000,0.00000000,0.00000000,0.00000000,0.00000000,0.00012693,0.00000000,-0.00012693,0.00006175,0.00002102,-0.00004073,0.00012693,0.00002096,DOWN
R00206[K,p],0.00000000,0.00000000,0.00000000,0.00000000,0.00000000,0.00000000,0.00000000,0.00000000,0.00000000,0.00000000,0.00000000,0.00000000,0.00000000,0.00000000,0.00000000,0.00000000,0.00000000,0.00000000,0.00000000,0.00000000,0.00000000,0.00012349,0.00000000,-0.00012349,0.00012349,0.00001544,DOWN
R00772[K,c],-0.00019351,-0.00018943,0.00000408,-0.00018276,-0.00021384,-0.00003108,-0.00020279,-0.00020621,-0.00000342,-0.00023454,-0.00021651,0.00001803,-0.00051777,-0.00042891,0.00008886,-0.00039852,-0.00052072,-0.00012220,-0.00011634,-0.00011479,0.00000155,-0.00005659,-0.00001927,0.00003732,0.00012220,0.00003832,MIXED
R00259[K,p],0.00004305,0.00004151,-0.00000154,0.00004066,0.00004694,0.00000628,0.00004512,0.00004588,0.00000076,0.00005218,0.00004817,-0.00000401,0.00000000,0.00009542,0.00009542,0.00000000,0.00011585,0.00011585,0.00000000,0.00000000,0.00000000,0.00000000,0.00000000,0.00000000,0.00011585,0.00002798,MIXED
R00667[K,p],0.00004305,0.00004214,-0.00000091,0.00004066,0.00004758,0.00000692,0.00004512,0.00004588,0.00000076,0.00005218,0.00004817,-0.00000401,0.00000000,0.00009542,0.00009542,0.00000000,0.00011585,0.00011585,0.00000000,0.00000000,0.00000000,0.00000000,0.00000429,0.00000429,0.00011585,0.00002852,MIXED
R00669[K,p],0.00004305,0.00004151,-0.00000154,0.00004066,0.00004694,0.00000628,0.00004512,0.00004588,0.00000076,0.00005218,0.00004817,-0.00000401,0.00000000,0.00009542,0.00009542,0.00000000,0.00011585,0.00011585,0.00000000,0.00000000,0.00000000,0.00000000,0.00000000,0.00000000,0.00011585,0.00002798,MIXED
R02283[K,p],0.00004305,0.00004151,-0.00000154,0.00004066,0.00004694,0.00000628,0.00004512,0.00004588,0.00000076,0.00005218,0.00004817,-0.00000401,0.00000000,0.00009542,0.00009542,0.00000000,0.00011585,0.00011585,0.00000000,0.00000000,0.00000000,0.00000000,0.00000000,0.00000000,0.00011585,0.00002798,MIXED
R02649[K,p],0.00004305,0.00004151,-0.00000154,0.00004066,0.00004694,0.00000628,0.00004512,0.00004588,0.00000076,0.00005218,0.00004817,-0.00000401,0.00000000,0.00009542,0.00009542,0.00000000,0.00011585,0.00011585,0.00000000,0.00000000,0.00000000,0.00000000,0.00000000,0.00000000,0.00011585,0.00002798,MIXED
R03443[K,p],0.00004305,0.00004151,-0.00000154,0.00004066,0.00004694,0.00000628,0.00004512,0.00004588,0.00000076,0.00005218,0.00004817,-0.00000401,0.00000000,0.00009542,0.00009542,0.00000000,0.00011585,0.00011585,0.00000000,0.00000000,0.00000000,0.00000000,0.00000000,0.00000000,0.00011585,0.00002798,MIXED
R00239[K,c],0.00000000,0.00000000,0.00000000,0.00000000,0.00000000,0.00000000,0.00000000,0.00000000,0.00000000,0.00000000,0.00000000,0.00000000,0.00011519,0.00000000,-0.00011519,0.00008866,0.00000000,-0.00008866,0.00000000,0.00002554,0.00002554,0.00001259,0.00000000,-0.00001259,0.00011519,0.00003025,MIXED
R03313[K,p],0.00000000,0.00000000,0.00000000,0.00000000,0.00000000,0.00000000,0.00000000,0.00000000,0.00000000,0.00000000,0.00000000,0.00000000,0.00011519,0.00000000,-0.00011519,0.00008866,0.00000000,-0.00008866,0.00002588,0.00002554,-0.00000034,0.00001259,0.00000000,-0.00001259,0.00011519,0.00002710,DOWN
cpTransport_C03287[K],0.00000000,0.00000000,0.00000000,0.00000000,0.00000000,0.00000000,0.00000000,0.00000000,0.00000000,0.00000000,0.00000000,0.00000000,0.00011519,0.00000000,-0.00011519,0.00008866,0.00000000,-0.00008866,0.00000000,0.00002554,0.00002554,0.00001259,0.00000000,-0.00001259,0.00011519,0.00003025,MIXED
R00330[K,c],0.00000011,0.00000000,-0.00000011,0.00000000,0.00011298,0.00011298,0.00000103,0.00000000,-0.00000103,0.00000120,0.00000110,-0.00000010,0.00027356,0.00022661,-0.00004695,0.00000203,0.00000000,-0.00000203,0.00000000,0.00000000,0.00000000,0.00000000,0.00000000,0.00000000,0.00011298,0.00002040,MIXED
R00885[K,c],0.00000000,0.00000000,0.00000000,0.00000000,0.00011189,0.00011189,0.00000000,0.00000000,0.00000000,0.00000000,0.00000000,0.00000000,0.00027092,0.00022442,-0.00004650,0.00000000,0.00000000,0.00000000,0.00000000,0.00000000,0.00000000,0.00000000,-0.00000010,-0.00000010,0.00011189,0.00001981,MIXED
R01308[K,c],0.00017004,0.00016645,-0.00000359,0.00016059,0.00018790,0.00002731,0.00017819,0.00018119,0.00000300,0.00020609,0.00019025,-0.00001584,0.00045496,0.00037688,-0.00007808,0.00035018,0.00045755,0.00010737,0.00010223,0.00010087,-0.00000136,0.00000000,0.00001693,0.00001693,0.00010737,0.00003168,MIXED
R02103[K,c],0.00010081,0.00009868,-0.00000213,0.00009519,0.00011140,0.00001621,0.00010564,0.00000000,-0.00010564,0.00012218,0.00011279,-0.00000939,0.00000000,0.00000000,0.00000000,0.00020703,0.00027051,0.00006348,0.00000000,0.00000000,0.00000000,0.00000000,0.00000000,0.00000000,0.00010564,0.00002461,MIXED
cxTransport_C00366[K],0.00010081,0.00009868,-0.00000213,0.00009519,0.00011140,0.00001621,0.00010564,0.00000000,-0.00010564,0.00012218,0.00011279,-0.00000939,0.00000000,0.00000000,0.00000000,0.00020703,0.00027051,0.00006348,0.00000000,0.00000000,0.00000000,0.00000000,0.00000000,0.00000000,0.00010564,0.00002461,MIXED
R01616[K,c],0.00016138,0.00015797,-0.00000341,0.00015241,0.00017833,0.00002592,0.00016912,0.00017196,0.00000284,0.00019559,0.00018056,-0.00001503,0.00043179,0.00035768,-0.00007411,0.00033235,0.00043425,0.00010190,0.00009702,0.00009573,-0.00000129,0.00004720,0.00001607,-0.00003113,0.00010190,0.00003195,MIXED
R01942[K,c],0.00015573,0.00015244,-0.00000329,0.00014708,0.00017209,0.00002501,0.00016320,0.00016595,0.00000275,0.00018875,0.00017424,-0.00001451,0.00041668,0.00034517,-0.00007151,0.00032071,0.00041905,0.00009834,0.00009363,0.00009238,-0.00000125,0.00004554,0.00001551,-0.00003003,0.00009834,0.00003084,MIXED
R01945[K,c],0.00015573,0.00015244,-0.00000329,0.00014708,0.00017209,0.00002501,0.00016320,0.00016595,0.00000275,0.00018875,0.00017424,-0.00001451,0.00041668,0.00034517,-0.00007151,0.00032071,0.00041905,0.00009834,0.00009363,0.00009238,-0.00000125,0.00004554,0.00001551,-0.00003003,0.00009834,0.00003084,MIXED
R02193[K,c],0.00015573,0.00015244,-0.00000329,0.00014708,0.00017209,0.00002501,0.00016320,0.00016595,0.00000275,0.00018875,0.00017424,-0.00001451,0.00041668,0.00034517,-0.00007151,0.00032071,0.00041905,0.00009834,0.00009363,0.00009238,-0.00000125,0.00004554,0.00001551,-0.00003003,0.00009834,0.00003084,MIXED
R04342[K,c],0.00015573,0.00015244,-0.00000329,0.00014708,0.00017209,0.00002501,0.00016320,0.00016595,0.00000275,0.00018875,0.00017424,-0.00001451,0.00041668,0.00034517,-0.00007151,0.00032071,0.00041905,0.00009834,0.00009363,0.00009238,-0.00000125,0.00004554,0.00001551,-0.00003003,0.00009834,0.00003084,MIXED
R07432[K,c],0.00015573,0.00015244,-0.00000329,0.00014708,0.00017209,0.00002501,0.00016320,0.00016595,0.00000275,0.00018875,0.00017424,-0.00001451,0.00041668,0.00034517,-0.00007151,0.00032071,0.00041905,0.00009834,0.00009363,0.00009238,-0.00000125,0.00004554,0.00001551,-0.00003003,0.00009834,0.00003084,MIXED
R00883[K,c],0.00010125,0.00009912,-0.00000213,0.00009563,0.00000000,-0.00009563,0.00010611,0.00010789,0.00000178,0.00012272,0.00011329,-0.00000943,0.00000000,0.00000000,0.00000000,0.00020852,0.00027246,0.00006394,0.00006087,0.00006006,-0.00000081,0.00002961,0.00001018,-0.00001943,0.00009563,0.00002414,MIXED
R02421[K,p],0.00014084,0.00013787,-0.00000297,0.00013302,0.00015564,0.00002262,0.00014759,0.00015008,0.00000249,0.00017070,0.00015758,-0.00001312,0.00037684,0.00031217,-0.00006467,0.00029005,0.00037899,0.00008894,0.00008467,0.00008355,-0.00000112,0.00004119,0.00001402,-0.00002717,0.00008894,0.00002789,MIXED
R00289[K,p],0.00012482,0.00012242,-0.00000240,0.00011809,0.00013793,0.00001984,0.00013167,0.00013252,0.00000085,0.00015170,0.00014034,-0.00001136,0.00033636,0.00027729,-0.00005907,0.00025882,0.00033920,0.00008038,0.00007419,0.00007384,-0.00000035,0.00003588,0.00001245,-0.00002343,0.00008038,0.00002471,MIXED
ExB_C15805[K],0.00012274,0.00012015,-0.00000259,0.00011592,0.00013564,0.00001972,0.00012863,0.00013079,0.00000216,0.00014877,0.00013733,-0.00001144,0.00032841,0.00027205,-0.00005636,0.00025278,0.00033028,0.00007750,0.00007379,0.00007281,-0.00000098,0.00003590,0.00001222,-0.00002368,0.00007750,0.00002430,MIXED
R02593[K,c],-0.00012274,-0.00012015,0.00000259,-0.00011592,-0.00013564,-0.00001972,-0.00012863,-0.00013079,-0.00000216,-0.00014877,-0.00013733,0.00001144,-0.00032841,-0.00027205,0.00005636,-0.00025278,-0.00033028,-0.00007750,-0.00007379,-0.00007281,0.00000098,-0.00003590,-0.00001222,0.00002368,0.00007750,0.00002430,MIXED
R02596[K,c],0.00012274,0.00012015,-0.00000259,0.00011592,0.00013564,0.00001972,0.00012863,0.00013079,0.00000216,0.00014877,0.00013733,-0.00001144,0.00032841,0.00027205,-0.00005636,0.00025278,0.00033028,0.00007750,0.00007379,0.00007281,-0.00000098,0.00003590,0.00001222,-0.00002368,0.00007750,0.00002430,MIXED
R00291[K,p],0.00011400,0.00011214,-0.00000186,0.00010817,0.00012598,0.00001781,0.00012066,0.00012133,0.00000067,0.00013859,0.00012824,-0.00001035,0.00030741,0.00025331,-0.00005410,0.00023655,0.00031010,0.00007355,0.00006887,0.00006742,-0.00000145,0.00003320,0.00001138,-0.00002182,0.00007355,0.00002270,MIXED
ExB_C00181[K],0.00011071,0.00010837,-0.00000234,0.00010456,0.00012234,0.00001778,0.00011602,0.00011797,0.00000195,0.00013419,0.00012387,-0.00001032,0.00029622,0.00024539,-0.00005083,0.00022800,0.00029791,0.00006991,0.00006656,0.00006567,-0.00000089,0.00003238,0.00001102,-0.00002136,0.00006991,0.00002192,MIXED
ExB_C00259[K],0.00011071,0.00010837,-0.00000234,0.00010456,0.00012234,0.00001778,0.00011602,0.00011797,0.00000195,0.00013419,0.00012387,-0.00001032,0.00029622,0.00024539,-0.00005083,0.00022800,0.00029791,0.00006991,0.00006656,0.00006567,-0.00000089,0.00003238,0.00001102,-0.00002136,0.00006991,0.00002192,MIXED
MR01081[K,c],0.00011071,0.00010837,-0.00000234,0.00010456,0.00012234,0.00001778,0.00011602,0.00011797,0.00000195,0.00013419,0.00012387,-0.00001032,0.00029622,0.00024539,-0.00005083,0.00022800,0.00029791,0.00006991,0.00006656,0.00006567,-0.00000089,0.00003238,0.00001102,-0.00002136,0.00006991,0.00002192,MIXED
R01433[K,c],0.00011071,0.00010837,-0.00000234,0.00010456,0.00012234,0.00001778,0.00011602,0.00011797,0.00000195,0.00013419,0.00012387,-0.00001032,0.00029622,0.00024539,-0.00005083,0.00022800,0.00029791,0.00006991,0.00006656,0.00006567,-0.00000089,0.00003238,0.00001102,-0.00002136,0.00006991,0.00002192,MIXED
R03928[K,c],0.00011071,0.00010837,-0.00000234,0.00010456,0.00012234,0.00001778,0.00011602,0.00011797,0.00000195,0.00013419,0.00012387,-0.00001032,0.00029622,0.00024539,-0.00005083,0.00022800,0.00029791,0.00006991,0.00006656,0.00006567,-0.00000089,0.00003238,0.00001102,-0.00002136,0.00006991,0.00002192,MIXED
ExB_C00507[K],0.00010125,0.00009911,-0.00000214,0.00009563,0.00011189,0.00001626,0.00010611,0.00010789,0.00000178,0.00012272,0.00011329,-0.00000943,0.00027091,0.00022442,-0.00004649,0.00020852,0.00027246,0.00006394,0.00006087,0.00006006,-0.00000081,0.00002961,0.00001008,-0.00001953,0.00006394,0.00002005,MIXED
ExB_C01019[K],0.00010125,0.00009912,-0.00000213,0.00009563,0.00011189,0.00001626,0.00010611,0.00010789,0.00000178,0.00012272,0.00011329,-0.00000943,0.00027092,0.00022442,-0.00004650,0.00020852,0.00027246,0.00006394,0.00006087,0.00006006,-0.00000081,0.00002961,0.00001008,-0.00001953,0.00006394,0.00002005,MIXED
MR01324[K,c],0.00010125,0.00009912,-0.00000213,0.00009563,0.00011189,0.00001626,0.00010611,0.00010789,0.00000178,0.00012272,0.00011329,-0.00000943,0.00027092,0.00022442,-0.00004650,0.00020852,0.00027246,0.00006394,0.00006087,0.00006006,-0.00000081,0.00002961,0.00001008,-0.00001953,0.00006394,0.00002005,MIXED
R00888[K,c],0.00010125,0.00009912,-0.00000213,0.00009563,0.00011189,0.00001626,0.00010611,0.00010789,0.00000178,0.00012272,0.00011329,-0.00000943,0.00027092,0.00022442,-0.00004650,0.00020852,0.00027246,0.00006394,0.00006087,0.00006006,-0.00000081,0.00002961,0.00001008,-0.00001953,0.00006394,0.00002005,MIXED
R01016[K,c],0.00010125,0.00009911,-0.00000214,0.00009563,0.00011189,0.00001626,0.00010611,0.00010789,0.00000178,0.00012272,0.00011329,-0.00000943,0.00027091,0.00022442,-0.00004649,0.00020852,0.00027246,0.00006394,0.00006087,0.00006006,-0.00000081,0.00002961,0.00001008,-0.00001953,0.00006394,0.00002005,MIXED
R01818[K,c],0.00010125,0.00009912,-0.00000213,0.00009563,0.00011189,0.00001626,0.00010611,0.00010789,0.00000178,0.00012272,0.00011329,-0.00000943,0.00027092,0.00022442,-0.00004650,0.00020852,0.00027246,0.00006394,0.00006087,0.00006006,-0.00000081,0.00002961,0.00001008,-0.00001953,0.00006394,0.00002005,MIXED
R02260[K,c],-0.00010125,-0.00009911,0.00000214,-0.00009563,-0.00011189,-0.00001626,-0.00010611,-0.00010789,-0.00000178,-0.00012272,-0.00011329,0.00000943,-0.00027091,-0.00022442,0.00004649,-0.00020852,-0.00027246,-0.00006394,-0.00006087,-0.00006006,0.00000081,-0.00002961,-0.00001008,0.00001953,0.00006394,0.00002005,MIXED
R02263[K,c],-0.00010125,-0.00009911,0.00000214,-0.00009563,-0.00011189,-0.00001626,-0.00010611,-0.00010789,-0.00000178,-0.00012272,-0.00011329,0.00000943,-0.00027091,-0.00022442,0.00004649,-0.00020852,-0.00027246,-0.00006394,-0.00006087,-0.00006006,0.00000081,-0.00002961,-0.00001008,0.00001953,0.00006394,0.00002005,MIXED
R02437[K,c],-0.00010125,-0.00009911,0.00000214,-0.00009563,-0.00011189,-0.00001626,-0.00010611,-0.00010789,-0.00000178,-0.00012272,-0.00011329,0.00000943,-0.00027091,-0.00022442,0.00004649,-0.00020852,-0.00027246,-0.00006394,-0.00006087,-0.00006006,0.00000081,-0.00002961,-0.00001008,0.00001953,0.00006394,0.00002005,MIXED
R03014[K,c],-0.00010125,-0.00009911,0.00000214,-0.00009563,-0.00011189,-0.00001626,-0.00010611,-0.00010789,-0.00000178,-0.00012272,-0.00011329,0.00000943,-0.00027091,-0.00022442,0.00004649,-0.00020852,-0.00027246,-0.00006394,-0.00006087,-0.00006006,0.00000081,-0.00002961,-0.00001008,0.00001953,0.00006394,0.00002005,MIXED
R05692[K,c],0.00010125,0.00009912,-0.00000213,0.00009563,0.00011189,0.00001626,0.00010611,0.00010789,0.00000178,0.00012272,0.00011329,-0.00000943,0.00027092,0.00022442,-0.00004650,0.00020852,0.00027246,0.00006394,0.00006087,0.00006006,-0.00000081,0.00002961,0.00001008,-0.00001953,0.00006394,0.00002005,MIXED
R01714[K,p],0.00000000,0.00004023,0.00004023,0.00003881,0.00004541,0.00000660,0.00004307,0.00004379,0.00000072,0.00000000,0.00004598,0.00004598,0.00000000,0.00000000,0.00000000,0.00000000,0.00000000,0.00000000,0.00000000,0.00002438,0.00002438,0.00006175,0.00000000,-0.00006175,0.00006175,0.00002246,MIXED
R03460[K,p],0.00000000,0.00004023,0.00004023,0.00003881,0.00004541,0.00000660,0.00004307,0.00004379,0.00000072,0.00000000,0.00004598,0.00004598,0.00000000,0.00000000,0.00000000,0.00000000,0.00000000,0.00000000,0.00000000,0.00002438,0.00002438,0.00006175,0.00000000,-0.00006175,0.00006175,0.00002246,MIXED
ExB_C00124[K],0.00009226,0.00009031,-0.00000195,0.00008713,0.00010195,0.00001482,0.00009668,0.00009831,0.00000163,0.00011182,0.00010323,-0.00000859,0.00024685,0.00020449,-0.00004236,0.00019000,0.00024826,0.00005826,0.00005547,0.00005473,-0.00000074,0.00002698,0.00000919,-0.00001779,0.00005826,0.00001827,MIXED
ExB_C00159[K],0.00009226,0.00009031,-0.00000195,0.00008713,0.00010195,0.00001482,0.00009668,0.00009831,0.00000163,0.00011182,0.00010323,-0.00000859,0.00024685,0.00020449,-0.00004236,0.00019000,0.00024826,0.00005826,0.00005547,0.00005473,-0.00000074,0.00002698,0.00000919,-0.00001779,0.00005826,0.00001827,MIXED
R01817[K,c],-0.00009226,-0.00009031,0.00000195,-0.00008713,-0.00010195,-0.00001482,-0.00009668,-0.00009831,-0.00000163,-0.00011182,-0.00010323,0.00000859,-0.00024685,-0.00020449,0.00004236,-0.00019000,-0.00024826,-0.00005826,-0.00005547,-0.00005473,0.00000074,-0.00002698,-0.00000919,0.00001779,0.00005826,0.00001827,MIXED
R02167[K,c],0.00009226,0.00009031,-0.00000195,0.00008713,0.00010195,0.00001482,0.00009668,0.00009831,0.00000163,0.00011182,0.00010323,-0.00000859,0.00024685,0.00020449,-0.00004236,0.00019000,0.00024826,0.00005826,0.00005547,0.00005473,-0.00000074,0.00002698,0.00000919,-0.00001779,0.00005826,0.00001827,MIXED
R03354[K,p],0.00009226,0.00009031,-0.00000195,0.00008713,0.00010195,0.00001482,0.00009668,0.00009831,0.00000163,0.00011182,0.00010323,-0.00000859,0.00024685,0.00020449,-0.00004236,0.00019000,0.00024826,0.00005826,0.00005547,0.00005473,-0.00000074,0.00002698,0.00000919,-0.00001779,0.00005826,0.00001827,MIXED
R03355[K,p],0.00009226,0.00009031,-0.00000195,0.00008713,0.00010195,0.00001482,0.00009668,0.00009831,0.00000163,0.00011182,0.00010323,-0.00000859,0.00024685,0.00020449,-0.00004236,0.00019000,0.00024826,0.00005826,0.00005547,0.00005473,-0.00000074,0.00002698,0.00000919,-0.00001779,0.00005826,0.00001827,MIXED
R07135[K,c],0.00009226,0.00009031,-0.00000195,0.00008713,0.00010195,0.00001482,0.00009668,0.00009831,0.00000163,0.00011182,0.00010323,-0.00000859,0.00024685,0.00020449,-0.00004236,0.00019000,0.00024826,0.00005826,0.00005547,0.00005473,-0.00000074,0.00002698,0.00000919,-0.00001779,0.00005826,0.00001827,MIXED
cpTransport_C00124[K],-0.00009226,-0.00009031,0.00000195,-0.00008713,-0.00010195,-0.00001482,-0.00009668,-0.00009831,-0.00000163,-0.00011182,-0.00010323,0.00000859,-0.00024685,-0.00020449,0.00004236,-0.00019000,-0.00024826,-0.00005826,-0.00005547,-0.00005473,0.00000074,-0.00002698,-0.00000919,0.00001779,0.00005826,0.00001827,MIXED
R01308[K,p],0.00004110,0.00004023,-0.00000087,0.00003881,0.00004541,0.00000660,0.00004307,0.00004379,0.00000072,0.00004981,0.00004598,-0.00000383,0.00010996,0.00009109,-0.00001887,0.00008463,0.00011058,0.00002595,0.00002471,0.00002438,-0.00000033,0.00006175,0.00000409,-0.00005766,0.00005766,0.00001435,MIXED
cpTransport_C00811[K],0.00000000,0.00000000,0.00000000,0.00000000,0.00000000,0.00000000,0.00000000,0.00000000,0.00000000,0.00000000,0.00000000,0.00000000,0.00000000,0.00000000,0.00000000,0.00000000,0.00000000,0.00000000,0.00000000,0.00000000,0.00000000,0.00004973,0.00000000,-0.00004973,0.00004973,0.00000622,DOWN
ExB_C00369[K],0.00007042,0.00006893,-0.00000149,0.00006651,0.00007782,0.00001131,0.00007380,0.00007504,0.00000124,0.00008535,0.00007879,-0.00000656,0.00018842,0.00015608,-0.00003234,0.00014503,0.00018949,0.00004446,0.00004234,0.00004177,-0.00000057,0.00002059,0.00000701,-0.00001358,0.00004446,0.00001394,MIXED
R02110[K,p],0.00007042,0.00006893,-0.00000149,0.00006651,0.00007782,0.00001131,0.00007380,0.00007504,0.00000124,0.00008535,0.00007879,-0.00000656,0.00018842,0.00015608,-0.00003234,0.00014503,0.00018949,0.00004446,0.00004234,0.00004177,-0.00000057,0.00002059,0.00000701,-0.00001358,0.00004446,0.00001394,MIXED
cpTransport_C00369[K],0.00007042,0.00006893,-0.00000149,0.00006651,0.00007782,0.00001131,0.00007380,0.00007504,0.00000124,0.00008535,0.00007879,-0.00000656,0.00018842,0.00015608,-0.00003234,0.00014503,0.00018949,0.00004446,0.00004234,0.00004177,-0.00000057,0.00002059,0.00000701,-0.00001358,0.00004446,0.00001394,MIXED
MR01143[K,p],0.00001392,0.00000027,-0.00001365,0.00001332,0.00000027,-0.00001305,0.00000028,0.00001460,0.00001432,0.00001575,0.00000050,-0.00001525,0.00003457,0.00000013,-0.00003444,0.00000050,0.00003736,0.00003686,0.00000013,0.00000813,0.00000800,0.00000000,-0.00000142,-0.00000142,0.00003686,0.00001712,MIXED
MR01128[K,p],0.00001367,0.00000000,-0.00001367,0.00000040,0.00000000,-0.00000040,0.00000000,0.00000000,0.00000000,0.00001568,0.00000047,-0.00001521,0.00000000,0.00000000,0.00000000,0.00000000,0.00003663,0.00003663,0.00000000,0.00000025,0.00000025,0.00000000,0.00000000,0.00000000,0.00003663,0.00000827,MIXED
MR01130[K,p],0.00001367,0.00000000,-0.00001367,0.00000000,0.00000000,0.00000000,0.00000000,0.00000000,0.00000000,0.00001568,0.00000000,-0.00001568,0.00000000,0.00000000,0.00000000,0.00000000,0.00003663,0.00003663,0.00000000,0.00000000,0.00000000,0.00000000,0.00000000,0.00000000,0.00003663,0.00000825,MIXED
ExB_C00238[K],0.00005770,0.00005648,-0.00000122,0.00005449,0.00006376,0.00000927,0.00006046,0.00006148,0.00000102,0.00006993,0.00006456,-0.00000537,0.00015438,0.00012788,-0.00002650,0.00011882,0.00015526,0.00003644,0.00003469,0.00003423,-0.00000046,0.00001687,0.00000574,-0.00001113,0.00003644,0.00001143,MIXED
Exe9[K],-0.00005770,-0.00005648,0.00000122,-0.00005449,-0.00006376,-0.00000927,-0.00006046,-0.00006148,-0.00000102,-0.00006993,-0.00006456,0.00000537,-0.00015438,-0.00012788,0.00002650,-0.00011882,-0.00015526,-0.00003644,-0.00003469,-0.00003423,0.00000046,-0.00001687,-0.00000574,0.00001113,0.00003644,0.00001143,MIXED
Trans9[K],0.00005770,0.00005648,-0.00000122,0.00005449,0.00006376,0.00000927,0.00006046,0.00006148,0.00000102,0.00006993,0.00006456,-0.00000537,0.00015438,0.00012788,-0.00002650,0.00011882,0.00015526,0.00003644,0.00003469,0.00003423,-0.00000046,0.00001687,0.00000574,-0.00001113,0.00003644,0.00001143,MIXED
MR01127[K,p],0.00000000,0.00000000,0.00000000,0.00001292,0.00000000,-0.00001292,0.00000000,0.00001457,0.00001457,0.00000000,0.00000000,0.00000000,0.00003457,0.00000000,-0.00003457,0.00000000,0.00000000,0.00000000,0.00000000,0.00000786,0.00000786,0.00000000,0.00000000,0.00000000,0.00003457,0.00000874,MIXED
MR01129[K,p],0.00000000,0.00000000,0.00000000,0.00001292,0.00000000,-0.00001292,0.00000000,0.00001457,0.00001457,0.00000000,0.00000000,0.00000000,0.00003457,0.00000000,-0.00003457,0.00000000,0.00000000,0.00000000,0.00000000,0.00000786,0.00000786,0.00000000,0.00000000,0.00000000,0.00003457,0.00000874,MIXED
MR01147[K,p],-0.00000639,0.00000713,0.00001352,-0.00000623,0.00000805,0.00001428,0.00000764,-0.00000680,-0.00001444,-0.00000684,0.00000792,0.00001476,-0.00001693,0.00001465,0.00003158,0.00001307,-0.00001702,-0.00003009,0.00000438,-0.00000366,-0.00000804,0.00000213,0.00000073,-0.00000140,0.00003158,0.00001601,MIXED
MR01122[K,p],0.00000000,0.00001338,0.00001338,0.00000000,0.00001511,0.00001511,0.00000000,0.00000000,0.00000000,0.00000000,0.00001423,0.00001423,0.00000000,0.00002880,0.00002880,0.00000000,0.00000000,0.00000000,0.00000835,0.00000025,-0.00000810,0.00000000,0.00000000,0.00000000,0.00002880,0.00000995,MIXED
MR01124[K,p],0.00000000,0.00001338,0.00001338,-0.00000040,0.00001511,0.00001551,0.00000000,0.00000000,0.00000000,0.00000000,0.00001423,0.00001423,0.00000000,0.00002880,0.00002880,0.00000000,0.00000000,0.00000000,0.00000809,0.00000000,-0.00000809,0.00000000,0.00000000,0.00000000,0.00002880,0.00001000,MIXED
ExB_C00148[K],0.00004305,0.00004214,-0.00000091,0.00004066,0.00004758,0.00000692,0.00004512,0.00004588,0.00000076,0.00005218,0.00004817,-0.00000401,0.00011519,0.00009542,-0.00001977,0.00008866,0.00011585,0.00002719,0.00002588,0.00002554,-0.00000034,0.00001259,0.00000429,-0.00000830,0.00002719,0.00000853,MIXED
R01251[K,p],-0.00004305,-0.00004214,0.00000091,-0.00004066,-0.00004758,-0.00000692,-0.00004512,-0.00004588,-0.00000076,-0.00005218,-0.00004817,0.00000401,-0.00011519,-0.00009542,0.00001977,-0.00008866,-0.00011585,-0.00002719,-0.00002588,-0.00002554,0.00000034,-0.00001259,-0.00000429,0.00000830,0.00002719,0.00000853,MIXED
R03314[K,p],0.00004305,0.00004214,-0.00000091,0.00004066,0.00004758,0.00000692,0.00004512,0.00004588,0.00000076,0.00005218,0.00004817,-0.00000401,0.00011519,0.00009542,-0.00001977,0.00008866,0.00011585,0.00002719,0.00002588,0.00002554,-0.00000034,0.00001259,0.00000429,-0.00000830,0.00002719,0.00000853,MIXED
cpTransport_C00148[K],0.00004305,0.00004214,-0.00000091,0.00004066,0.00004758,0.00000692,0.00004512,0.00004588,0.00000076,0.00005218,0.00004817,-0.00000401,0.00011519,0.00009542,-0.00001977,0.00008866,0.00011585,0.00002719,0.00002588,0.00002554,-0.00000034,0.00001259,0.00000429,-0.00000830,0.00002719,0.00000853,MIXED
MR01121[K,p],0.00000000,0.00000000,0.00000000,0.00000000,0.00000000,0.00000000,0.00001372,0.00000000,-0.00001372,0.00000000,0.00000000,0.00000000,0.00000000,0.00000000,0.00000000,0.00002667,0.00000000,-0.00002667,0.00000000,0.00000000,0.00000000,0.00000400,0.00000138,-0.00000262,0.00002667,0.00000538,DOWN
ExB_C01494[K],0.00004110,0.00004023,-0.00000087,0.00003881,0.00004541,0.00000660,0.00004307,0.00004379,0.00000072,0.00004981,0.00004598,-0.00000383,0.00010996,0.00009109,-0.00001887,0.00008463,0.00011058,0.00002595,0.00002471,0.00002438,-0.00000033,0.00001202,0.00000409,-0.00000793,0.00002595,0.00000814,MIXED
R03366[K,c],0.00004110,0.00004023,-0.00000087,0.00003881,0.00004541,0.00000660,0.00004307,0.00004379,0.00000072,0.00004981,0.00004598,-0.00000383,0.00010996,0.00009109,-0.00001887,0.00008463,0.00011058,0.00002595,0.00002471,0.00002438,-0.00000033,0.00001202,0.00000409,-0.00000793,0.00002595,0.00000814,MIXED
R07826[K,p],0.00004110,0.00004023,-0.00000087,0.00003881,0.00004541,0.00000660,0.00004307,0.00004379,0.00000072,0.00004981,0.00004598,-0.00000383,0.00010996,0.00009109,-0.00001887,0.00008463,0.00011058,0.00002595,0.00002471,0.00002438,-0.00000033,0.00001202,0.00000409,-0.00000793,0.00002595,0.00000814,MIXED
cpTransport_C01197[K],-0.00004110,-0.00004023,0.00000087,-0.00003881,-0.00004541,-0.00000660,-0.00004307,-0.00004379,-0.00000072,-0.00004981,-0.00004598,0.00000383,-0.00010996,-0.00009109,0.00001887,-0.00008463,-0.00011058,-0.00002595,-0.00002471,-0.00002438,0.00000033,-0.00001202,-0.00000409,0.00000793,0.00002595,0.00000814,MIXED
ExB_C00305[K],0.00004107,0.00004020,-0.00000087,0.00003879,0.00004539,0.00000660,0.00004304,0.00004377,0.00000073,0.00004978,0.00004595,-0.00000383,0.00010989,0.00009103,-0.00001886,0.00008458,0.00011052,0.00002594,0.00002469,0.00002436,-0.00000033,0.00001201,0.00000409,-0.00000792,0.00002594,0.00000814,MIXED
Exe19[K],-0.00004107,-0.00004020,0.00000087,-0.00003879,-0.00004539,-0.00000660,-0.00004304,-0.00004377,-0.00000073,-0.00004978,-0.00004595,0.00000383,-0.00010989,-0.00009103,0.00001886,-0.00008458,-0.00011052,-0.00002594,-0.00002469,-0.00002436,0.00000033,-0.00001201,-0.00000409,0.00000792,0.00002594,0.00000814,MIXED
Trans19[K],0.00004107,0.00004020,-0.00000087,0.00003879,0.00004539,0.00000660,0.00004304,0.00004377,0.00000073,0.00004978,0.00004595,-0.00000383,0.00010989,0.00009103,-0.00001886,0.00008458,0.00011052,0.00002594,0.00002469,0.00002436,-0.00000033,0.00001201,0.00000409,-0.00000792,0.00002594,0.00000814,MIXED
R00239[K,p],0.00000000,0.00000000,0.00000000,0.00000000,0.00000000,0.00000000,0.00000000,0.00000000,0.00000000,0.00000000,0.00000000,0.00000000,0.00000000,0.00000000,0.00000000,0.00000000,0.00000000,0.00000000,0.00002588,0.00000000,-0.00002588,0.00000000,0.00000000,0.00000000,0.00002588,0.00000323,DOWN
MR01123[K,p],0.00000000,0.00000000,0.00000000,0.00000000,0.00000000,0.00000000,0.00001372,0.00000000,-0.00001372,0.00000000,0.00000000,0.00000000,0.00000000,0.00000000,0.00000000,0.00002579,0.00000000,-0.00002579,0.00000000,0.00000000,0.00000000,0.00000400,0.00000134,-0.00000266,0.00002579,0.00000527,DOWN
PhloemImport_C00037[K,c],0.00000000,0.00000000,0.00000000,0.00000000,0.00000000,0.00000000,0.00000000,0.00000000,0.00000000,0.00000000,0.00000000,0.00000000,0.00002516,0.00000000,-0.00002516,0.00000000,0.00000000,0.00000000,0.00000000,0.00000000,0.00000000,0.00000000,0.00000000,0.00000000,0.00002516,0.00000314,DOWN
PhloemTransport_C00037[K,c],0.00000000,0.00000000,0.00000000,0.00000000,0.00000000,0.00000000,0.00000000,0.00000000,0.00000000,0.00000000,0.00000000,0.00000000,0.00002516,0.00000000,-0.00002516,0.00000000,0.00000000,0.00000000,0.00000000,0.00000000,0.00000000,0.00000000,0.00000000,0.00000000,0.00002516,0.00000314,DOWN
ExB_C00041[K],0.00003365,0.00003294,-0.00000071,0.00003178,0.00003718,0.00000540,0.00003526,0.00003586,0.00000060,0.00004078,0.00003765,-0.00000313,0.00009003,0.00007458,-0.00001545,0.00006930,0.00009054,0.00002124,0.00002023,0.00001996,-0.00000027,0.00000984,0.00000335,-0.00000649,0.00002124,0.00000666,MIXED
R00258[K,c],-0.00003365,-0.00003294,0.00000071,-0.00003178,-0.00003718,-0.00000540,-0.00003526,-0.00003586,-0.00000060,-0.00004078,-0.00003765,0.00000313,-0.00009003,-0.00007458,0.00001545,-0.00006930,-0.00009054,-0.00002124,-0.00002023,-0.00001979,0.00000044,-0.00000984,-0.00000335,0.00000649,0.00002124,0.00000668,MIXED
Exchange_C00131[K,L],0.00000928,0.00000908,-0.00000020,0.00000880,0.00001025,0.00000145,0.00000972,0.00000988,0.00000016,0.00001124,0.00001038,-0.00000086,-0.00000035,0.00002056,0.00002091,0.00002025,0.00002646,0.00000621,0.00000598,0.00000583,-0.00000015,0.00000288,0.00000955,0.00000667,0.00002091,0.00000458,MIXED
ExB_C00131[K],0.00000940,0.00000921,-0.00000019,0.00000892,0.00001039,0.00000147,0.00000986,0.00001002,0.00000016,0.00001140,0.00001052,-0.00000088,0.00000000,0.00002085,0.00002085,0.00002052,0.00002681,0.00000629,0.00000606,0.00000591,-0.00000015,0.00000291,0.00000957,0.00000666,0.00002085,0.00000458,MIXED
R02017[K,c],0.00000940,0.00000921,-0.00000019,0.00000892,0.00001039,0.00000147,0.00000986,0.00001002,0.00000016,0.00001140,0.00001052,-0.00000088,0.00000000,0.00002085,0.00002085,0.00002052,0.00002681,0.00000629,0.00000606,0.00000591,-0.00000015,0.00000291,0.00000957,0.00000666,0.00002085,0.00000458,MIXED
ExB_C15806[K],0.00003299,0.00003229,-0.00000070,0.00003116,0.00003645,0.00000529,0.00003457,0.00003515,0.00000058,0.00003998,0.00003691,-0.00000307,0.00008826,0.00007312,-0.00001514,0.00006794,0.00008877,0.00002083,0.00001983,0.00001957,-0.00000026,0.00000965,0.00000328,-0.00000637,0.00002083,0.00000653,MIXED
R03918[K,c],0.00003299,0.00003229,-0.00000070,0.00003116,0.00003645,0.00000529,0.00003457,0.00003515,0.00000058,0.00003998,0.00003691,-0.00000307,0.00008826,0.00007312,-0.00001514,0.00006794,0.00008877,0.00002083,0.00001983,0.00001957,-0.00000026,0.00000965,0.00000328,-0.00000637,0.00002083,0.00000653,MIXED
R03919[K,c],0.00003299,0.00003229,-0.00000070,0.00003116,0.00003645,0.00000529,0.00003457,0.00003515,0.00000058,0.00003998,0.00003691,-0.00000307,0.00008826,0.00007312,-0.00001514,0.00006794,0.00008877,0.00002083,0.00001983,0.00001957,-0.00000026,0.00000965,0.00000328,-0.00000637,0.00002083,0.00000653,MIXED
R06572[K,c],0.00003299,0.00003229,-0.00000070,0.00003116,0.00003645,0.00000529,0.00003457,0.00003515,0.00000058,0.00003998,0.00003691,-0.00000307,0.00008826,0.00007312,-0.00001514,0.00006794,0.00008877,0.00002083,0.00001983,0.00001957,-0.00000026,0.00000965,0.00000328,-0.00000637,0.00002083,0.00000653,MIXED
R06576[K,c],0.00003299,0.00003229,-0.00000070,0.00003116,0.00003645,0.00000529,0.00003457,0.00003515,0.00000058,0.00003998,0.00003691,-0.00000307,0.00008826,0.00007312,-0.00001514,0.00006794,0.00008877,0.00002083,0.00001983,0.00001957,-0.00000026,0.00000965,0.00000328,-0.00000637,0.00002083,0.00000653,MIXED
R01621[K,c],0.00000952,0.00000932,-0.00000020,0.00000903,0.00001052,0.00000149,0.00000998,0.00001014,0.00000016,0.00001154,0.00001065,-0.00000089,0.00000031,0.00002110,0.00002079,0.00002075,0.00002712,0.00000637,0.00000613,0.00000598,-0.00000015,0.00000295,0.00000958,0.00000663,0.00002079,0.00000459,MIXED
R01641[K,c],0.00000952,0.00000932,-0.00000020,0.00000903,0.00001052,0.00000149,0.00000998,0.00001014,0.00000016,0.00001154,0.00001065,-0.00000089,0.00000031,0.00002110,0.00002079,0.00002075,0.00002712,0.00000637,0.00000000,0.00000598,0.00000598,0.00000000,0.00000000,0.00000000,0.00002079,0.00000449,MIXED
R01829[K,c],0.00000952,0.00000932,-0.00000020,0.00000903,0.00001052,0.00000149,0.00000998,0.00001014,0.00000016,0.00001154,0.00001065,-0.00000089,0.00000031,0.00002110,0.00002079,0.00002075,0.00002712,0.00000637,0.00000000,0.00000598,0.00000598,0.00000000,0.00000000,0.00000000,0.00002079,0.00000449,MIXED
R01843[K,c],0.00000952,0.00000932,-0.00000020,0.00000903,0.00001052,0.00000149,0.00000998,0.00001014,0.00000016,0.00001154,0.00001065,-0.00000089,0.00000031,0.00002110,0.00002079,0.00002075,0.00002712,0.00000637,0.00000000,0.00000598,0.00000598,0.00000000,0.00000000,0.00000000,0.00002079,0.00000449,MIXED
R07226[K,c],-0.00000952,-0.00000932,0.00000020,-0.00000903,-0.00001052,-0.00000149,-0.00000998,-0.00001014,-0.00000016,-0.00001154,-0.00001065,0.00000089,-0.00000031,-0.00002110,-0.00002079,-0.00002075,-0.00002712,-0.00000637,-0.00000613,-0.00000598,0.00000015,-0.00000295,-0.00000958,-0.00000663,0.00002079,0.00000459,MIXED
cpTransport_C00279[K],-0.00000952,-0.00000932,0.00000020,-0.00000903,-0.00001052,-0.00000149,-0.00000998,-0.00001014,-0.00000016,-0.00001154,-0.00001065,0.00000089,-0.00000031,-0.00002110,-0.00002079,-0.00002075,-0.00002712,-0.00000637,0.00000613,-0.00000598,-0.00001211,0.00000295,0.00000958,0.00000663,0.00002079,0.00000608,MIXED
MR00682[K,p],0.00002987,0.00002971,-0.00000016,0.00002855,0.00003300,0.00000445,0.00003041,0.00003143,0.00000102,0.00003396,0.00003175,-0.00000221,0.00008235,0.00006686,-0.00001549,0.00006375,0.00008452,0.00002077,0.00001715,0.00001850,0.00000135,0.00000809,0.00000291,-0.00000518,0.00002077,0.00000633,MIXED
R02814[K,p],0.00002989,0.00002973,-0.00000016,0.00002857,0.00003303,0.00000446,0.00003043,0.00003146,0.00000103,0.00003399,0.00003177,-0.00000222,0.00008241,0.00006691,-0.00001550,0.00006380,0.00008457,0.00002077,0.00001716,0.00001824,0.00000108,0.00000810,0.00000291,-0.00000519,0.00002077,0.00000630,MIXED
MR00676[K,p],0.00002987,0.00002971,-0.00000016,0.00002855,0.00003300,0.00000445,0.00003041,0.00003136,0.00000095,0.00003396,0.00003175,-0.00000221,0.00008235,0.00006686,-0.00001549,0.00006375,0.00008314,0.00001939,0.00001715,0.00001850,0.00000135,0.00000809,0.00000002,-0.00000807,0.00001939,0.00000651,MIXED
ExB_C00740[K],0.00002772,0.00002713,-0.00000059,0.00002618,0.00003063,0.00000445,0.00002905,0.00002954,0.00000049,0.00003359,0.00003101,-0.00000258,0.00007416,0.00006143,-0.00001273,0.00005708,0.00007458,0.00001750,0.00001666,0.00001644,-0.00000022,0.00000811,0.00000276,-0.00000535,0.00001750,0.00000549,MIXED
R02853_mod[K,p],0.00002772,0.00002713,-0.00000059,0.00002618,0.00003063,0.00000445,0.00002905,0.00002954,0.00000049,0.00003359,0.00003101,-0.00000258,0.00007416,0.00006143,-0.00001273,0.00005708,0.00007458,0.00001750,0.00001666,0.00001644,-0.00000022,0.00000811,0.00000276,-0.00000535,0.00001750,0.00000549,MIXED
cpTransport_C00740[K],0.00002772,0.00002713,-0.00000059,0.00002618,0.00003063,0.00000445,0.00002905,0.00002954,0.00000049,0.00003359,0.00003101,-0.00000258,0.00007416,0.00006143,-0.00001273,0.00005708,0.00007458,0.00001750,0.00001666,0.00001644,-0.00000022,0.00000811,0.00000276,-0.00000535,0.00001750,0.00000549,MIXED
MR00064[K,c],0.00000000,0.00000000,0.00000000,0.00000000,0.00000000,0.00000000,0.00000000,0.00000000,0.00000000,0.00000000,0.00000000,0.00000000,0.00000000,0.00000000,0.00000000,0.00000000,0.00000000,0.00000000,0.00000000,0.00000000,0.00000000,0.00000000,0.00001715,0.00001715,0.00001715,0.00000214,UP
MR00536[K,c],0.00000000,0.00000000,0.00000000,0.00000000,0.00000000,0.00000000,0.00000000,0.00000000,0.00000000,0.00000000,0.00000000,0.00000000,0.00000000,0.00000000,0.00000000,0.00000000,0.00000000,0.00000000,0.00000000,0.00000000,0.00000000,0.00000000,0.00001715,0.00001715,0.00001715,0.00000214,UP
MR00722[K,c],0.00000000,0.00000000,0.00000000,0.00000000,0.00000000,0.00000000,0.00000000,0.00000000,0.00000000,0.00000000,0.00000000,0.00000000,0.00000000,0.00000000,0.00000000,0.00000000,0.00000000,0.00000000,0.00000000,0.00000000,0.00000000,0.00000000,0.00001715,0.00001715,0.00001715,0.00000214,UP
cmTransport_C00010[K],0.00000000,0.00000253,0.00000253,0.00000004,0.00000254,0.00000250,0.00000000,0.00000000,0.00000000,0.00000000,0.00000000,0.00000000,0.00000000,0.00000000,0.00000000,0.00000000,0.00000000,0.00000000,0.00000000,0.00000000,0.00000000,0.00000000,-0.00001715,-0.00001715,0.00001715,0.00000277,MIXED
cmTransport_C00091[K],0.00000000,0.00000000,0.00000000,-0.00000004,0.00000000,0.00000004,0.00000000,0.00000000,0.00000000,0.00000000,0.00000000,0.00000000,0.00000000,0.00000000,0.00000000,0.00000000,0.00000000,0.00000000,0.00000000,0.00000000,0.00000000,0.00000000,0.00001715,0.00001715,0.00001715,0.00000215,UP
ExB_C00049[K],0.00002698,0.00002641,-0.00000057,0.00002548,0.00002982,0.00000434,0.00002827,0.00002875,0.00000048,0.00003270,0.00003019,-0.00000251,0.00007219,0.00005980,-0.00001239,0.00005557,0.00007260,0.00001703,0.00001622,0.00001601,-0.00000021,0.00000789,0.00000269,-0.00000520,0.00001703,0.00000534,MIXED
MR01087[K,p],0.00001392,0.00001386,-0.00000006,0.00001332,0.00001538,0.00000206,0.00001423,0.00001460,0.00000037,0.00001575,0.00001474,-0.00000101,0.00003604,0.00002893,-0.00000711,0.00002785,0.00003884,0.00001099,0.00000851,0.00000838,-0.00000013,0.00000402,0.00000000,-0.00000402,0.00001099,0.00000322,MIXED
MR01093[K,p],0.00001392,0.00001386,-0.00000006,0.00001332,0.00001538,0.00000206,0.00001423,0.00001460,0.00000037,0.00001575,0.00001474,-0.00000101,0.00003604,0.00002893,-0.00000711,0.00002785,0.00003884,0.00001099,0.00000851,0.00000838,-0.00000013,0.00000402,0.00000000,-0.00000402,0.00001099,0.00000322,MIXED
MR01101[K,p],0.00001392,0.00001386,-0.00000006,0.00001332,0.00001538,0.00000206,0.00001423,0.00001460,0.00000037,0.00001575,0.00001474,-0.00000101,0.00003604,0.00002893,-0.00000711,0.00002785,0.00003884,0.00001099,0.00000851,0.00000838,-0.00000013,0.00000402,-0.00000003,-0.00000405,0.00001099,0.00000322,MIXED
MR01109[K,p],0.00001392,0.00001386,-0.00000006,0.00001332,0.00001538,0.00000206,0.00001423,0.00001460,0.00000037,0.00001575,0.00001474,-0.00000101,0.00003515,0.00002893,-0.00000622,0.00002716,0.00003794,0.00001078,0.00000851,0.00000838,-0.00000013,0.00000402,-0.00000003,-0.00000405,0.00001078,0.00000309,MIXED
R00017[K,m],0.00000000,0.00000000,0.00000000,0.00000000,0.00000000,0.00000000,0.00000000,0.00000000,0.00000000,0.00000000,0.00000000,0.00000000,0.00000000,0.00000000,0.00000000,0.00000000,0.00000000,0.00000000,0.00000000,0.00000000,0.00000000,0.00000000,0.00000857,0.00000857,0.00000857,0.00000107,UP
R00248[K,m],0.00000000,0.00000000,0.00000000,0.00000000,0.00000000,0.00000000,0.00000000,0.00000000,0.00000000,0.00000000,0.00000000,0.00000000,0.00000000,0.00000000,0.00000000,0.00000000,0.00000000,0.00000000,0.00000000,0.00000000,0.00000000,0.00000000,-0.00000857,-0.00000857,0.00000857,0.00000107,DOWN
R00338[K,m],0.00000000,0.00000000,0.00000000,0.00000000,0.00000000,0.00000000,0.00000000,0.00000000,0.00000000,0.00000000,0.00000000,0.00000000,0.00000000,0.00000000,0.00000000,0.00000000,0.00000000,0.00000000,0.00000000,0.00000000,0.00000000,0.00000000,-0.00000857,-0.00000857,0.00000857,0.00000107,DOWN
R00364[K,m],0.00000000,0.00000000,0.00000000,0.00000000,0.00000000,0.00000000,0.00000000,0.00000000,0.00000000,0.00000000,0.00000000,0.00000000,0.00000000,0.00000000,0.00000000,0.00000000,0.00000000,0.00000000,0.00000000,0.00000000,0.00000000,0.00000000,0.00000857,0.00000857,0.00000857,0.00000107,UP
R00466[K,m],0.00000000,0.00000000,0.00000000,0.00000000,0.00000000,0.00000000,0.00000000,0.00000000,0.00000000,0.00000000,0.00000000,0.00000000,0.00000000,0.00000000,0.00000000,0.00000000,0.00000000,0.00000000,0.00000000,0.00000000,0.00000000,0.00000000,0.00000857,0.00000857,0.00000857,0.00000107,UP
R03344[K,m],0.00000000,0.00000000,0.00000000,0.00000000,0.00000000,0.00000000,0.00000000,0.00000000,0.00000000,0.00000000,0.00000000,0.00000000,0.00000000,0.00000000,0.00000000,0.00000000,0.00000000,0.00000000,0.00000000,0.00000000,0.00000000,0.00000000,-0.00000857,-0.00000857,0.00000857,0.00000107,DOWN
R03344[K,p],0.00000000,0.00000000,0.00000000,0.00000000,0.00000000,0.00000000,0.00000000,0.00000000,0.00000000,0.00000000,0.00000000,0.00000000,0.00000000,0.00000000,0.00000000,0.00000000,0.00000000,0.00000000,0.00000000,0.00000000,0.00000000,0.00000000,0.00000857,0.00000857,0.00000857,0.00000107,UP
cmTransport_C00033[K],0.00000000,0.00000000,0.00000000,0.00000000,0.00000000,0.00000000,0.00000000,0.00000000,0.00000000,0.00000000,0.00000000,0.00000000,0.00000000,0.00000000,0.00000000,0.00000000,0.00000000,0.00000000,0.00000000,0.00000000,0.00000000,0.00000000,0.00000857,0.00000857,0.00000857,0.00000107,UP
cmTransport_C00037[K],0.00000000,0.00000000,0.00000000,0.00000000,0.00000000,0.00000000,0.00000000,0.00000000,0.00000000,0.00000000,0.00000000,0.00000000,0.00000000,0.00000000,0.00000000,0.00000000,0.00000000,0.00000000,0.00000000,0.00000000,0.00000000,0.00000000,0.00000857,0.00000857,0.00000857,0.00000107,UP
cmTransport_C01183[K],0.00000000,0.00000000,0.00000000,0.00000000,0.00000000,0.00000000,0.00000000,0.00000000,0.00000000,0.00000000,0.00000000,0.00000000,0.00000000,0.00000000,0.00000000,0.00000000,0.00000000,0.00000000,0.00000000,0.00000000,0.00000000,0.00000000,0.00000857,0.00000857,0.00000857,0.00000107,UP
cmTransport_C02846[K],0.00000000,0.00000000,0.00000000,0.00000000,0.00000000,0.00000000,0.00000000,0.00000000,0.00000000,0.00000000,0.00000000,0.00000000,0.00000000,0.00000000,0.00000000,0.00000000,0.00000000,0.00000000,0.00000000,0.00000000,0.00000000,0.00000000,-0.00000857,-0.00000857,0.00000857,0.00000107,DOWN
cpTransport_C01183[K],0.00000000,0.00000000,0.00000000,0.00000000,0.00000000,0.00000000,0.00000000,0.00000000,0.00000000,0.00000000,0.00000000,0.00000000,0.00000000,0.00000000,0.00000000,0.00000000,0.00000000,0.00000000,0.00000000,0.00000000,0.00000000,0.00000000,-0.00000857,-0.00000857,0.00000857,0.00000107,DOWN
cpTransport_C02846[K],0.00000000,0.00000000,0.00000000,0.00000000,0.00000000,0.00000000,0.00000000,0.00000000,0.00000000,0.00000000,0.00000000,0.00000000,0.00000000,0.00000000,0.00000000,0.00000000,0.00000000,0.00000000,0.00000000,0.00000000,0.00000000,0.00000000,0.00000857,0.00000857,0.00000857,0.00000107,UP
ExB_C01330[K],0.00001197,0.00001171,-0.00000026,0.00001130,0.00001322,0.00000192,0.00001254,0.00001275,0.00000021,0.00001450,0.00001339,-0.00000111,0.00003202,0.00002652,-0.00000550,0.00002464,0.00003220,0.00000756,0.00000719,0.00000710,-0.00000009,0.00000350,0.00000119,-0.00000231,0.00000756,0.00000237,MIXED
PhloemImport_C01330[K,c],0.00001197,0.00001171,-0.00000026,0.00001130,0.00001322,0.00000192,0.00001254,0.00001275,0.00000021,0.00001450,0.00001339,-0.00000111,0.00003202,0.00002652,-0.00000550,0.00002464,0.00003220,0.00000756,0.00000719,0.00000710,-0.00000009,0.00000350,0.00000119,-0.00000231,0.00000756,0.00000237,MIXED
PhloemTransport_C01330[K,c],0.00001197,0.00001171,-0.00000026,0.00001130,0.00001322,0.00000192,0.00001254,0.00001275,0.00000021,0.00001450,0.00001339,-0.00000111,0.00003202,0.00002652,-0.00000550,0.00002464,0.00003220,0.00000756,0.00000719,0.00000710,-0.00000009,0.00000350,0.00000119,-0.00000231,0.00000756,0.00000237,MIXED
R00529[K,p],0.00001082,0.00001032,-0.00000050,0.00000996,0.00001195,0.00000199,0.00001105,0.00001119,0.00000014,0.00001311,0.00001210,-0.00000101,0.00002894,0.00002398,-0.00000496,0.00002228,0.00002928,0.00000700,0.00000539,0.00000642,0.00000103,0.00000268,0.00000108,-0.00000160,0.00000700,0.00000228,MIXED
R05717[K,p],0.00001082,0.00001032,-0.00000050,0.00000996,0.00001195,0.00000199,0.00001105,0.00001119,0.00000014,0.00001311,0.00001210,-0.00000101,0.00002894,0.00002398,-0.00000496,0.00002228,0.00002928,0.00000700,0.00000539,0.00000642,0.00000103,0.00000000,0.00000108,0.00000108,0.00000700,0.00000221,MIXED
Exe6[K],-0.00001082,-0.00001032,0.00000050,-0.00000996,-0.00001195,-0.00000199,-0.00001105,-0.00001119,-0.00000014,-0.00001311,-0.00001210,0.00000101,-0.00002894,-0.00002398,0.00000496,-0.00002228,-0.00002922,-0.00000694,-0.00000539,-0.00000642,-0.00000103,-0.00000268,-0.00000108,0.00000160,0.00000694,0.00000227,MIXED
Trans6[K],0.00001082,0.00001032,-0.00000050,0.00000996,0.00001195,0.00000199,0.00001105,0.00001119,0.00000014,0.00001311,0.00001210,-0.00000101,0.00002894,0.00002398,-0.00000496,0.00002228,0.00002922,0.00000694,0.00000539,0.00000642,0.00000103,0.00000268,0.00000108,-0.00000160,0.00000694,0.00000227,MIXED
cpTransport_C00059[K],0.00001082,0.00001032,-0.00000050,0.00000996,0.00001195,0.00000199,0.00001105,0.00001119,0.00000014,0.00001311,0.00001210,-0.00000101,0.00002894,0.00002398,-0.00000496,0.00002228,0.00002922,0.00000694,0.00000539,0.00000642,0.00000103,0.00000268,0.00000108,-0.00000160,0.00000694,0.00000227,MIXED
R05775[K,p],0.00001082,0.00001028,-0.00000054,0.00000992,0.00001195,0.00000203,0.00001101,0.00001119,0.00000018,0.00001311,0.00001210,-0.00000101,0.00002894,0.00002398,-0.00000496,0.00002228,0.00002911,0.00000683,0.00000532,0.00000642,0.00000110,0.00000268,0.00000108,-0.00000160,0.00000683,0.00000228,MIXED
R01067[K,c],0.00000000,0.00000000,0.00000000,0.00000000,0.00000000,0.00000000,0.00000000,0.00000000,0.00000000,0.00000000,0.00000000,0.00000000,0.00000000,0.00000000,0.00000000,0.00000000,0.00000000,0.00000000,0.00000613,0.00000000,-0.00000613,0.00000295,0.00000958,0.00000663,0.00000663,0.00000159,MIXED
18:3/18:3-DGDGdegradation[K],0.00000729,0.00000713,-0.00000016,0.00000668,0.00000805,0.00000137,0.00000764,0.00000777,0.00000013,0.00000883,0.00000792,-0.00000091,0.00001765,0.00001465,-0.00000300,0.00001307,0.00001961,0.00000654,0.00000438,0.00000420,-0.00000018,0.00000213,0.00000073,-0.00000140,0.00000654,0.00000171,MIXED
cpTransport_MC00939[K],0.00000729,0.00000713,-0.00000016,0.00000668,0.00000805,0.00000137,0.00000764,0.00000777,0.00000013,0.00000883,0.00000792,-0.00000091,0.00001765,0.00001465,-0.00000300,0.00001307,0.00001961,0.00000654,0.00000438,0.00000420,-0.00000018,0.00000213,0.00000073,-0.00000140,0.00000654,0.00000171,MIXED
ExB_C00152[K],0.00000949,0.00000929,-0.00000020,0.00000896,0.00001049,0.00000153,0.00000995,0.00001011,0.00000016,0.00001150,0.00001062,-0.00000088,0.00002539,0.00002103,-0.00000436,0.00001954,0.00002554,0.00000600,0.00000571,0.00000563,-0.00000008,0.00000278,0.00000094,-0.00000184,0.00000600,0.00000188,MIXED
PhloemImport_C00152[K,c],0.00000949,0.00000929,-0.00000020,0.00000896,0.00001049,0.00000153,0.00000995,0.00001011,0.00000016,0.00001150,0.00001062,-0.00000088,0.00002539,0.00002103,-0.00000436,0.00001954,0.00002554,0.00000600,0.00000571,0.00000563,-0.00000008,0.00000278,0.00000094,-0.00000184,0.00000600,0.00000188,MIXED
PhloemTransport_C00152[K,c],0.00000949,0.00000929,-0.00000020,0.00000896,0.00001049,0.00000153,0.00000995,0.00001011,0.00000016,0.00001150,0.00001062,-0.00000088,0.00002539,0.00002103,-0.00000436,0.00001954,0.00002554,0.00000600,0.00000571,0.00000563,-0.00000008,0.00000278,0.00000094,-0.00000184,0.00000600,0.00000188,MIXED
MR01096[K,p],0.00000868,0.00000849,-0.00000019,0.00000820,0.00000959,0.00000139,0.00001031,0.00000925,-0.00000106,0.00001231,0.00001136,-0.00000095,0.00002354,0.00001923,-0.00000431,0.00001787,0.00002367,0.00000580,0.00000532,0.00000515,-0.00000017,0.00000259,0.00000105,-0.00000154,0.00000580,0.00000193,MIXED
MR01104[K,p],0.00000868,0.00000849,-0.00000019,0.00000820,0.00000959,0.00000139,0.00001031,0.00000925,-0.00000106,0.00001231,0.00001136,-0.00000095,0.00002354,0.00001923,-0.00000431,0.00001787,0.00002367,0.00000580,0.00000532,0.00000515,-0.00000017,0.00000259,0.00000105,-0.00000154,0.00000580,0.00000193,MIXED
cpTransport_C16162[K],0.00000868,0.00000849,-0.00000019,0.00000820,0.00000959,0.00000139,0.00001031,0.00000925,-0.00000106,0.00001231,0.00001136,-0.00000095,0.00002354,0.00001923,-0.00000431,0.00001787,0.00002367,0.00000580,0.00000532,0.00000515,-0.00000017,0.00000259,0.00000105,-0.00000154,0.00000580,0.00000193,MIXED
16:0/18:3-SQDGdegradation[K],0.00000868,0.00000849,-0.00000019,0.00000820,0.00000959,0.00000139,0.00000909,0.00000925,0.00000016,0.00001052,0.00000971,-0.00000081,0.00002322,0.00001923,-0.00000399,0.00001787,0.00002335,0.00000548,0.00000522,0.00000515,-0.00000007,0.00000254,0.00000086,-0.00000168,0.00000548,0.00000172,MIXED
MR01158[K,p],0.00000868,0.00000849,-0.00000019,0.00000820,0.00000959,0.00000139,0.00000909,0.00000925,0.00000016,0.00001052,0.00000971,-0.00000081,0.00002322,0.00001923,-0.00000399,0.00001787,0.00002335,0.00000548,0.00000532,0.00000515,-0.00000017,0.00000259,0.00000105,-0.00000154,0.00000548,0.00000172,MIXED
cpTransport_MC00945[K],0.00000868,0.00000849,-0.00000019,0.00000820,0.00000959,0.00000139,0.00000909,0.00000925,0.00000016,0.00001052,0.00000971,-0.00000081,0.00002322,0.00001923,-0.00000399,0.00001787,0.00002335,0.00000548,0.00000522,0.00000515,-0.00000007,0.00000254,0.00000086,-0.00000168,0.00000548,0.00000172,MIXED
ExB_C00811[K],0.00000866,0.00000848,-0.00000018,0.00000818,0.00000957,0.00000139,0.00000908,0.00000923,0.00000015,0.00001050,0.00000969,-0.00000081,0.00002317,0.00001919,-0.00000398,0.00001783,0.00002330,0.00000547,0.00000521,0.00000514,-0.00000007,0.00000253,0.00000086,-0.00000167,0.00000547,0.00000171,MIXED
18:3/18:3-MGDGdegradation[K],0.00000639,0.00000625,-0.00000014,0.00000583,0.00000706,0.00000123,0.00000608,0.00000680,0.00000072,0.00000684,0.00000632,-0.00000052,0.00001693,0.00001415,-0.00000278,0.00001271,0.00001702,0.00000431,0.00000371,0.00000366,-0.00000005,0.00000187,0.00000061,-0.00000126,0.00000431,0.00000138,MIXED
cpTransport_MC00930[K],0.00000639,0.00000625,-0.00000014,0.00000583,0.00000706,0.00000123,0.00000608,0.00000680,0.00000072,0.00000684,0.00000632,-0.00000052,0.00001693,0.00001415,-0.00000278,0.00001271,0.00001702,0.00000431,0.00000371,0.00000366,-0.00000005,0.00000187,0.00000061,-0.00000126,0.00000431,0.00000138,MIXED
R00667[K,m],0.00000000,-0.00000063,-0.00000063,0.00000000,-0.00000063,-0.00000063,0.00000000,0.00000000,0.00000000,0.00000000,0.00000000,0.00000000,0.00000000,0.00000000,0.00000000,0.00000000,0.00000000,0.00000000,0.00000000,0.00000000,0.00000000,0.00000000,-0.00000429,-0.00000429,0.00000429,0.00000069,DOWN
cmTransport_C00077[K],0.00000000,-0.00000063,-0.00000063,0.00000000,-0.00000063,-0.00000063,0.00000000,0.00000000,0.00000000,0.00000000,0.00000000,0.00000000,0.00000000,0.00000000,0.00000000,0.00000000,0.00000000,0.00000000,0.00000000,0.00000000,0.00000000,0.00000000,-0.00000429,-0.00000429,0.00000429,0.00000069,DOWN
cpTransport_C00077[K],0.00000000,0.00000063,0.00000063,0.00000000,0.00000063,0.00000063,0.00000000,0.00000000,0.00000000,0.00000000,0.00000000,0.00000000,0.00000000,0.00000000,0.00000000,0.00000000,0.00000000,0.00000000,0.00000000,0.00000000,0.00000000,0.00000000,0.00000429,0.00000429,0.00000429,0.00000069,UP
16:0/18:3-DGDGdegradation[K],0.00000000,0.00000000,0.00000000,0.00000000,0.00000000,0.00000000,0.00000000,0.00000000,0.00000000,0.00000000,0.00000000,0.00000000,0.00000370,0.00000301,-0.00000069,0.00000387,0.00000000,-0.00000387,0.00000000,0.00000000,0.00000000,0.00000000,0.00000000,0.00000000,0.00000387,0.00000057,DOWN
MR01132[K,p],0.00000000,0.00000000,0.00000000,0.00000000,0.00000000,0.00000000,0.00000000,0.00000000,0.00000000,0.00000000,0.00000000,0.00000000,0.00000370,0.00000301,-0.00000069,0.00000387,0.00000000,-0.00000387,0.00000000,0.00000000,0.00000000,0.00000000,0.00000000,0.00000000,0.00000387,0.00000057,DOWN
cpTransport_MC00936[K],0.00000000,0.00000000,0.00000000,0.00000000,0.00000000,0.00000000,0.00000000,0.00000000,0.00000000,0.00000000,0.00000000,0.00000000,0.00000370,0.00000301,-0.00000069,0.00000387,0.00000000,-0.00000387,0.00000000,0.00000000,0.00000000,0.00000000,0.00000000,0.00000000,0.00000387,0.00000057,DOWN
MR01110[K,p],0.00000017,0.00000016,-0.00000001,0.00000016,0.00000018,0.00000002,0.00000000,0.00000000,0.00000000,0.00000000,0.00000019,0.00000019,0.00000483,0.00000301,-0.00000182,0.00000421,0.00000045,-0.00000376,0.00000000,0.00000036,0.00000036,0.00000005,0.00000000,-0.00000005,0.00000376,0.00000078,MIXED
MR01146[K,p],0.00000017,0.00000016,-0.00000001,0.00000016,0.00000018,0.00000002,0.00000000,0.00000000,0.00000000,0.00000000,0.00000019,0.00000019,0.00000483,0.00000301,-0.00000182,0.00000421,0.00000045,-0.00000376,0.00000000,0.00000036,0.00000036,0.00000005,0.00000000,-0.00000005,0.00000376,0.00000078,MIXED
ExB_C15804[K],0.00000565,0.00000553,-0.00000012,0.00000533,0.00000624,0.00000091,0.00000592,0.00000602,0.00000010,0.00000685,0.00000632,-0.00000053,0.00001511,0.00001252,-0.00000259,0.00001163,0.00001520,0.00000357,0.00000340,0.00000335,-0.00000005,0.00000165,0.00000056,-0.00000109,0.00000357,0.00000112,MIXED
R01615[K,c],0.00000565,0.00000553,-0.00000012,0.00000533,0.00000624,0.00000091,0.00000592,0.00000602,0.00000010,0.00000685,0.00000632,-0.00000053,0.00001511,0.00001252,-0.00000259,0.00001163,0.00001520,0.00000357,0.00000340,0.00000335,-0.00000005,0.00000165,0.00000056,-0.00000109,0.00000357,0.00000112,MIXED
R04007[K,c],0.00000565,0.00000553,-0.00000012,0.00000533,0.00000624,0.00000091,0.00000592,0.00000602,0.00000010,0.00000685,0.00000632,-0.00000053,0.00001511,0.00001252,-0.00000259,0.00001163,0.00001520,0.00000357,0.00000340,0.00000335,-0.00000005,0.00000165,0.00000056,-0.00000109,0.00000357,0.00000112,MIXED
R07437[K,c],0.00000565,0.00000553,-0.00000012,0.00000533,0.00000624,0.00000091,0.00000592,0.00000602,0.00000010,0.00000685,0.00000632,-0.00000053,0.00001511,0.00001252,-0.00000259,0.00001163,0.00001520,0.00000357,0.00000340,0.00000335,-0.00000005,0.00000165,0.00000056,-0.00000109,0.00000357,0.00000112,MIXED
R00751[K,c],-0.00000488,-0.00000478,0.00000010,-0.00000461,-0.00000540,-0.00000079,-0.00000512,-0.00000520,-0.00000008,-0.00000592,-0.00000546,0.00000046,-0.00001306,-0.00001082,0.00000224,-0.00001121,-0.00001464,-0.00000343,-0.00000327,-0.00000323,0.00000004,-0.00000159,-0.00000054,0.00000105,0.00000343,0.00000102,MIXED
Exchange_160SQDG[K,L],0.00000504,0.00000463,-0.00000041,0.00000447,0.00000557,0.00000110,0.00000496,0.00000504,0.00000008,0.00000611,0.00000564,-0.00000047,0.00001350,0.00001118,-0.00000232,0.00001039,0.00001357,0.00000318,0.00000185,0.00000299,0.00000114,0.00000099,0.00000050,-0.00000049,0.00000318,0.00000115,MIXED
ExB_C00188[K],0.00000488,0.00000478,-0.00000010,0.00000461,0.00000540,0.00000079,0.00000512,0.00000520,0.00000008,0.00000592,0.00000546,-0.00000046,0.00001306,0.00001082,-0.00000224,0.00001006,0.00001314,0.00000308,0.00000294,0.00000290,-0.00000004,0.00000143,0.00000049,-0.00000094,0.00000308,0.00000097,MIXED
ExB_C00183[K],0.00000469,0.00000459,-0.00000010,0.00000443,0.00000518,0.00000075,0.00000491,0.00000500,0.00000009,0.00000568,0.00000525,-0.00000043,0.00001255,0.00001040,-0.00000215,0.00000966,0.00001262,0.00000296,0.00000282,0.00000278,-0.00000004,0.00000137,0.00000047,-0.00000090,0.00000296,0.00000093,MIXED
R01214[K,p],-0.00000469,-0.00000586,-0.00000117,-0.00000443,-0.00000645,-0.00000202,-0.00000491,-0.00000500,-0.00000009,-0.00000568,-0.00000525,0.00000043,-0.00001255,-0.00001040,0.00000215,-0.00000966,-0.00001262,-0.00000296,-0.00000282,-0.00000278,0.00000004,-0.00000137,-0.00000047,0.00000090,0.00000296,0.00000122,MIXED
cpTransport_C00183[K],-0.00000469,-0.00000586,-0.00000117,-0.00000443,-0.00000645,-0.00000202,-0.00000491,-0.00000500,-0.00000009,-0.00000568,-0.00000525,0.00000043,-0.00001255,-0.00001040,0.00000215,-0.00000966,-0.00001262,-0.00000296,-0.00000282,-0.00000278,0.00000004,-0.00000137,-0.00000047,0.00000090,0.00000296,0.00000122,MIXED
ExB_C00037[K],0.00000464,0.00000454,-0.00000010,0.00000438,0.00000512,0.00000074,0.00000486,0.00000494,0.00000008,0.00000562,0.00000519,-0.00000043,0.00001241,0.00001028,-0.00000213,0.00000955,0.00001248,0.00000293,0.00000279,0.00000275,-0.00000004,0.00000136,0.00000046,-0.00000090,0.00000293,0.00000092,MIXED
MR01094[K,p],0.00000182,0.00000179,-0.00000003,0.00000172,0.00000202,0.00000030,0.00000174,0.00000194,0.00000020,0.00000221,0.00000204,-0.00000017,0.00000972,0.00000706,-0.00000266,0.00000762,0.00000491,-0.00000271,0.00000000,0.00000135,0.00000135,0.00000000,0.00000000,0.00000000,0.00000271,0.00000093,MIXED
MR01102[K,p],0.00000182,0.00000179,-0.00000003,0.00000172,0.00000202,0.00000030,0.00000174,0.00000194,0.00000020,0.00000221,0.00000204,-0.00000017,0.00000972,0.00000706,-0.00000266,0.00000762,0.00000491,-0.00000271,0.00000000,0.00000135,0.00000135,0.00000000,0.00000000,0.00000000,0.00000271,0.00000093,MIXED
MR00011_mod[K,p],0.00000000,0.00000000,0.00000000,0.00000000,0.00000000,0.00000000,0.00000000,0.00000000,0.00000000,0.00000000,0.00000000,0.00000000,0.00000000,0.00000000,0.00000000,0.00000000,0.00000000,0.00000000,0.00000000,0.00000000,0.00000000,0.00000268,0.00000000,-0.00000268,0.00000268,0.00000034,DOWN
R00188[K,p],0.00000000,0.00000000,0.00000000,0.00000000,0.00000000,0.00000000,0.00000000,0.00000000,0.00000000,0.00000000,0.00000000,0.00000000,0.00000000,0.00000000,0.00000000,0.00000000,0.00000000,0.00000000,0.00000000,0.00000000,0.00000000,0.00000268,0.00000000,-0.00000268,0.00000268,0.00000034,DOWN
R00509[K,p],0.00000000,0.00000000,0.00000000,0.00000000,0.00000000,0.00000000,0.00000000,0.00000000,0.00000000,0.00000000,0.00000000,0.00000000,0.00000000,0.00000000,0.00000000,0.00000000,0.00000000,0.00000000,0.00000000,0.00000000,0.00000000,0.00000268,0.00000000,-0.00000268,0.00000268,0.00000034,DOWN
PhloemImport_C00044_I[K,c],0.00000000,0.00000011,0.00000011,0.00000093,0.00000000,-0.00000093,0.00000000,0.00000105,0.00000105,0.00000000,0.00000000,0.00000000,0.00000000,0.00000000,0.00000000,0.00000000,0.00000266,0.00000266,0.00000000,0.00000000,0.00000000,0.00000000,0.00000000,0.00000000,0.00000266,0.00000059,MIXED
PhloemTransport_C00044[K,c],0.00000000,0.00000011,0.00000011,0.00000093,0.00000000,-0.00000093,0.00000000,0.00000105,0.00000105,0.00000000,0.00000000,0.00000000,0.00000000,0.00000000,0.00000000,0.00000000,0.00000266,0.00000266,0.00000000,0.00000000,0.00000000,0.00000000,0.00000000,0.00000000,0.00000266,0.00000059,MIXED
PhloemImport_C00035_I[K,c],0.00000000,0.00000000,0.00000000,0.00000000,0.00000000,0.00000000,0.00000000,0.00000000,0.00000000,0.00000000,0.00000000,0.00000000,0.00000264,0.00000000,-0.00000264,0.00000000,0.00000000,0.00000000,0.00000000,0.00000000,0.00000000,0.00000000,0.00000000,0.00000000,0.00000264,0.00000033,DOWN
PhloemTransport_C00035[K,c],0.00000000,0.00000000,0.00000000,0.00000000,0.00000000,0.00000000,0.00000000,0.00000000,0.00000000,0.00000000,0.00000000,0.00000000,0.00000264,0.00000000,-0.00000264,0.00000000,0.00000000,0.00000000,0.00000000,0.00000000,0.00000000,0.00000000,0.00000000,0.00000000,0.00000264,0.00000033,DOWN
PhloemImport_C00063_I[K,c],0.00000000,0.00000000,0.00000000,0.00000000,0.00000000,0.00000000,0.00000000,0.00000000,0.00000000,0.00000000,0.00000000,0.00000000,0.00000251,0.00000000,-0.00000251,0.00000000,0.00000000,0.00000000,0.00000000,0.00000000,0.00000000,0.00000000,0.00000000,0.00000000,0.00000251,0.00000031,DOWN
PhloemTransport_C00063[K,c],0.00000000,0.00000000,0.00000000,0.00000000,0.00000000,0.00000000,0.00000000,0.00000000,0.00000000,0.00000000,0.00000000,0.00000000,0.00000251,0.00000000,-0.00000251,0.00000000,0.00000000,0.00000000,0.00000000,0.00000000,0.00000000,0.00000000,0.00000000,0.00000000,0.00000251,0.00000031,DOWN
R02037[K,c],0.00000066,0.00000000,-0.00000066,0.00000000,0.00000000,0.00000000,0.00000000,0.00000070,0.00000070,0.00000000,0.00000000,0.00000000,0.00000181,0.00000227,0.00000046,0.00000000,0.00000237,0.00000237,0.00000000,0.00000000,0.00000000,0.00000000,0.00000000,0.00000000,0.00000237,0.00000052,MIXED
R06868[K,c],0.00000066,0.00000000,-0.00000066,0.00000000,0.00000000,0.00000000,0.00000000,0.00000070,0.00000070,0.00000000,0.00000000,0.00000000,0.00000181,0.00000227,0.00000046,0.00000000,0.00000237,0.00000237,0.00000000,0.00000000,0.00000000,0.00000000,0.00000000,0.00000000,0.00000237,0.00000052,MIXED
R06869[K,c],0.00000066,0.00000000,-0.00000066,0.00000000,0.00000000,0.00000000,0.00000000,0.00000070,0.00000070,0.00000000,0.00000000,0.00000000,0.00000181,0.00000227,0.00000046,0.00000000,0.00000237,0.00000237,0.00000000,0.00000000,0.00000000,0.00000000,0.00000000,0.00000000,0.00000237,0.00000052,MIXED
16:0/16:0-DGDGdegradation[K],0.00000052,0.00000051,-0.00000001,0.00000041,0.00000058,0.00000017,0.00000055,0.00000056,0.00000001,0.00000082,0.00000058,-0.00000024,-0.00000060,0.00000000,0.00000060,-0.00000053,0.00000183,0.00000236,0.00000031,0.00000000,-0.00000031,0.00000015,0.00000005,-0.00000010,0.00000236,0.00000048,MIXED
MR01286[K,p],0.00000052,0.00000051,-0.00000001,0.00000041,0.00000058,0.00000017,0.00000055,0.00000056,0.00000001,0.00000082,0.00000058,-0.00000024,-0.00000060,0.00000000,0.00000060,-0.00000053,0.00000183,0.00000236,0.00000031,0.00000000,-0.00000031,0.00000015,0.00000005,-0.00000010,0.00000236,0.00000048,MIXED
MR01290[K,p],0.00000000,0.00000000,0.00000000,0.00000000,0.00000000,0.00000000,0.00000000,0.00000000,0.00000000,0.00000000,0.00000000,0.00000000,-0.00000060,0.00000000,0.00000060,-0.00000053,0.00000183,0.00000236,0.00000000,0.00000000,0.00000000,0.00000000,0.00000000,0.00000000,0.00000236,0.00000037,UP
cpTransport_MC00932[K],0.00000052,0.00000051,-0.00000001,0.00000041,0.00000058,0.00000017,0.00000055,0.00000056,0.00000001,0.00000082,0.00000058,-0.00000024,-0.00000060,0.00000000,0.00000060,-0.00000053,0.00000183,0.00000236,0.00000031,0.00000000,-0.00000031,0.00000015,0.00000005,-0.00000010,0.00000236,0.00000048,MIXED
PhloemImport_C00144_I[K,c],0.00000011,0.00000000,-0.00000011,0.00000000,0.00000109,0.00000109,0.00000103,0.00000000,-0.00000103,0.00000120,0.00000110,-0.00000010,0.00000000,0.00000219,0.00000219,0.00000203,0.00000000,-0.00000203,0.00000000,0.00000000,0.00000000,0.00000000,0.00000000,0.00000000,0.00000219,0.00000082,MIXED
PhloemTransport_C00144[K,c],0.00000011,0.00000000,-0.00000011,0.00000000,0.00000109,0.00000109,0.00000103,0.00000000,-0.00000103,0.00000120,0.00000110,-0.00000010,0.00000000,0.00000219,0.00000219,0.00000203,0.00000000,-0.00000203,0.00000000,0.00000000,0.00000000,0.00000000,0.00000000,0.00000000,0.00000219,0.00000082,MIXED
R00332[K,c],0.00000011,0.00000000,-0.00000011,0.00000000,0.00000109,0.00000109,0.00000103,0.00000000,-0.00000103,0.00000120,0.00000110,-0.00000010,0.00000000,0.00000219,0.00000219,0.00000203,0.00000000,-0.00000203,0.00000000,0.00000000,0.00000000,0.00000000,0.00000010,0.00000010,0.00000219,0.00000083,MIXED
PhloemImport_C00075_I[K,c],0.00000000,0.00000000,0.00000000,0.00000101,0.00000000,-0.00000101,0.00000000,0.00000000,0.00000000,0.00000210,0.00000000,-0.00000210,0.00000179,0.00000000,-0.00000179,0.00000138,0.00000000,-0.00000138,0.00000000,0.00000000,0.00000000,0.00000000,0.00000000,0.00000000,0.00000210,0.00000078,DOWN
PhloemTransport_C00075[K,c],0.00000000,0.00000000,0.00000000,0.00000101,0.00000000,-0.00000101,0.00000000,0.00000000,0.00000000,0.00000210,0.00000000,-0.00000210,0.00000179,0.00000000,-0.00000179,0.00000138,0.00000000,-0.00000138,0.00000000,0.00000000,0.00000000,0.00000000,0.00000000,0.00000000,0.00000210,0.00000078,DOWN
MR01097[K,p],0.00000000,0.00000000,0.00000000,0.00000000,0.00000000,0.00000000,0.00000000,0.00000000,0.00000000,0.00000000,0.00000000,0.00000000,0.00000000,0.00000000,0.00000000,0.00000000,0.00000183,0.00000183,0.00000000,0.00000000,0.00000000,0.00000000,0.00000000,0.00000000,0.00000183,0.00000023,UP
MR01289[K,p],0.00000000,0.00000000,0.00000000,0.00000000,0.00000000,0.00000000,0.00000000,0.00000000,0.00000000,0.00000000,0.00000000,0.00000000,0.00000000,0.00000000,0.00000000,0.00000000,0.00000183,0.00000183,0.00000000,0.00000000,0.00000000,0.00000000,0.00000000,0.00000000,0.00000183,0.00000023,UP
PhloemImport_C00055_I[K,c],0.00000161,0.00000011,-0.00000150,0.00000000,0.00000000,0.00000000,0.00000182,0.00000000,-0.00000182,0.00000000,0.00000000,0.00000000,0.00000000,0.00000000,0.00000000,0.00000000,0.00000000,0.00000000,0.00000000,0.00000000,0.00000000,0.00000000,0.00000000,0.00000000,0.00000182,0.00000041,DOWN
PhloemTransport_C00055[K,c],0.00000161,0.00000011,-0.00000150,0.00000000,0.00000000,0.00000000,0.00000182,0.00000000,-0.00000182,0.00000000,0.00000000,0.00000000,0.00000000,0.00000000,0.00000000,0.00000000,0.00000000,0.00000000,0.00000000,0.00000000,0.00000000,0.00000000,0.00000000,0.00000000,0.00000182,0.00000041,DOWN
16:0/18:3-PCdegradation[K],0.00000000,0.00000073,0.00000073,0.00000000,0.00000081,0.00000081,0.00000000,0.00000000,0.00000000,0.00000000,0.00000000,0.00000000,0.00000000,0.00000163,0.00000163,0.00000000,0.00000120,0.00000120,0.00000000,0.00000000,0.00000000,0.00000000,0.00000000,0.00000000,0.00000163,0.00000055,UP
MR01138[K,c],0.00000000,-0.00000073,-0.00000073,0.00000000,-0.00000081,-0.00000081,0.00000000,0.00000000,0.00000000,0.00000000,0.00000000,0.00000000,0.00000000,-0.00000163,-0.00000163,0.00000000,-0.00000120,-0.00000120,0.00000000,0.00000000,0.00000000,0.00000000,0.00000000,0.00000000,0.00000163,0.00000055,DOWN
MR01135[K,c],-0.00000029,-0.00000028,0.00000001,-0.00000027,-0.00000032,-0.00000005,-0.00000030,-0.00000031,-0.00000001,0.00000000,-0.00000032,-0.00000032,-0.00000077,-0.00000064,0.00000013,0.00000073,-0.00000078,-0.00000151,-0.00000017,0.00000048,0.00000065,0.00000001,-0.00000003,-0.00000004,0.00000151,0.00000034,MIXED
R08648_mod[K,p],0.00000000,0.00000000,0.00000000,0.00000000,0.00000000,0.00000000,0.00000000,0.00000000,0.00000000,0.00000000,0.00000000,0.00000000,0.00000000,0.00000000,0.00000000,0.00000000,0.00000150,0.00000150,0.00000034,0.00000000,-0.00000034,0.00000000,0.00000000,0.00000000,0.00000150,0.00000023,MIXED
16:0/18:2-PEdegradation[K],0.00000000,0.00000000,0.00000000,0.00000000,0.00000000,0.00000000,0.00000000,0.00000000,0.00000000,-0.00000070,0.00000000,0.00000070,0.00000000,0.00000148,0.00000148,0.00000000,0.00000000,0.00000000,0.00000000,0.00000000,0.00000000,0.00000000,0.00000001,0.00000001,0.00000148,0.00000027,UP
MR01094[K,c],0.00000000,0.00000000,0.00000000,0.00000000,0.00000000,0.00000000,0.00000000,0.00000000,0.00000000,0.00000000,0.00000000,0.00000000,0.00000000,0.00000148,0.00000148,0.00000000,0.00000000,0.00000000,0.00000000,0.00000000,0.00000000,0.00000000,0.00000000,0.00000000,0.00000148,0.00000019,UP
MR01102[K,c],0.00000000,0.00000000,0.00000000,0.00000000,0.00000000,0.00000000,0.00000000,0.00000000,0.00000000,0.00000000,0.00000000,0.00000000,0.00000000,0.00000148,0.00000148,0.00000000,0.00000000,0.00000000,0.00000000,0.00000000,0.00000000,0.00000000,0.00000000,0.00000000,0.00000148,0.00000019,UP
MR01163[K,c],0.00000000,0.00000000,0.00000000,0.00000000,0.00000000,0.00000000,0.00000000,0.00000000,0.00000000,-0.00000070,0.00000000,0.00000070,0.00000000,0.00000148,0.00000148,0.00000000,0.00000000,0.00000000,0.00000000,0.00000000,0.00000000,0.00000000,0.00000001,0.00000001,0.00000148,0.00000027,UP
cpTransport_C02050[K],0.00000000,0.00000000,0.00000000,0.00000000,0.00000000,0.00000000,0.00000000,0.00000000,0.00000000,0.00000000,0.00000000,0.00000000,0.00000000,0.00000148,0.00000148,0.00000000,0.00000000,0.00000000,0.00000000,0.00000000,0.00000000,0.00000000,0.00000000,0.00000000,0.00000148,0.00000019,UP
MR01084[K,p],0.00000000,0.00000000,0.00000000,0.00000000,0.00000000,0.00000000,0.00000000,0.00000000,0.00000000,0.00000000,0.00000000,0.00000000,0.00000000,0.00000000,0.00000000,0.00000000,0.00000000,0.00000000,0.00000000,0.00000000,0.00000000,0.00000000,0.00000144,0.00000144,0.00000144,0.00000018,UP
MR01089[K,p],0.00000000,0.00000000,0.00000000,0.00000000,0.00000000,0.00000000,0.00000000,0.00000000,0.00000000,0.00000000,0.00000000,0.00000000,0.00000000,0.00000000,0.00000000,0.00000000,0.00000000,0.00000000,0.00000000,0.00000000,0.00000000,0.00000000,0.00000144,0.00000144,0.00000144,0.00000018,UP
MR01099[K,p],0.00000000,0.00000000,0.00000000,0.00000000,0.00000000,0.00000000,0.00000000,0.00000000,0.00000000,0.00000000,0.00000000,0.00000000,0.00000000,0.00000000,0.00000000,0.00000000,0.00000000,0.00000000,0.00000000,0.00000000,0.00000000,0.00000000,0.00000144,0.00000144,0.00000144,0.00000018,UP
MR01107[K,p],0.00000000,0.00000000,0.00000000,0.00000003,0.00000000,-0.00000003,0.00000000,0.00000000,0.00000000,0.00000000,0.00000000,0.00000000,0.00000000,0.00000000,0.00000000,-0.00000001,0.00000000,0.00000001,0.00000000,0.00000000,0.00000000,0.00000000,0.00000144,0.00000144,0.00000144,0.00000019,MIXED
MR01133[K,p],-0.00000003,0.00000015,0.00000018,0.00000000,-0.00000004,-0.00000004,-0.00000006,-0.00000003,0.00000003,-0.00000007,-0.00000003,0.00000004,0.00000000,-0.00000013,-0.00000013,-0.00000006,-0.00000016,-0.00000010,0.00000000,-0.00000002,-0.00000002,0.00000000,0.00000144,0.00000144,0.00000144,0.00000025,MIXED
MR01134[K,p],-0.00000003,-0.00000027,-0.00000024,0.00000000,-0.00000004,-0.00000004,-0.00000006,-0.00000003,0.00000003,-0.00000007,-0.00000003,0.00000004,0.00000000,-0.00000013,-0.00000013,-0.00000006,-0.00000016,-0.00000010,0.00000000,-0.00000002,-0.00000002,0.00000000,0.00000144,0.00000144,0.00000144,0.00000025,MIXED
MR01144[K,p],0.00000000,-0.00000003,-0.00000003,0.00000003,0.00000000,-0.00000003,-0.00000003,-0.00000003,0.00000000,-0.00000003,-0.00000003,0.00000000,0.00000000,-0.00000006,-0.00000006,-0.00000006,-0.00000007,-0.00000001,0.00000002,-0.00000002,-0.00000004,0.00000001,0.00000144,0.00000143,0.00000143,0.00000020,MIXED
R00100[K,p],0.00000000,0.00000000,0.00000000,0.00000000,0.00000000,0.00000000,0.00000000,0.00000000,0.00000000,0.00000000,0.00000000,0.00000000,0.00000000,0.00000000,0.00000000,0.00000000,-0.00000138,-0.00000138,0.00000000,0.00000000,0.00000000,0.00000000,0.00000000,0.00000000,0.00000138,0.00000017,DOWN
R02222[K,p],0.00000000,0.00000000,0.00000000,0.00000000,0.00000000,0.00000000,0.00000000,0.00000000,0.00000000,0.00000000,0.00000000,0.00000000,0.00000000,0.00000000,0.00000000,0.00000000,-0.00000138,-0.00000138,0.00000000,0.00000000,0.00000000,0.00000000,0.00000000,0.00000000,0.00000138,0.00000017,DOWN
cpTransport_C00412[K],0.00000000,0.00000000,0.00000000,0.00000000,0.00000000,0.00000000,0.00000000,0.00000000,0.00000000,0.00000000,0.00000000,0.00000000,0.00000000,0.00000000,0.00000000,0.00000000,0.00000138,0.00000138,0.00000000,0.00000000,0.00000000,0.00000000,0.00000000,0.00000000,0.00000138,0.00000017,UP
MR01281[K,c],0.00000000,0.00000000,0.00000000,0.00000000,0.00000000,0.00000000,0.00000000,0.00000000,0.00000000,0.00000000,0.00000000,0.00000000,0.00000000,0.00000000,0.00000000,0.00000133,0.00000000,-0.00000133,0.00000000,0.00000000,0.00000000,0.00000000,0.00000000,0.00000000,0.00000133,0.00000017,DOWN
MR01166[K,c],-0.00000029,-0.00000028,0.00000001,-0.00000027,-0.00000032,-0.00000005,-0.00000030,-0.00000031,-0.00000001,0.00000000,-0.00000032,-0.00000032,0.00000012,-0.00000064,-0.00000076,0.00000142,0.00000012,-0.00000130,-0.00000017,0.00000048,0.00000065,0.00000001,0.00000000,-0.00000001,0.00000130,0.00000039,MIXED
Exchange_182PE[K,L],-0.00000067,-0.00000066,0.00000001,-0.00000063,-0.00000074,-0.00000011,-0.00000070,-0.00000071,-0.00000001,-0.00000081,-0.00000075,0.00000006,0.00000000,0.00000000,0.00000000,0.00000000,0.00000000,0.00000000,-0.00000040,0.00000090,0.00000130,0.00000000,0.00000000,0.00000000,0.00000130,0.00000019,MIXED
MR00186[K,m],0.00000000,0.00000127,0.00000127,0.00000000,0.00000127,0.00000127,0.00000000,0.00000000,0.00000000,0.00000000,0.00000000,0.00000000,0.00000000,0.00000000,0.00000000,0.00000000,0.00000000,0.00000000,0.00000000,0.00000000,0.00000000,0.00000000,0.00000000,0.00000000,0.00000127,0.00000032,UP
MR00285[K,c],0.00000000,0.00000127,0.00000127,0.00000000,0.00000127,0.00000127,0.00000000,0.00000000,0.00000000,0.00000000,0.00000000,0.00000000,0.00000000,0.00000000,0.00000000,0.00000000,0.00000000,0.00000000,0.00000000,0.00000000,0.00000000,0.00000000,0.00000000,0.00000000,0.00000127,0.00000032,UP
MR00747_mod[K,x],0.00000000,0.00000127,0.00000127,0.00000000,0.00000127,0.00000127,0.00000000,0.00000000,0.00000000,0.00000000,0.00000000,0.00000000,0.00000000,0.00000000,0.00000000,0.00000000,0.00000000,0.00000000,0.00000000,0.00000000,0.00000000,0.00000000,0.00000000,0.00000000,0.00000127,0.00000032,UP
R00715[K,c],0.00000000,0.00000127,0.00000127,0.00000000,0.00000127,0.00000127,0.00000000,0.00000000,0.00000000,0.00000000,0.00000000,0.00000000,0.00000000,0.00000000,0.00000000,0.00000000,0.00000000,0.00000000,0.00000000,0.00000000,0.00000000,0.00000000,0.00000000,0.00000000,0.00000127,0.00000032,UP
R00924[K,m],0.00000000,0.00000127,0.00000127,0.00000000,0.00000127,0.00000127,0.00000000,0.00000000,0.00000000,0.00000000,0.00000000,0.00000000,0.00000000,0.00000000,0.00000000,0.00000000,0.00000000,0.00000000,0.00000000,0.00000000,0.00000000,0.00000000,0.00000000,0.00000000,0.00000127,0.00000032,UP
R00932[K,x],0.00000000,-0.00000127,-0.00000127,0.00000000,-0.00000127,-0.00000127,0.00000000,0.00000000,0.00000000,0.00000000,0.00000000,0.00000000,0.00000000,0.00000000,0.00000000,0.00000000,0.00000000,0.00000000,0.00000000,0.00000000,0.00000000,0.00000000,0.00000000,0.00000000,0.00000127,0.00000032,DOWN
R00935[K,m],0.00000000,0.00000127,0.00000127,0.00000000,0.00000127,0.00000127,0.00000000,0.00000000,0.00000000,0.00000000,0.00000000,0.00000000,0.00000000,0.00000000,0.00000000,0.00000000,0.00000000,0.00000000,0.00000000,0.00000000,0.00000000,0.00000000,0.00000000,0.00000000,0.00000127,0.00000032,UP
R01121[K,c],0.00000000,0.00000127,0.00000127,0.00000000,0.00000127,0.00000127,0.00000000,0.00000000,0.00000000,0.00000000,0.00000000,0.00000000,0.00000000,0.00000000,0.00000000,0.00000000,0.00000000,0.00000000,0.00000000,0.00000000,0.00000000,0.00000000,0.00000000,0.00000000,0.00000127,0.00000032,UP
R01210[K,m],0.00000000,0.00000127,0.00000127,0.00000000,0.00000127,0.00000127,0.00000000,0.00000000,0.00000000,0.00000000,0.00000000,0.00000000,0.00000000,0.00000000,0.00000000,0.00000000,0.00000000,0.00000000,0.00000000,0.00000000,0.00000000,0.00000000,0.00000000,0.00000000,0.00000127,0.00000032,UP
R01214[K,m],0.00000000,0.00000127,0.00000127,0.00000000,0.00000127,0.00000127,0.00000000,0.00000000,0.00000000,0.00000000,0.00000000,0.00000000,0.00000000,0.00000000,0.00000000,0.00000000,0.00000000,0.00000000,0.00000000,0.00000000,0.00000000,0.00000000,0.00000000,0.00000000,0.00000127,0.00000032,UP
R01933[K,m],0.00000000,0.00000127,0.00000127,0.00000000,0.00000127,0.00000127,0.00000000,0.00000000,0.00000000,0.00000000,0.00000000,0.00000000,0.00000000,0.00000000,0.00000000,0.00000000,0.00000000,0.00000000,0.00000000,0.00000000,0.00000000,0.00000000,0.00000000,0.00000000,0.00000127,0.00000032,UP
R01939[K,c],0.00000000,0.00000127,0.00000127,0.00000000,0.00000127,0.00000127,0.00000000,0.00000000,0.00000000,0.00000000,0.00000000,0.00000000,0.00000000,0.00000000,0.00000000,0.00000000,0.00000000,0.00000000,0.00000000,0.00000000,0.00000000,0.00000000,0.00000000,0.00000000,0.00000127,0.00000032,UP
R01975[K,x],0.00000000,0.00000127,0.00000127,0.00000000,0.00000127,0.00000127,0.00000000,0.00000000,0.00000000,0.00000000,0.00000000,0.00000000,0.00000000,0.00000000,0.00000000,0.00000000,0.00000000,0.00000000,0.00000000,0.00000000,0.00000000,0.00000000,0.00000000,0.00000000,0.00000127,0.00000032,UP
R01978[K,c],0.00000000,0.00000127,0.00000127,0.00000000,0.00000127,0.00000127,0.00000000,0.00000000,0.00000000,0.00000000,0.00000000,0.00000000,0.00000000,0.00000000,0.00000000,0.00000000,0.00000000,0.00000000,0.00000000,0.00000000,0.00000000,0.00000000,0.00000000,0.00000000,0.00000127,0.00000032,UP
R02082[K,c],0.00000000,0.00000127,0.00000127,0.00000000,0.00000127,0.00000127,0.00000000,0.00000000,0.00000000,0.00000000,0.00000000,0.00000000,0.00000000,0.00000000,0.00000000,0.00000000,0.00000000,0.00000000,0.00000000,0.00000000,0.00000000,0.00000000,0.00000000,0.00000000,0.00000127,0.00000032,UP
R02245[K,c],0.00000000,0.00000127,0.00000127,0.00000000,0.00000127,0.00000127,0.00000000,0.00000000,0.00000000,0.00000000,0.00000000,0.00000000,0.00000000,0.00000000,0.00000000,0.00000000,0.00000000,0.00000000,0.00000000,0.00000000,0.00000000,0.00000000,0.00000000,0.00000000,0.00000127,0.00000032,UP
R02313[K,c],0.00000000,0.00000127,0.00000127,0.00000000,0.00000127,0.00000127,0.00000000,0.00000000,0.00000000,0.00000000,0.00000000,0.00000000,0.00000000,0.00000000,0.00000000,0.00000000,0.00000000,0.00000000,0.00000000,0.00000000,0.00000000,0.00000000,0.00000000,0.00000000,0.00000127,0.00000032,UP
R02317[K,c],0.00000000,0.00000127,0.00000127,0.00000000,0.00000127,0.00000127,0.00000000,0.00000000,0.00000000,0.00000000,0.00000000,0.00000000,0.00000000,0.00000000,0.00000000,0.00000000,0.00000000,0.00000000,0.00000000,0.00000000,0.00000000,0.00000000,0.00000000,0.00000000,0.00000127,0.00000032,UP
R02488[K,x],0.00000000,0.00000127,0.00000127,0.00000000,0.00000127,0.00000127,0.00000000,0.00000000,0.00000000,0.00000000,0.00000000,0.00000000,0.00000000,0.00000000,0.00000000,0.00000000,0.00000000,0.00000000,0.00000000,0.00000000,0.00000000,0.00000000,0.00000000,0.00000000,0.00000127,0.00000032,UP
R03026[K,x],0.00000000,-0.00000127,-0.00000127,0.00000000,-0.00000127,-0.00000127,0.00000000,0.00000000,0.00000000,0.00000000,0.00000000,0.00000000,0.00000000,0.00000000,0.00000000,0.00000000,0.00000000,0.00000000,0.00000000,0.00000000,0.00000000,0.00000000,0.00000000,0.00000000,0.00000127,0.00000032,DOWN
R03245[K,c],0.00000000,0.00000127,0.00000127,0.00000000,0.00000127,0.00000127,0.00000000,0.00000000,0.00000000,0.00000000,0.00000000,0.00000000,0.00000000,0.00000000,0.00000000,0.00000000,0.00000000,0.00000000,0.00000000,0.00000000,0.00000000,0.00000000,0.00000000,0.00000000,0.00000127,0.00000032,UP
R04224[K,m],0.00000000,0.00000127,0.00000127,0.00000000,0.00000127,0.00000127,0.00000000,0.00000000,0.00000000,0.00000000,0.00000000,0.00000000,0.00000000,0.00000000,0.00000000,0.00000000,0.00000000,0.00000000,0.00000000,0.00000000,0.00000000,0.00000000,0.00000000,0.00000000,0.00000127,0.00000032,UP
R04432[K,x],0.00000000,0.00000127,0.00000127,0.00000000,0.00000127,0.00000127,0.00000000,0.00000000,0.00000000,0.00000000,0.00000000,0.00000000,0.00000000,0.00000000,0.00000000,0.00000000,0.00000000,0.00000000,0.00000000,0.00000000,0.00000000,0.00000000,0.00000000,0.00000000,0.00000127,0.00000032,UP
R05064[K,m],0.00000000,0.00000127,0.00000127,0.00000000,0.00000127,0.00000127,0.00000000,0.00000000,0.00000000,0.00000000,0.00000000,0.00000000,0.00000000,0.00000000,0.00000000,0.00000000,0.00000000,0.00000000,0.00000000,0.00000000,0.00000000,0.00000000,0.00000000,0.00000000,0.00000127,0.00000032,UP
R05066[K,m],0.00000000,0.00000127,0.00000127,0.00000000,0.00000127,0.00000127,0.00000000,0.00000000,0.00000000,0.00000000,0.00000000,0.00000000,0.00000000,0.00000000,0.00000000,0.00000000,0.00000000,0.00000000,0.00000000,0.00000000,0.00000000,0.00000000,0.00000000,0.00000000,0.00000127,0.00000032,UP
cmTransport_C00183[K],0.00000000,0.00000127,0.00000127,0.00000000,0.00000127,0.00000127,0.00000000,0.00000000,0.00000000,0.00000000,0.00000000,0.00000000,0.00000000,0.00000000,0.00000000,0.00000000,0.00000000,0.00000000,0.00000000,0.00000000,0.00000000,0.00000000,0.00000000,0.00000000,0.00000127,0.00000032,UP
cmTransport_C00322[K],0.00000000,0.00000127,0.00000127,0.00000000,0.00000127,0.00000127,0.00000000,0.00000000,0.00000000,0.00000000,0.00000000,0.00000000,0.00000000,0.00000000,0.00000000,0.00000000,0.00000000,0.00000000,0.00000000,0.00000000,0.00000000,0.00000000,0.00000000,0.00000000,0.00000127,0.00000032,UP
cmTransport_C00527[K],0.00000000,-0.00000127,-0.00000127,0.00000000,-0.00000127,-0.00000127,0.00000000,0.00000000,0.00000000,0.00000000,0.00000000,0.00000000,0.00000000,0.00000000,0.00000000,0.00000000,0.00000000,0.00000000,0.00000000,0.00000000,0.00000000,0.00000000,0.00000000,0.00000000,0.00000127,0.00000032,DOWN
cmTransport_C00894[K],0.00000000,-0.00000127,-0.00000127,0.00000000,-0.00000127,-0.00000127,0.00000000,0.00000000,0.00000000,0.00000000,0.00000000,0.00000000,0.00000000,0.00000000,0.00000000,0.00000000,0.00000000,0.00000000,0.00000000,0.00000000,0.00000000,0.00000000,0.00000000,0.00000000,0.00000127,0.00000032,DOWN
cpTransport_C00129[K],0.00000000,0.00000127,0.00000127,0.00000000,0.00000127,0.00000127,0.00000000,0.00000000,0.00000000,0.00000000,0.00000000,0.00000000,0.00000000,0.00000000,0.00000000,0.00000000,0.00000000,0.00000000,0.00000000,0.00000000,0.00000000,0.00000000,0.00000000,0.00000000,0.00000127,0.00000032,UP
cxTransport_C00010[K],0.00000000,-0.00000127,-0.00000127,0.00000000,-0.00000127,-0.00000127,0.00000000,0.00000000,0.00000000,0.00000000,0.00000000,0.00000000,0.00000000,0.00000000,0.00000000,0.00000000,0.00000000,0.00000000,0.00000000,0.00000000,0.00000000,0.00000000,0.00000000,0.00000000,0.00000127,0.00000032,DOWN
cxTransport_C00026[K],0.00000000,-0.00000127,-0.00000127,0.00000000,-0.00000127,-0.00000127,0.00000000,0.00000000,0.00000000,0.00000000,0.00000000,0.00000000,0.00000000,0.00000000,0.00000000,0.00000000,0.00000000,0.00000000,0.00000000,0.00000000,0.00000000,0.00000000,0.00000000,0.00000000,0.00000127,0.00000032,DOWN
cxTransport_C00332[K],0.00000000,-0.00000127,-0.00000127,0.00000000,-0.00000127,-0.00000127,0.00000000,0.00000000,0.00000000,0.00000000,0.00000000,0.00000000,0.00000000,0.00000000,0.00000000,0.00000000,0.00000000,0.00000000,0.00000000,0.00000000,0.00000000,0.00000000,0.00000000,0.00000000,0.00000127,0.00000032,DOWN
cxTransport_C00527[K],0.00000000,0.00000127,0.00000127,0.00000000,0.00000127,0.00000127,0.00000000,0.00000000,0.00000000,0.00000000,0.00000000,0.00000000,0.00000000,0.00000000,0.00000000,0.00000000,0.00000000,0.00000000,0.00000000,0.00000000,0.00000000,0.00000000,0.00000000,0.00000000,0.00000127,0.00000032,UP
cxTransport_C00894[K],0.00000000,0.00000127,0.00000127,0.00000000,0.00000127,0.00000127,0.00000000,0.00000000,0.00000000,0.00000000,0.00000000,0.00000000,0.00000000,0.00000000,0.00000000,0.00000000,0.00000000,0.00000000,0.00000000,0.00000000,0.00000000,0.00000000,0.00000000,0.00000000,0.00000127,0.00000032,UP
16:0/18:3-MGDGdegradation[K],0.00000000,0.00000000,0.00000000,0.00000000,0.00000000,0.00000000,0.00000122,0.00000000,-0.00000122,0.00000179,0.00000165,-0.00000014,0.00000032,0.00000000,-0.00000032,0.00000000,0.00000032,0.00000032,0.00000000,0.00000000,0.00000000,0.00000000,0.00000000,0.00000000,0.00000122,0.00000025,MIXED
MR01285[K,p],0.00000000,0.00000000,0.00000000,0.00000000,0.00000000,0.00000000,0.00000122,0.00000000,-0.00000122,0.00000179,0.00000165,-0.00000014,0.00000032,0.00000000,-0.00000032,0.00000000,0.00000032,0.00000032,0.00000000,0.00000000,0.00000000,0.00000000,0.00000000,0.00000000,0.00000122,0.00000025,MIXED
cpTransport_MC00925[K],0.00000000,0.00000000,0.00000000,0.00000000,0.00000000,0.00000000,0.00000122,0.00000000,-0.00000122,0.00000179,0.00000165,-0.00000014,0.00000032,0.00000000,-0.00000032,0.00000000,0.00000032,0.00000032,0.00000000,0.00000000,0.00000000,0.00000000,0.00000000,0.00000000,0.00000122,0.00000025,MIXED
MR01282[K,c],0.00000000,0.00000000,0.00000000,0.00000000,0.00000000,0.00000000,0.00000000,0.00000000,0.00000000,0.00000117,0.00000000,-0.00000117,0.00000000,0.00000000,0.00000000,0.00000000,0.00000000,0.00000000,0.00000000,0.00000000,0.00000000,0.00000000,0.00000000,0.00000000,0.00000117,0.00000015,DOWN
MR01276[K,c],0.00000000,0.00000102,0.00000102,0.00000000,0.00000115,0.00000115,0.00000071,0.00000000,-0.00000071,0.00000000,0.00000000,0.00000000,0.00000000,0.00000000,0.00000000,0.00000000,0.00000000,0.00000000,0.00000000,0.00000000,0.00000000,0.00000000,0.00000000,0.00000000,0.00000115,0.00000036,MIXED
R04673_mod[K,p],0.00000000,0.00000000,0.00000000,0.00000000,0.00000000,0.00000000,0.00000000,0.00000000,0.00000000,0.00000000,0.00000063,0.00000063,0.00000000,0.00000000,0.00000000,0.00000115,0.00000000,-0.00000115,0.00000000,0.00000033,0.00000033,0.00000016,0.00000006,-0.00000010,0.00000115,0.00000028,MIXED
16:0/18:2-DGDGdegradation[K],0.00000000,0.00000000,0.00000000,0.00000000,0.00000000,0.00000000,0.00000000,0.00000000,0.00000000,0.00000000,0.00000000,0.00000000,0.00000113,0.00000000,-0.00000113,0.00000000,0.00000000,0.00000000,0.00000000,0.00000000,0.00000000,0.00000000,0.00000000,0.00000000,0.00000113,0.00000014,DOWN
cpTransport_MC00935[K],0.00000000,0.00000000,0.00000000,0.00000000,0.00000000,0.00000000,0.00000000,0.00000000,0.00000000,0.00000000,0.00000000,0.00000000,0.00000113,0.00000000,-0.00000113,0.00000000,0.00000000,0.00000000,0.00000000,0.00000000,0.00000000,0.00000000,0.00000000,0.00000000,0.00000113,0.00000014,DOWN
16:0/18:2-SQDGdegradation[K],0.00000166,0.00000162,-0.00000004,0.00000157,0.00000183,0.00000026,0.00000174,0.00000177,0.00000003,0.00000201,0.00000186,-0.00000015,0.00000444,0.00000368,-0.00000076,0.00000342,0.00000446,0.00000104,0.00000000,0.00000098,0.00000098,0.00000000,0.00000017,0.00000017,0.00000104,0.00000043,MIXED
MR01156[K,p],0.00000166,0.00000162,-0.00000004,0.00000157,0.00000183,0.00000026,0.00000174,0.00000194,0.00000020,0.00000221,0.00000186,-0.00000035,0.00000488,0.00000405,-0.00000083,0.00000342,0.00000446,0.00000104,0.00000000,0.00000098,0.00000098,-0.00000005,0.00000000,0.00000005,0.00000104,0.00000047,MIXED
PhloemImport_C00082[K,c],0.00000137,0.00000162,0.00000025,0.00000156,0.00000151,-0.00000005,0.00000173,0.00000176,0.00000003,0.00000201,0.00000185,-0.00000016,0.00000443,0.00000367,-0.00000076,0.00000341,0.00000445,0.00000104,0.00000017,0.00000000,-0.00000017,0.00000008,0.00000003,-0.00000005,0.00000104,0.00000031,MIXED
PhloemTransport_C00082[K,c],0.00000137,0.00000162,0.00000025,0.00000156,0.00000151,-0.00000005,0.00000173,0.00000176,0.00000003,0.00000201,0.00000185,-0.00000016,0.00000443,0.00000367,-0.00000076,0.00000341,0.00000445,0.00000104,0.00000017,0.00000000,-0.00000017,0.00000008,0.00000003,-0.00000005,0.00000104,0.00000031,MIXED
cpTransport_MC00944[K],0.00000166,0.00000162,-0.00000004,0.00000157,0.00000183,0.00000026,0.00000174,0.00000177,0.00000003,0.00000201,0.00000186,-0.00000015,0.00000444,0.00000368,-0.00000076,0.00000342,0.00000446,0.00000104,0.00000000,0.00000098,0.00000098,0.00000000,0.00000017,0.00000017,0.00000104,0.00000043,MIXED
MR01142[K,c],0.00000000,0.00000102,0.00000102,0.00000043,0.00000115,0.00000072,0.00000071,0.00000000,-0.00000071,0.00000000,0.00000000,0.00000000,0.00000000,0.00000000,0.00000000,0.00000000,0.00000000,0.00000000,0.00000000,0.00000000,0.00000000,0.00000000,0.00000000,0.00000000,0.00000102,0.00000031,MIXED
MR01168[K,c],0.00000000,0.00000102,0.00000102,0.00000043,0.00000114,0.00000071,0.00000071,0.00000000,-0.00000071,0.00000000,0.00000000,0.00000000,0.00000000,0.00000000,0.00000000,0.00000000,0.00000000,0.00000000,0.00000000,0.00000000,0.00000000,0.00000000,0.00000000,0.00000000,0.00000102,0.00000030,MIXED
Exchange_182SQDG[K,L],0.00000000,0.00000000,0.00000000,0.00000000,0.00000000,0.00000000,0.00000000,0.00000000,0.00000000,0.00000000,0.00000000,0.00000000,0.00000000,0.00000000,0.00000000,0.00000000,0.00000000,0.00000000,-0.00000100,0.00000000,0.00000100,-0.00000049,0.00000000,0.00000049,0.00000100,0.00000019,UP
18:3/18:3-PCdegradation[K],0.00000034,-0.00000003,-0.00000037,0.00000032,-0.00000003,-0.00000035,0.00000035,0.00000036,0.00000001,0.00000041,0.00000000,-0.00000041,0.00000090,-0.00000007,-0.00000097,0.00000070,0.00000031,-0.00000039,0.00000020,0.00000020,0.00000000,0.00000000,0.00000003,0.00000003,0.00000097,0.00000032,MIXED
MR01137[K,c],-0.00000034,0.00000003,0.00000037,-0.00000032,0.00000003,0.00000035,-0.00000035,-0.00000036,-0.00000001,0.00000076,0.00000000,-0.00000076,-0.00000090,0.00000007,0.00000097,-0.00000070,-0.00000031,0.00000039,-0.00000020,-0.00000020,0.00000000,0.00000000,-0.00000003,-0.00000003,0.00000097,0.00000036,MIXED
Exchange_182MGDG[K,L],-0.00000043,0.00000000,0.00000043,0.00000000,-0.00000047,-0.00000047,0.00000000,-0.00000046,-0.00000046,-0.00000052,-0.00000048,0.00000004,0.00000000,-0.00000095,-0.00000095,0.00000000,0.00000000,0.00000000,0.00000000,0.00000000,0.00000000,-0.00000013,0.00000000,0.00000013,0.00000095,0.00000031,MIXED
Exchange_182DGDG[K,L],0.00000000,0.00000000,0.00000000,0.00000000,0.00000000,0.00000000,0.00000000,-0.00000045,-0.00000045,-0.00000051,0.00000000,0.00000051,0.00000000,-0.00000094,-0.00000094,0.00000000,0.00000000,0.00000000,0.00000000,0.00000000,0.00000000,-0.00000012,0.00000000,0.00000012,0.00000094,0.00000025,MIXED
PhloemImport_C00020_I[K,c],0.00000000,0.00000000,0.00000000,0.00000000,0.00000000,0.00000000,0.00000000,0.00000000,0.00000000,0.00000000,0.00000000,0.00000000,0.00000000,0.00000000,0.00000000,0.00000000,0.00000000,0.00000000,0.00006689,0.00006596,-0.00000093,0.00000000,0.00000000,0.00000000,0.00000093,0.00000012,DOWN
PhloemTransport_C00020[K,c],0.00000000,0.00000000,0.00000000,0.00000000,0.00000000,0.00000000,0.00000000,0.00000000,0.00000000,0.00000000,0.00000000,0.00000000,0.00000000,0.00000000,0.00000000,0.00000000,0.00000000,0.00000000,0.00006689,0.00006596,-0.00000093,0.00000000,0.00000000,0.00000000,0.00000093,0.00000012,DOWN
16:0/16:0-PCdegradation[K],0.00000000,-0.00000014,-0.00000014,0.00000000,-0.00000016,-0.00000016,0.00000023,0.00000024,0.00000001,-0.00000008,0.00000000,0.00000008,0.00000060,-0.00000032,-0.00000092,0.00000046,0.00000000,-0.00000046,0.00000000,0.00000000,0.00000000,0.00000000,0.00000000,0.00000000,0.00000092,0.00000022,MIXED
MR01275[K,c],0.00000000,-0.00000014,-0.00000014,0.00000000,-0.00000016,-0.00000016,0.00000023,0.00000024,0.00000001,-0.00000008,0.00000000,0.00000008,0.00000060,-0.00000032,-0.00000092,0.00000046,0.00000000,-0.00000046,0.00000000,0.00000000,0.00000000,0.00000000,0.00000000,0.00000000,0.00000092,0.00000022,MIXED
MR01241[K,c],0.00000000,0.00000000,0.00000000,0.00000000,0.00000000,0.00000000,0.00000000,0.00000000,0.00000000,0.00000000,0.00000000,0.00000000,0.00000089,0.00000000,-0.00000089,0.00000069,0.00000090,0.00000021,0.00000000,0.00000000,0.00000000,0.00000000,0.00000003,0.00000003,0.00000089,0.00000014,MIXED
MR01241[K,p],0.00000000,0.00000000,0.00000000,0.00000000,0.00000000,0.00000000,0.00000000,0.00000000,0.00000000,0.00000000,0.00000000,0.00000000,-0.00000089,0.00000000,0.00000089,-0.00000069,-0.00000090,-0.00000021,0.00000000,0.00000000,0.00000000,0.00000000,0.00000000,0.00000000,0.00000089,0.00000014,MIXED
cpTransport_MC00950[K],0.00000000,0.00000000,0.00000000,0.00000000,0.00000000,0.00000000,0.00000000,0.00000000,0.00000000,0.00000000,0.00000000,0.00000000,0.00000089,0.00000000,-0.00000089,0.00000069,0.00000090,0.00000021,0.00000000,0.00000000,0.00000000,0.00000000,0.00000003,0.00000003,0.00000089,0.00000014,MIXED
18:2/18:3-MGDGdegradation[K],0.00000000,0.00000000,0.00000000,0.00000000,0.00000000,0.00000000,0.00000000,0.00000000,0.00000000,0.00000000,0.00000000,0.00000000,0.00000000,0.00000000,0.00000000,0.00000088,0.00000000,-0.00000088,0.00000000,0.00000000,0.00000000,0.00000000,0.00000004,0.00000004,0.00000088,0.00000012,MIXED
MR01113[K,c],0.00000000,0.00000000,0.00000000,0.00000088,0.00000000,-0.00000088,0.00000000,0.00000000,0.00000000,0.00000000,0.00000000,0.00000000,0.00000000,0.00000000,0.00000000,0.00000000,0.00000000,0.00000000,0.00000000,0.00000000,0.00000000,0.00000000,0.00000000,0.00000000,0.00000088,0.00000011,DOWN
MR01140[K,c],0.00000000,0.00000000,0.00000000,0.00000088,0.00000000,-0.00000088,0.00000000,0.00000000,0.00000000,0.00000000,0.00000000,0.00000000,0.00000000,0.00000000,0.00000000,0.00000000,0.00000000,0.00000000,0.00000000,-0.00000027,-0.00000027,0.00000000,0.00000006,0.00000006,0.00000088,0.00000015,MIXED
R00512[K,p],0.00000000,0.00000000,0.00000000,-0.00000088,0.00000000,0.00000088,0.00000000,0.00000000,0.00000000,0.00000000,0.00000000,0.00000000,0.00000000,0.00000000,0.00000000,0.00000000,-0.00000068,-0.00000068,0.00000000,0.00000000,0.00000000,0.00000000,0.00000003,0.00000003,0.00000088,0.00000020,MIXED
R01310[K,p],0.00000000,0.00000000,0.00000000,-0.00000088,0.00000000,0.00000088,0.00000000,0.00000000,0.00000000,0.00000000,0.00000000,0.00000000,0.00000000,0.00000000,0.00000000,0.00000000,0.00000000,0.00000000,0.00000000,0.00000000,0.00000000,0.00000000,0.00000000,0.00000000,0.00000088,0.00000011,UP
R01321_mod[K,p],0.00000000,0.00000000,0.00000000,-0.00000088,0.00000000,0.00000088,0.00000000,0.00000000,0.00000000,0.00000000,0.00000000,0.00000000,0.00000000,0.00000000,0.00000000,0.00000000,0.00000000,0.00000000,0.00000000,0.00000000,0.00000000,0.00000000,0.00000000,0.00000000,0.00000088,0.00000011,UP
R02239_mod[K,p],0.00000000,0.00000000,0.00000000,-0.00000088,0.00000000,0.00000088,0.00000000,0.00000000,0.00000000,0.00000000,0.00000000,0.00000000,0.00000000,0.00000000,0.00000000,0.00000000,0.00000000,0.00000000,0.00000000,0.00000000,0.00000000,0.00000000,0.00000000,0.00000000,0.00000088,0.00000011,UP
R06871[K,c],0.00000000,0.00000000,0.00000000,0.00000088,0.00000000,-0.00000088,0.00000000,0.00000000,0.00000000,0.00000000,0.00000000,0.00000000,0.00000000,0.00000000,0.00000000,0.00000000,0.00000000,0.00000000,0.00000000,0.00000000,0.00000000,0.00000000,0.00000000,0.00000000,0.00000088,0.00000011,DOWN
cpTransport_C00114[K],0.00000000,0.00000000,0.00000000,0.00000088,0.00000000,-0.00000088,0.00000000,0.00000000,0.00000000,0.00000000,0.00000000,0.00000000,0.00000000,0.00000000,0.00000000,0.00000000,0.00000000,0.00000000,0.00000000,-0.00000007,-0.00000007,0.00000000,0.00000000,0.00000000,0.00000088,0.00000012,DOWN
cpTransport_C00307[K],0.00000000,0.00000000,0.00000000,-0.00000088,0.00000000,0.00000088,0.00000000,0.00000000,0.00000000,0.00000000,0.00000000,0.00000000,0.00000000,0.00000000,0.00000000,0.00000000,0.00000000,0.00000000,0.00000000,0.00000007,0.00000007,0.00000000,0.00000000,0.00000000,0.00000088,0.00000012,UP
cpTransport_MC00929[K],0.00000000,0.00000000,0.00000000,0.00000000,0.00000000,0.00000000,0.00000000,0.00000000,0.00000000,0.00000000,0.00000000,0.00000000,0.00000000,0.00000000,0.00000000,0.00000088,0.00000000,-0.00000088,0.00000000,0.00000000,0.00000000,0.00000000,0.00000004,0.00000004,0.00000088,0.00000012,MIXED
R00570[K,p],0.00000000,0.00000000,0.00000000,-0.00000101,-0.00000014,0.00000087,-0.00000014,0.00000000,0.00000014,0.00000000,0.00000000,0.00000000,0.00000000,0.00000000,0.00000000,0.00000000,-0.00000068,-0.00000068,0.00000000,-0.00000007,-0.00000007,-0.00000003,0.00000003,0.00000006,0.00000087,0.00000023,MIXED
R00573[K,p],0.00000000,0.00000000,0.00000000,0.00000101,0.00000014,-0.00000087,0.00000014,0.00000000,-0.00000014,0.00000000,0.00000000,0.00000000,0.00000000,0.00000000,0.00000000,0.00000000,0.00000000,0.00000000,0.00000000,0.00000000,0.00000000,0.00000003,0.00000000,-0.00000003,0.00000087,0.00000013,DOWN
ExB_C00076[K],0.00000137,0.00000134,-0.00000003,0.00000130,0.00000152,0.00000022,0.00000144,0.00000146,0.00000002,0.00000166,0.00000154,-0.00000012,0.00000367,0.00000304,-0.00000063,0.00000283,0.00000369,0.00000086,0.00000083,0.00000081,-0.00000002,0.00000040,0.00000014,-0.00000026,0.00000086,0.00000027,MIXED
ExB_C00082[K],0.00000137,0.00000134,-0.00000003,0.00000129,0.00000151,0.00000022,0.00000143,0.00000146,0.00000003,0.00000166,0.00000153,-0.00000013,0.00000366,0.00000303,-0.00000063,0.00000282,0.00000368,0.00000086,0.00000000,0.00000000,0.00000000,0.00000000,0.00000000,0.00000000,0.00000086,0.00000024,MIXED
PhloemImport_C00076[K,c],0.00000137,0.00000134,-0.00000003,0.00000130,0.00000152,0.00000022,0.00000144,0.00000146,0.00000002,0.00000166,0.00000154,-0.00000012,0.00000367,0.00000304,-0.00000063,0.00000283,0.00000369,0.00000086,0.00000083,0.00000081,-0.00000002,0.00000040,0.00000014,-0.00000026,0.00000086,0.00000027,MIXED
PhloemTransport_C00076[K,c],0.00000137,0.00000134,-0.00000003,0.00000130,0.00000152,0.00000022,0.00000144,0.00000146,0.00000002,0.00000166,0.00000154,-0.00000012,0.00000367,0.00000304,-0.00000063,0.00000283,0.00000369,0.00000086,0.00000083,0.00000081,-0.00000002,0.00000040,0.00000014,-0.00000026,0.00000086,0.00000027,MIXED
Exchange_180PE[K,L],0.00000000,-0.00000004,-0.00000004,0.00000081,-0.00000004,-0.00000085,-0.00000004,0.00000000,0.00000004,-0.00000005,0.00000071,0.00000076,-0.00000011,-0.00000001,0.00000010,-0.00000008,0.00000000,0.00000008,0.00000079,-0.00000002,-0.00000081,0.00000000,0.00000000,0.00000000,0.00000085,0.00000034,MIXED
18:2/18:2-PEdegradation[K],-0.00000029,-0.00000028,0.00000001,-0.00000027,-0.00000032,-0.00000005,-0.00000030,-0.00000031,-0.00000001,0.00000000,-0.00000032,-0.00000032,0.00000012,-0.00000064,-0.00000076,0.00000009,0.00000012,0.00000003,-0.00000017,0.00000048,0.00000065,0.00000001,0.00000000,-0.00000001,0.00000076,0.00000023,MIXED
Exchange_183PC[K,L],0.00000000,0.00000000,0.00000000,0.00000000,0.00000000,0.00000000,0.00000000,0.00000000,0.00000000,0.00000000,-0.00000076,-0.00000076,0.00000000,0.00000000,0.00000000,0.00000000,0.00000000,0.00000000,0.00000000,0.00000000,0.00000000,-0.00000019,0.00000000,0.00000019,0.00000076,0.00000012,MIXED
ExB_C00079[K],0.00000119,0.00000116,-0.00000003,0.00000112,0.00000131,0.00000019,0.00000124,0.00000126,0.00000002,0.00000144,0.00000133,-0.00000011,0.00000317,0.00000263,-0.00000054,0.00000244,0.00000319,0.00000075,0.00000000,0.00000000,0.00000000,0.00000000,0.00000000,0.00000000,0.00000075,0.00000021,MIXED
Exchange_180PC[K,L],-0.00000004,0.00000000,0.00000004,0.00000000,0.00000000,0.00000000,0.00000000,-0.00000004,-0.00000004,0.00000000,-0.00000075,-0.00000075,0.00000000,-0.00000008,-0.00000008,0.00000000,-0.00000010,-0.00000010,0.00000000,0.00000000,0.00000000,-0.00000001,0.00000000,0.00000001,0.00000075,0.00000013,MIXED
16:0/18:2-PCdegradation[K],0.00000000,0.00000000,0.00000000,0.00000000,0.00000000,0.00000000,0.00000000,0.00000000,0.00000000,0.00000070,0.00000000,-0.00000070,0.00000000,0.00000000,0.00000000,0.00000000,0.00000000,0.00000000,0.00000000,0.00000027,0.00000027,0.00000000,-0.00000001,-0.00000001,0.00000070,0.00000012,MIXED
MR01136[K,c],0.00000000,0.00000000,0.00000000,0.00000000,0.00000000,0.00000000,0.00000000,0.00000000,0.00000000,-0.00000070,0.00000000,0.00000070,0.00000000,0.00000000,0.00000000,0.00000000,0.00000000,0.00000000,0.00000000,0.00000000,0.00000000,0.00000000,0.00000001,0.00000001,0.00000070,0.00000009,UP
MR01086[K,c],0.00000000,0.00000000,0.00000000,0.00000000,0.00000000,0.00000000,0.00000000,0.00000000,0.00000000,0.00000000,0.00000000,0.00000000,0.00000000,0.00000000,0.00000000,0.00000000,0.00000069,0.00000069,0.00000000,0.00000000,0.00000000,0.00000000,0.00000000,0.00000000,0.00000069,0.00000009,UP
MR01091[K,c],0.00000000,0.00000000,0.00000000,0.00000000,0.00000000,0.00000000,0.00000000,0.00000000,0.00000000,0.00000000,0.00000000,0.00000000,0.00000000,0.00000000,0.00000000,0.00000000,0.00000069,0.00000069,0.00000000,0.00000000,0.00000000,0.00000000,0.00000000,0.00000000,0.00000069,0.00000009,UP
MR01105[K,c],0.00000000,0.00000000,0.00000000,0.00000000,0.00000000,0.00000000,0.00000000,0.00000000,0.00000000,0.00000000,0.00000000,0.00000000,0.00000000,0.00000000,0.00000000,0.00000000,0.00000069,0.00000069,0.00000000,0.00000000,0.00000000,0.00000000,0.00000000,0.00000000,0.00000069,0.00000009,UP
Exchange_C00123[K,L],999.99999890,999.99999893,0.00000003,999.99999896,999.99999879,-0.00000017,999.99999885,999.99999883,-0.00000002,999.99999867,999.99999877,0.00000010,999.99999707,999.99999757,0.00000050,999.99999774,999.99999705,-0.00000069,999.99999934,999.99999935,0.00000001,999.99999968,999.99999989,0.00000021,0.00000069,0.00000022,MIXED
MR01105[K,p],0.00000000,0.00000000,0.00000000,0.00000000,0.00000000,0.00000000,0.00000000,0.00000000,0.00000000,0.00000000,0.00000000,0.00000000,0.00000000,0.00000000,0.00000000,0.00000000,0.00000068,0.00000068,0.00000000,0.00000000,0.00000000,0.00000000,0.00000000,0.00000000,0.00000068,0.00000008,UP
MR01111[K,p],0.00000000,0.00000000,0.00000000,0.00000000,0.00000000,0.00000000,0.00000000,0.00000000,0.00000000,0.00000000,0.00000000,0.00000000,0.00000000,0.00000000,0.00000000,0.00000000,0.00000068,0.00000068,0.00000000,0.00000000,0.00000000,0.00000000,0.00000000,0.00000000,0.00000068,0.00000008,UP
MR01204[K,p],0.00000000,0.00000000,0.00000000,0.00000000,0.00000000,0.00000000,0.00000000,0.00000000,0.00000000,0.00000000,0.00000000,0.00000000,0.00000000,0.00000000,0.00000000,0.00000000,-0.00000068,-0.00000068,0.00000000,0.00000000,0.00000000,0.00000000,0.00000000,0.00000000,0.00000068,0.00000008,DOWN
MR01213[K,p],0.00000000,0.00000000,0.00000000,0.00000000,0.00000000,0.00000000,0.00000000,0.00000000,0.00000000,0.00000000,0.00000000,0.00000000,0.00000000,0.00000000,0.00000000,0.00000000,-0.00000068,-0.00000068,0.00000000,0.00000000,0.00000000,0.00000000,0.00000000,0.00000000,0.00000068,0.00000008,DOWN
MR01222[K,p],0.00000000,0.00000000,0.00000000,0.00000000,0.00000000,0.00000000,0.00000000,0.00000000,0.00000000,0.00000000,0.00000000,0.00000000,0.00000000,0.00000000,0.00000000,0.00000000,-0.00000068,-0.00000068,0.00000000,0.00000000,0.00000000,0.00000000,0.00000000,0.00000000,0.00000068,0.00000008,DOWN
MR01239[K,c],0.00000000,0.00000000,0.00000000,0.00000000,0.00000001,0.00000001,0.00000000,0.00000000,0.00000000,0.00000000,0.00000000,0.00000000,0.00000000,0.00000000,0.00000000,0.00000000,-0.00000068,-0.00000068,0.00000000,0.00000000,0.00000000,0.00000000,0.00000000,0.00000000,0.00000068,0.00000009,MIXED
PhloemImport_C00407[K,c],0.00000056,0.00000055,-0.00000001,0.00000053,0.00000062,0.00000009,0.00000059,0.00000060,0.00000001,0.00000068,0.00000000,-0.00000068,0.00000150,0.00000124,-0.00000026,0.00000000,0.00000000,0.00000000,0.00000000,0.00000000,0.00000000,0.00000000,0.00000000,0.00000000,0.00000068,0.00000013,MIXED
PhloemTransport_C00407[K,c],0.00000056,0.00000055,-0.00000001,0.00000053,0.00000062,0.00000009,0.00000059,0.00000060,0.00000001,0.00000068,0.00000000,-0.00000068,0.00000150,0.00000124,-0.00000026,0.00000000,0.00000000,0.00000000,0.00000000,0.00000000,0.00000000,0.00000000,0.00000000,0.00000000,0.00000068,0.00000013,MIXED
cpTransport_MC00948[K],0.00000000,0.00000000,0.00000000,0.00000000,0.00000000,0.00000000,0.00000000,0.00000000,0.00000000,0.00000000,0.00000000,0.00000000,0.00000000,0.00000000,0.00000000,0.00000000,-0.00000068,-0.00000068,0.00000000,0.00000000,0.00000000,0.00000000,0.00000000,0.00000000,0.00000068,0.00000008,DOWN
MR00104[K,p],0.00000000,0.00000000,0.00000000,0.00000000,0.00000000,0.00000000,0.00000000,0.00000000,0.00000000,0.00000000,0.00000063,0.00000063,0.00000000,0.00000000,0.00000000,0.00000115,0.00000150,0.00000035,0.00000034,0.00000033,-0.00000001,0.00000016,0.00000006,-0.00000010,0.00000063,0.00000014,MIXED
R02199[K,p],0.00000000,0.00000000,0.00000000,0.00000000,0.00000000,0.00000000,0.00000000,0.00000000,0.00000000,0.00000000,-0.00000063,-0.00000063,0.00000000,0.00000000,0.00000000,-0.00000115,-0.00000150,-0.00000035,-0.00000034,-0.00000033,0.00000001,-0.00000016,-0.00000006,0.00000010,0.00000063,0.00000014,MIXED
R05070[K,p],0.00000000,0.00000000,0.00000000,0.00000000,0.00000000,0.00000000,0.00000000,0.00000000,0.00000000,0.00000000,0.00000063,0.00000063,0.00000000,0.00000000,0.00000000,0.00000115,0.00000150,0.00000035,0.00000034,0.00000033,-0.00000001,0.00000016,0.00000006,-0.00000010,0.00000063,0.00000014,MIXED
cpTransport_C00407[K],0.00000000,0.00000000,0.00000000,0.00000000,0.00000000,0.00000000,0.00000000,0.00000000,0.00000000,0.00000000,-0.00000063,-0.00000063,0.00000000,0.00000000,0.00000000,-0.00000115,-0.00000150,-0.00000035,-0.00000034,-0.00000033,0.00000001,-0.00000016,-0.00000006,0.00000010,0.00000063,0.00000014,MIXED
Exchange_160DGDG[K,L],0.00000000,0.00000000,0.00000000,0.00000000,0.00000000,0.00000000,0.00000000,0.00000000,0.00000000,0.00000000,0.00000000,0.00000000,0.00000000,0.00000000,0.00000000,0.00000000,0.00000000,0.00000000,0.00000000,-0.00000062,-0.00000062,0.00000000,0.00000000,0.00000000,0.00000062,0.00000008,DOWN
16:0/16:0-MGDGdegradation[K],0.00000006,0.00000006,0.00000000,0.00000005,0.00000007,0.00000002,-0.00000055,0.00000006,0.00000061,-0.00000082,-0.00000058,0.00000024,0.00000000,0.00000000,0.00000000,0.00000000,0.00000000,0.00000000,-0.00000031,0.00000000,0.00000031,-0.00000015,0.00000001,0.00000016,0.00000061,0.00000017,UP
cpTransport_MC00921[K],0.00000006,0.00000006,0.00000000,0.00000005,0.00000007,0.00000002,-0.00000055,0.00000006,0.00000061,-0.00000082,-0.00000058,0.00000024,0.00000000,0.00000000,0.00000000,0.00000000,0.00000000,0.00000000,-0.00000031,0.00000000,0.00000031,-0.00000015,0.00000001,0.00000016,0.00000061,0.00000017,UP
MR01245[K,p],0.00000000,0.00000000,0.00000000,0.00000000,0.00000000,0.00000000,0.00000000,0.00000000,0.00000000,0.00000000,0.00000000,0.00000000,-0.00000060,0.00000000,0.00000060,-0.00000053,0.00000000,0.00000053,0.00000000,0.00000000,0.00000000,0.00000000,0.00000000,0.00000000,0.00000060,0.00000014,UP
cpTransport_MC01034[K],0.00000000,0.00000000,0.00000000,0.00000000,0.00000000,0.00000000,0.00000000,0.00000000,0.00000000,0.00000000,0.00000000,0.00000000,0.00000060,0.00000000,-0.00000060,0.00000053,0.00000000,-0.00000053,0.00000000,0.00000000,0.00000000,0.00000000,0.00000000,0.00000000,0.00000060,0.00000014,DOWN
18:2/18:2-MGDGdegradation[K],0.00000000,0.00000021,0.00000021,0.00000000,0.00000000,0.00000000,0.00000022,0.00000000,-0.00000022,0.00000000,0.00000000,0.00000000,0.00000057,0.00000000,-0.00000057,0.00000000,0.00000058,0.00000058,0.00000000,0.00000000,0.00000000,0.00000000,0.00000000,0.00000000,0.00000058,0.00000020,MIXED
cpTransport_MC00928[K],0.00000000,0.00000021,0.00000021,0.00000000,0.00000000,0.00000000,0.00000022,0.00000000,-0.00000022,0.00000000,0.00000000,0.00000000,0.00000057,0.00000000,-0.00000057,0.00000000,0.00000058,0.00000058,0.00000000,0.00000000,0.00000000,0.00000000,0.00000000,0.00000000,0.00000058,0.00000020,MIXED
ExB_C00044[K],0.00000000,0.00000000,0.00000000,0.00000082,0.00000096,0.00000014,0.00000091,0.00000093,0.00000002,0.00000106,0.00000098,-0.00000008,0.00000233,0.00000193,-0.00000040,0.00000180,0.00000235,0.00000055,-0.00000007,-0.00000007,0.00000000,-0.00000003,0.00000009,0.00000012,0.00000055,0.00000016,MIXED
Exchange_160PC[K,L],-0.00000045,0.00000000,0.00000045,0.00000000,0.00000000,0.00000000,0.00000000,0.00000000,0.00000000,0.00000000,-0.00000050,-0.00000050,0.00000000,0.00000000,0.00000000,0.00000000,0.00000000,0.00000000,-0.00000027,0.00000000,0.00000027,-0.00000013,-0.00000011,0.00000002,0.00000050,0.00000015,MIXED
MR01141[K,c],0.00000000,-0.00000002,-0.00000002,0.00000019,-0.00000002,-0.00000021,-0.00000002,0.00000000,0.00000002,-0.00000002,0.00000036,0.00000038,-0.00000005,0.00000000,0.00000005,-0.00000004,0.00000000,0.00000004,0.00000039,-0.00000008,-0.00000047,0.00000000,0.00000000,0.00000000,0.00000047,0.00000015,MIXED
18:3/18:2-DGDGdegradation[K],0.00000000,0.00000000,0.00000000,0.00000040,0.00000000,-0.00000040,0.00000000,0.00000000,0.00000000,0.00000000,0.00000047,0.00000047,0.00000000,0.00000000,0.00000000,0.00000000,0.00000000,0.00000000,0.00000000,0.00000025,0.00000025,0.00000000,0.00000000,0.00000000,0.00000047,0.00000014,MIXED
cpTransport_MC00997[K],0.00000000,0.00000000,0.00000000,0.00000040,0.00000000,-0.00000040,0.00000000,0.00000000,0.00000000,0.00000000,0.00000047,0.00000047,0.00000000,0.00000000,0.00000000,0.00000000,0.00000000,0.00000000,0.00000000,0.00000025,0.00000025,0.00000000,0.00000000,0.00000000,0.00000047,0.00000014,MIXED
16:0/18:0-PEdegradation[K],0.00000000,0.00000000,0.00000000,0.00000043,-0.00000001,-0.00000044,0.00000000,0.00000000,0.00000000,0.00000000,0.00000000,0.00000000,0.00000000,0.00000000,0.00000000,0.00000000,0.00000000,0.00000000,0.00000000,0.00000000,0.00000000,0.00000000,0.00000000,0.00000000,0.00000044,0.00000006,DOWN
Exchange_160MGDG[K,L],0.00000000,0.00000000,0.00000000,0.00000000,0.00000000,0.00000000,0.00000000,0.00000000,0.00000000,0.00000000,0.00000000,0.00000000,0.00000000,-0.00000027,-0.00000027,-0.00000025,0.00000000,0.00000025,-0.00000070,-0.00000026,0.00000044,-0.00000034,0.00000000,0.00000034,0.00000044,0.00000016,MIXED
16:0/18:0-PCdegradation[K],0.00000000,0.00000000,0.00000000,0.00000042,0.00000000,-0.00000042,0.00000000,0.00000000,0.00000000,0.00000000,0.00000000,0.00000000,0.00000000,0.00000000,0.00000000,0.00000000,0.00000000,0.00000000,0.00000000,0.00000000,0.00000000,0.00000000,0.00000000,0.00000000,0.00000042,0.00000005,DOWN
18:1/18:2-DGDGdegradation[K],0.00000000,0.00000041,0.00000041,0.00000000,0.00000000,0.00000000,0.00000000,0.00000000,0.00000000,0.00000000,0.00000000,0.00000000,0.00000000,0.00000000,0.00000000,0.00000000,0.00000000,0.00000000,0.00000000,0.00000000,0.00000000,0.00000000,0.00000000,0.00000000,0.00000041,0.00000005,UP
cpTransport_MC01000[K],0.00000000,0.00000041,0.00000041,0.00000000,0.00000000,0.00000000,0.00000000,0.00000000,0.00000000,0.00000000,0.00000000,0.00000000,0.00000000,0.00000000,0.00000000,0.00000000,0.00000000,0.00000000,0.00000000,0.00000000,0.00000000,0.00000000,0.00000000,0.00000000,0.00000041,0.00000005,UP
18:0/18:0-PEdegradation[K],0.00000000,-0.00000002,-0.00000002,0.00000019,-0.00000001,-0.00000020,-0.00000002,0.00000000,0.00000002,-0.00000002,0.00000036,0.00000038,-0.00000005,0.00000000,0.00000005,-0.00000004,0.00000001,0.00000005,0.00000039,-0.00000001,-0.00000040,0.00000000,0.00000000,0.00000000,0.00000040,0.00000014,MIXED
MR01169[K,c],0.00000000,-0.00000002,-0.00000002,0.00000019,-0.00000001,-0.00000020,-0.00000002,0.00000000,0.00000002,-0.00000002,0.00000036,0.00000038,-0.00000005,0.00000000,0.00000005,-0.00000004,0.00000001,0.00000005,0.00000039,-0.00000001,-0.00000040,0.00000000,0.00000000,0.00000000,0.00000040,0.00000014,MIXED
18:3/18:2-MGDGdegradation[K],0.00000000,0.00000000,0.00000000,0.00000040,0.00000000,-0.00000040,0.00000000,0.00000000,0.00000000,0.00000000,0.00000000,0.00000000,0.00000000,0.00000000,0.00000000,0.00000000,0.00000000,0.00000000,0.00000026,0.00000025,-0.00000001,0.00000000,0.00000000,0.00000000,0.00000040,0.00000005,DOWN
ExB_C06427[K],0.00000063,0.00000062,-0.00000001,0.00000060,0.00000070,0.00000010,0.00000066,0.00000068,0.00000002,0.00000077,0.00000071,-0.00000006,0.00000170,0.00000141,-0.00000029,0.00000131,0.00000171,0.00000040,0.00000038,0.00000038,0.00000000,0.00000019,0.00000006,-0.00000013,0.00000040,0.00000013,MIXED
cpTransport_MC00995[K],0.00000000,0.00000000,0.00000000,0.00000040,0.00000000,-0.00000040,0.00000000,0.00000000,0.00000000,0.00000000,0.00000000,0.00000000,0.00000000,0.00000000,0.00000000,0.00000000,0.00000000,0.00000000,0.00000026,0.00000025,-0.00000001,0.00000000,0.00000000,0.00000000,0.00000040,0.00000005,DOWN
16:0/18:0-DGDGdegradation[K],0.00000000,0.00000000,0.00000000,0.00000017,0.00000000,-0.00000017,0.00000000,0.00000000,0.00000000,-0.00000038,0.00000000,0.00000038,-0.00000084,-0.00000070,0.00000014,-0.00000065,-0.00000085,-0.00000020,0.00000000,0.00000000,0.00000000,0.00000000,0.00000000,0.00000000,0.00000038,0.00000011,MIXED
18:0/18:0-PCdegradation[K],0.00000000,0.00000002,0.00000002,-0.00000019,0.00000002,0.00000021,0.00000002,0.00000000,-0.00000002,0.00000002,-0.00000036,-0.00000038,0.00000005,0.00000000,-0.00000005,0.00000004,0.00000000,-0.00000004,0.00000001,0.00000001,0.00000000,0.00000000,0.00000000,0.00000000,0.00000038,0.00000009,MIXED
MR01148[K,p],0.00000000,0.00000000,0.00000000,0.00000017,0.00000000,-0.00000017,0.00000000,0.00000000,0.00000000,-0.00000038,0.00000000,0.00000038,-0.00000084,-0.00000070,0.00000014,-0.00000065,-0.00000085,-0.00000020,0.00000000,0.00000000,0.00000000,0.00000000,0.00000000,0.00000000,0.00000038,0.00000011,MIXED
cpTransport_MC00933[K],0.00000000,0.00000000,0.00000000,0.00000017,0.00000000,-0.00000017,0.00000000,0.00000000,0.00000000,-0.00000038,0.00000000,0.00000038,-0.00000084,-0.00000070,0.00000014,-0.00000065,-0.00000085,-0.00000020,0.00000000,0.00000000,0.00000000,0.00000000,0.00000000,0.00000000,0.00000038,0.00000011,MIXED
Exchange_180MGDG[K,L],-0.00000019,0.00000000,0.00000019,0.00000000,0.00000000,0.00000000,-0.00000020,-0.00000021,-0.00000001,0.00000000,-0.00000037,-0.00000037,0.00000000,0.00000000,0.00000000,0.00000000,0.00000000,0.00000000,0.00000000,0.00000000,0.00000000,0.00000000,0.00000000,0.00000000,0.00000037,0.00000007,MIXED
MR01108[K,p],-0.00000017,-0.00000016,0.00000001,-0.00000016,-0.00000018,-0.00000002,0.00000000,0.00000000,0.00000000,0.00000000,-0.00000019,-0.00000019,0.00000000,0.00000000,0.00000000,-0.00000034,-0.00000045,-0.00000011,0.00000000,-0.00000036,-0.00000036,-0.00000005,0.00000000,0.00000005,0.00000036,0.00000009,MIXED
MR01131[K,p],-0.00000017,-0.00000016,0.00000001,-0.00000016,-0.00000018,-0.00000002,0.00000000,0.00000000,0.00000000,0.00000000,-0.00000019,-0.00000019,0.00000000,0.00000000,0.00000000,-0.00000034,-0.00000045,-0.00000011,0.00000000,-0.00000036,-0.00000036,-0.00000005,0.00000000,0.00000005,0.00000036,0.00000009,MIXED
MR01145[K,p],-0.00000017,-0.00000016,0.00000001,-0.00000016,-0.00000018,-0.00000002,0.00000000,0.00000000,0.00000000,0.00000000,-0.00000019,-0.00000019,0.00000000,0.00000000,0.00000000,-0.00000034,-0.00000045,-0.00000011,0.00000000,-0.00000036,-0.00000036,-0.00000005,0.00000000,0.00000005,0.00000036,0.00000009,MIXED
ExB_C00407[K],0.00000056,0.00000055,-0.00000001,0.00000053,0.00000062,0.00000009,0.00000059,0.00000060,0.00000001,0.00000068,0.00000063,-0.00000005,0.00000150,0.00000124,-0.00000026,0.00000115,0.00000150,0.00000035,0.00000034,0.00000033,-0.00000001,0.00000016,0.00000006,-0.00000010,0.00000035,0.00000011,MIXED
R00996[K,p],0.00000000,0.00000000,0.00000000,0.00000000,0.00000000,0.00000000,0.00000000,0.00000000,0.00000000,0.00000000,0.00000000,0.00000000,0.00000000,0.00000000,0.00000000,0.00000115,0.00000150,0.00000035,0.00000034,0.00000033,-0.00000001,0.00000016,0.00000006,-0.00000010,0.00000035,0.00000006,MIXED
cpTransport_C00188[K],0.00000000,0.00000000,0.00000000,0.00000000,0.00000000,0.00000000,0.00000000,0.00000000,0.00000000,0.00000000,0.00000000,0.00000000,0.00000000,0.00000000,0.00000000,0.00000115,0.00000150,0.00000035,0.00000034,0.00000033,-0.00000001,0.00000016,0.00000006,-0.00000010,0.00000035,0.00000006,MIXED
16:0/18:0-MGDGdegradation[K],0.00000000,0.00000000,0.00000000,0.00000001,0.00000000,-0.00000001,0.00000000,0.00000000,0.00000000,0.00000000,-0.00000035,-0.00000035,0.00000000,0.00000000,0.00000000,0.00000000,0.00000000,0.00000000,0.00000000,-0.00000019,-0.00000019,0.00000000,0.00000000,0.00000000,0.00000035,0.00000007,DOWN
16:0/18:0-SQDGdegradation[K],0.00000032,0.00000000,-0.00000032,0.00000000,0.00000035,0.00000035,0.00000000,0.00000000,0.00000000,0.00000038,0.00000035,-0.00000003,0.00000084,0.00000070,-0.00000014,0.00000065,0.00000085,0.00000020,0.00000000,0.00000019,0.00000019,0.00000009,0.00000003,-0.00000006,0.00000035,0.00000016,MIXED
MR01112[K,p],-0.00000032,0.00000000,0.00000032,0.00000000,-0.00000035,-0.00000035,0.00000000,0.00000000,0.00000000,-0.00000038,-0.00000035,0.00000003,-0.00000084,-0.00000070,0.00000014,-0.00000065,-0.00000085,-0.00000020,0.00000000,-0.00000019,-0.00000019,-0.00000009,-0.00000003,0.00000006,0.00000035,0.00000016,MIXED
MR01159[K,p],0.00000032,0.00000000,-0.00000032,0.00000000,0.00000035,0.00000035,0.00000000,0.00000000,0.00000000,0.00000038,0.00000035,-0.00000003,0.00000084,0.00000070,-0.00000014,0.00000065,0.00000085,0.00000020,0.00000000,0.00000019,0.00000019,0.00000009,0.00000003,-0.00000006,0.00000035,0.00000016,MIXED
R00936[K,p],0.00000000,0.00000013,0.00000013,0.00000012,0.00000014,0.00000002,0.00000014,0.00000014,0.00000000,0.00000016,0.00000000,-0.00000016,0.00000000,0.00000000,0.00000000,0.00000000,0.00000035,0.00000035,0.00000000,0.00000000,0.00000000,0.00000000,0.00000000,0.00000000,0.00000035,0.00000008,MIXED
R00946[K,p],0.00000000,-0.00000013,-0.00000013,-0.00000012,0.00000000,0.00000012,-0.00000014,0.00000000,0.00000014,0.00000000,0.00000000,0.00000000,0.00000000,0.00000000,0.00000000,0.00000000,-0.00000035,-0.00000035,-0.00000021,0.00000000,0.00000021,0.00000000,0.00000000,0.00000000,0.00000035,0.00000012,MIXED
R01217[K,p],0.00000000,-0.00000013,-0.00000013,-0.00000012,0.00000000,0.00000012,-0.00000014,0.00000000,0.00000014,0.00000000,0.00000000,0.00000000,0.00000000,0.00000000,0.00000000,0.00000000,-0.00000035,-0.00000035,-0.00000021,0.00000000,0.00000021,0.00000000,0.00000000,0.00000000,0.00000035,0.00000012,MIXED
R01663[K,p],0.00000000,0.00000013,0.00000013,0.00000012,0.00000014,0.00000002,0.00000014,0.00000014,0.00000000,0.00000016,0.00000000,-0.00000016,0.00000000,0.00000000,0.00000000,0.00000000,0.00000035,0.00000035,0.00000000,0.00000000,0.00000000,0.00000000,0.00000000,0.00000000,0.00000035,0.00000008,MIXED
R01665[K,p],0.00000000,-0.00000013,-0.00000013,-0.00000012,-0.00000014,-0.00000002,-0.00000014,-0.00000014,0.00000000,-0.00000016,0.00000000,0.00000016,0.00000000,0.00000000,0.00000000,0.00000000,-0.00000035,-0.00000035,0.00000000,0.00000000,0.00000000,0.00000000,0.00000000,0.00000000,0.00000035,0.00000008,MIXED
R02094[K,p],0.00000000,0.00000013,0.00000013,0.00000012,0.00000014,0.00000002,0.00000014,0.00000014,0.00000000,0.00000016,0.00000000,-0.00000016,0.00000000,0.00000000,0.00000000,0.00000000,0.00000035,0.00000035,0.00000000,0.00000000,0.00000000,0.00000000,0.00000000,0.00000000,0.00000035,0.00000008,MIXED
R02097[K,p],0.00000000,0.00000013,0.00000013,0.00000012,0.00000014,0.00000002,0.00000014,0.00000014,0.00000000,0.00000016,0.00000000,-0.00000016,0.00000000,0.00000000,0.00000000,0.00000000,0.00000035,0.00000035,0.00000000,0.00000000,0.00000000,0.00000000,0.00000000,0.00000000,0.00000035,0.00000008,MIXED
R02101[K,p],0.00000000,0.00000013,0.00000013,0.00000012,0.00000014,0.00000002,0.00000014,0.00000014,0.00000000,0.00000016,0.00000000,-0.00000016,0.00000000,0.00000000,0.00000000,0.00000000,0.00000035,0.00000035,0.00000000,0.00000000,0.00000000,0.00000000,0.00000000,0.00000000,0.00000035,0.00000008,MIXED
R02326[K,p],0.00000000,0.00000000,0.00000000,0.00000000,0.00000000,0.00000000,0.00000000,-0.00000014,-0.00000014,-0.00000016,0.00000000,0.00000016,0.00000000,0.00000000,0.00000000,0.00000000,-0.00000035,-0.00000035,0.00000007,0.00000007,0.00000000,0.00000003,0.00000000,-0.00000003,0.00000035,0.00000008,MIXED
cpTransport_C00073[K],0.00000000,-0.00000013,-0.00000013,-0.00000012,0.00000000,0.00000012,-0.00000014,0.00000000,0.00000014,0.00000000,0.00000000,0.00000000,0.00000000,0.00000000,0.00000000,0.00000000,-0.00000035,-0.00000035,-0.00000021,0.00000000,0.00000021,-0.00000010,-0.00000003,0.00000007,0.00000035,0.00000013,MIXED
cpTransport_C00458[K],0.00000000,0.00000000,0.00000000,0.00000000,0.00000000,0.00000000,0.00000000,0.00000014,0.00000014,0.00000016,0.00000000,-0.00000016,0.00000000,0.00000000,0.00000000,0.00000000,0.00000035,0.00000035,-0.00000007,-0.00000007,0.00000000,-0.00000003,0.00000000,0.00000003,0.00000035,0.00000008,MIXED
cpTransport_MC00922[K],0.00000000,0.00000000,0.00000000,0.00000001,0.00000000,-0.00000001,0.00000000,0.00000000,0.00000000,0.00000000,-0.00000035,-0.00000035,0.00000000,0.00000000,0.00000000,0.00000000,0.00000000,0.00000000,0.00000000,-0.00000019,-0.00000019,0.00000000,0.00000000,0.00000000,0.00000035,0.00000007,DOWN
cpTransport_MC00942[K],0.00000032,0.00000000,-0.00000032,0.00000000,0.00000035,0.00000035,0.00000000,0.00000000,0.00000000,0.00000038,0.00000035,-0.00000003,0.00000084,0.00000070,-0.00000014,0.00000065,0.00000085,0.00000020,0.00000000,0.00000019,0.00000019,0.00000009,0.00000003,-0.00000006,0.00000035,0.00000016,MIXED
18:2/18:2-PCdegradation[K],0.00000029,0.00000028,-0.00000001,0.00000027,0.00000032,0.00000005,0.00000030,0.00000031,0.00000001,0.00000000,0.00000032,0.00000032,0.00000077,0.00000064,-0.00000013,0.00000059,0.00000078,0.00000019,0.00000017,0.00000004,-0.00000013,-0.00000001,0.00000003,0.00000004,0.00000032,0.00000011,MIXED
R01123[K,p],0.00000000,0.00000032,0.00000032,0.00000000,0.00000032,0.00000032,0.00000000,0.00000000,0.00000000,0.00000000,0.00000000,0.00000000,0.00000000,0.00000000,0.00000000,0.00000000,0.00000000,0.00000000,0.00000000,0.00000000,0.00000000,0.00000000,0.00000000,0.00000000,0.00000032,0.00000008,UP
R01658[K,p],0.00000000,0.00000032,0.00000032,0.00000000,0.00000032,0.00000032,0.00000000,0.00000000,0.00000000,0.00000000,0.00000000,0.00000000,0.00000000,0.00000000,0.00000000,0.00000000,0.00000000,0.00000000,0.00000000,0.00000000,0.00000000,0.00000000,0.00000000,0.00000000,0.00000032,0.00000008,UP
R02003[K,p],0.00000000,0.00000032,0.00000032,0.00000000,0.00000032,0.00000032,0.00000000,0.00000000,0.00000000,0.00000000,0.00000000,0.00000000,0.00000000,0.00000000,0.00000000,0.00000000,0.00000000,0.00000000,0.00000000,0.00000000,0.00000000,0.00000000,0.00000000,0.00000000,0.00000032,0.00000008,UP
R02061[K,p],0.00000000,0.00000032,0.00000032,0.00000000,0.00000032,0.00000032,0.00000000,0.00000000,0.00000000,0.00000000,0.00000000,0.00000000,0.00000000,0.00000000,0.00000000,0.00000000,0.00000000,0.00000000,0.00000000,0.00000000,0.00000000,0.00000000,0.00000000,0.00000000,0.00000032,0.00000008,UP
Exchange_C00135[K,L],999.99999950,999.99999951,0.00000001,999.99999953,999.99999945,-0.00000008,999.99999948,999.99999947,-0.00000001,999.99999940,999.99999944,0.00000004,999.99999867,999.99999890,0.00000023,999.99999897,999.99999866,-0.00000031,999.99999970,999.99999970,0.00000000,999.99999985,999.99999995,0.00000010,0.00000031,0.00000010,MIXED
Exchange_180SQDG[K,L],0.00000000,-0.00000031,-0.00000031,-0.00000030,0.00000000,0.00000030,-0.00000033,-0.00000034,-0.00000001,0.00000000,0.00000000,0.00000000,0.00000000,0.00000000,0.00000000,0.00000000,0.00000000,0.00000000,-0.00000019,0.00000000,0.00000019,0.00000000,0.00000000,0.00000000,0.00000031,0.00000010,MIXED
R00734[K,p],0.00000000,0.00000000,0.00000000,0.00000000,0.00000000,0.00000000,0.00000000,0.00000031,0.00000031,0.00000000,0.00000000,0.00000000,0.00000000,0.00000000,0.00000000,0.00000059,0.00000077,0.00000018,0.00000017,0.00000000,-0.00000017,0.00000008,0.00000003,-0.00000005,0.00000031,0.00000009,MIXED
R02521[K,p],0.00000000,0.00000000,0.00000000,0.00000000,0.00000000,0.00000000,0.00000000,0.00000031,0.00000031,0.00000000,0.00000000,0.00000000,0.00000000,0.00000000,0.00000000,0.00000059,0.00000077,0.00000018,0.00000017,0.00000017,0.00000000,0.00000008,0.00000003,-0.00000005,0.00000031,0.00000007,MIXED
cpTransport_C00082[K],0.00000000,0.00000000,0.00000000,0.00000000,0.00000000,0.00000000,0.00000000,-0.00000031,-0.00000031,0.00000000,0.00000000,0.00000000,0.00000000,0.00000000,0.00000000,-0.00000059,-0.00000077,-0.00000018,-0.00000017,0.00000000,0.00000017,-0.00000008,-0.00000003,0.00000005,0.00000031,0.00000009,MIXED
18:0/18:0-DGDGdegradation[K],0.00000009,0.00000009,0.00000000,0.00000000,0.00000010,0.00000010,0.00000009,0.00000010,0.00000001,0.00000030,0.00000000,-0.00000030,0.00000066,0.00000055,-0.00000011,0.00000051,0.00000067,0.00000016,0.00000005,0.00000005,0.00000000,0.00000000,0.00000001,0.00000001,0.00000030,0.00000009,MIXED
MR01149[K,p],0.00000009,0.00000009,0.00000000,0.00000000,0.00000010,0.00000010,0.00000009,0.00000010,0.00000001,0.00000030,0.00000000,-0.00000030,0.00000066,0.00000055,-0.00000011,0.00000051,0.00000067,0.00000016,0.00000005,0.00000005,0.00000000,0.00000000,0.00000001,0.00000001,0.00000030,0.00000009,MIXED
R00734[K,c],0.00000000,0.00000028,0.00000028,0.00000027,0.00000000,-0.00000027,0.00000030,0.00000000,-0.00000030,0.00000035,0.00000032,-0.00000003,0.00000077,0.00000064,-0.00000013,0.00000000,0.00000000,0.00000000,0.00000000,0.00000000,0.00000000,0.00000000,0.00000000,0.00000000,0.00000030,0.00000013,MIXED
R02521[K,c],0.00000000,0.00000028,0.00000028,0.00000027,0.00000000,-0.00000027,0.00000030,0.00000000,-0.00000030,0.00000035,0.00000032,-0.00000003,0.00000077,0.00000064,-0.00000013,0.00000000,0.00000000,0.00000000,0.00000000,0.00000000,0.00000000,0.00000000,0.00000000,0.00000000,0.00000030,0.00000013,MIXED
cpTransport_C00544[K],0.00000000,0.00000028,0.00000028,0.00000027,0.00000000,-0.00000027,0.00000030,0.00000000,-0.00000030,0.00000035,0.00000032,-0.00000003,0.00000077,0.00000064,-0.00000013,0.00000000,0.00000000,0.00000000,0.00000000,0.00000000,0.00000000,0.00000000,0.00000000,0.00000000,0.00000030,0.00000013,MIXED
cpTransport_MC00940[K],0.00000009,0.00000009,0.00000000,0.00000000,0.00000010,0.00000010,0.00000009,0.00000010,0.00000001,0.00000030,0.00000000,-0.00000030,0.00000066,0.00000055,-0.00000011,0.00000051,0.00000067,0.00000016,0.00000005,0.00000005,0.00000000,0.00000000,0.00000001,0.00000001,0.00000030,0.00000009,MIXED
Exchange_C00044[K,L],-0.00000087,-0.00000085,0.00000002,0.00000000,0.00000000,0.00000000,0.00000000,0.00000000,0.00000000,0.00000000,0.00000000,0.00000000,0.00000000,0.00000000,0.00000000,0.00000000,0.00000000,0.00000000,-0.00000059,-0.00000059,0.00000000,-0.00000029,0.00000000,0.00000029,0.00000029,0.00000004,UP
PhloemImport_C00112_I[K,c],0.00000000,0.00000000,0.00000000,0.00000000,0.00000000,0.00000000,0.00000000,0.00000000,0.00000000,0.00000000,0.00000000,0.00000000,0.00000000,0.00000000,0.00000000,0.00000193,0.00000221,0.00000028,0.00000000,0.00000000,0.00000000,0.00000000,0.00000000,0.00000000,0.00000028,0.00000003,UP
PhloemTransport_C00112[K,c],0.00000000,0.00000000,0.00000000,0.00000000,0.00000000,0.00000000,0.00000000,0.00000000,0.00000000,0.00000000,0.00000000,0.00000000,0.00000000,0.00000000,0.00000000,0.00000193,0.00000221,0.00000028,0.00000000,0.00000000,0.00000000,0.00000000,0.00000000,0.00000000,0.00000028,0.00000003,UP
MR00699[K,p],-0.00000021,-0.00000020,0.00000001,-0.00000019,-0.00000023,-0.00000004,-0.00000022,-0.00000022,0.00000000,-0.00000025,-0.00000023,0.00000002,-0.00000055,-0.00000046,0.00000009,-0.00000043,-0.00000056,-0.00000013,-0.00000012,-0.00000039,-0.00000027,-0.00000006,-0.00000002,0.00000004,0.00000027,0.00000008,MIXED
cpTransport_C01595[K],-0.00000021,-0.00000020,0.00000001,-0.00000019,-0.00000023,-0.00000004,-0.00000022,-0.00000022,0.00000000,-0.00000025,-0.00000023,0.00000002,-0.00000055,-0.00000046,0.00000009,-0.00000043,-0.00000056,-0.00000013,-0.00000012,-0.00000039,-0.00000027,-0.00000006,-0.00000002,0.00000004,0.00000027,0.00000008,MIXED
MR01100[K,c],0.00000000,0.00000000,0.00000000,0.00000000,0.00000000,0.00000000,0.00000000,0.00000007,0.00000007,0.00000000,0.00000000,0.00000000,0.00000000,0.00000000,0.00000000,0.00000000,0.00000000,0.00000000,0.00000000,0.00000027,0.00000027,0.00000000,0.00000000,0.00000000,0.00000027,0.00000004,UP
MR01186[K,c],0.00000000,0.00000000,0.00000000,0.00000000,0.00000000,0.00000000,0.00000000,0.00000000,0.00000000,0.00000000,0.00000000,0.00000000,0.00000000,0.00000000,0.00000000,0.00000000,0.00000000,0.00000000,0.00000000,0.00000027,0.00000027,0.00000000,0.00000000,0.00000000,0.00000027,0.00000003,UP
MR01187[K,c],0.00000000,0.00000000,0.00000000,0.00000000,0.00000000,0.00000000,0.00000000,0.00000000,0.00000000,0.00000000,0.00000000,0.00000000,0.00000000,0.00000000,0.00000000,0.00000000,0.00000000,0.00000000,0.00000000,-0.00000027,-0.00000027,0.00000000,0.00000000,0.00000000,0.00000027,0.00000003,DOWN
MR01203[K,c],0.00000000,0.00000000,0.00000000,0.00000000,0.00000000,0.00000000,0.00000000,0.00000000,0.00000000,0.00000000,0.00000000,0.00000000,0.00000000,0.00000000,0.00000000,0.00000000,0.00000000,0.00000000,0.00000000,-0.00000027,-0.00000027,0.00000000,0.00000000,0.00000000,0.00000027,0.00000003,DOWN
MR01212[K,c],0.00000000,0.00000000,0.00000000,0.00000000,0.00000000,0.00000000,0.00000000,0.00000000,0.00000000,0.00000000,0.00000000,0.00000000,0.00000000,0.00000000,0.00000000,0.00000000,0.00000000,0.00000000,0.00000000,-0.00000027,-0.00000027,0.00000000,0.00000000,0.00000000,0.00000027,0.00000003,DOWN
MR01221[K,c],0.00000000,0.00000000,0.00000000,0.00000000,0.00000000,0.00000000,0.00000000,0.00000000,0.00000000,0.00000000,0.00000000,0.00000000,0.00000000,0.00000000,0.00000000,0.00000000,0.00000000,0.00000000,0.00000000,-0.00000027,-0.00000027,0.00000000,0.00000000,0.00000000,0.00000027,0.00000003,DOWN
MR01238[K,p],0.00000000,0.00000000,0.00000000,0.00000000,0.00000000,0.00000000,0.00000017,0.00000000,-0.00000017,0.00000000,0.00000000,0.00000000,0.00000000,0.00000000,0.00000000,0.00000000,0.00000000,0.00000000,0.00000000,-0.00000027,-0.00000027,0.00000000,0.00000000,0.00000000,0.00000027,0.00000006,DOWN
cpTransport_MC00947[K],0.00000000,0.00000000,0.00000000,0.00000000,0.00000000,0.00000000,-0.00000017,0.00000000,0.00000017,0.00000000,0.00000000,0.00000000,0.00000000,0.00000000,0.00000000,0.00000000,0.00000000,0.00000000,0.00000000,0.00000027,0.00000027,0.00000000,0.00000000,0.00000000,0.00000027,0.00000006,UP
cpTransport_C00712[K],-0.00000002,-0.00000002,0.00000000,-0.00000002,-0.00000002,0.00000000,-0.00000002,-0.00000002,0.00000000,-0.00000003,-0.00000002,0.00000001,-0.00000006,-0.00000005,0.00000001,-0.00000005,-0.00000006,-0.00000001,-0.00000001,0.00000025,0.00000026,-0.00000001,0.00000000,0.00000001,0.00000026,0.00000004,MIXED
Exchange_C00082[K,L],0.00000000,0.00000000,0.00000000,0.00000000,0.00000000,0.00000000,0.00000000,0.00000000,0.00000000,0.00000000,0.00000000,0.00000000,0.00000000,0.00000000,0.00000000,0.00000000,0.00000000,0.00000000,-0.00000082,-0.00000081,0.00000001,-0.00000040,-0.00000014,0.00000026,0.00000026,0.00000003,UP
16:0/18:1-PEdegradation[K],0.00000000,0.00000000,0.00000000,0.00000000,0.00000000,0.00000000,-0.00000018,0.00000007,0.00000025,0.00000000,0.00000000,0.00000000,-0.00000003,0.00000000,0.00000003,0.00000000,0.00000000,0.00000000,0.00000000,0.00000000,0.00000000,0.00000000,0.00000006,0.00000006,0.00000025,0.00000004,UP
MR01162[K,c],0.00000000,0.00000000,0.00000000,0.00000000,0.00000000,0.00000000,-0.00000018,0.00000007,0.00000025,0.00000000,0.00000000,0.00000000,-0.00000003,0.00000000,0.00000003,0.00000000,0.00000000,0.00000000,0.00000000,0.00000000,0.00000000,0.00000000,0.00000006,0.00000006,0.00000025,0.00000004,UP
ExB_C14818[K],0.00000038,0.00000037,-0.00000001,0.00000036,0.00000042,0.00000006,0.00000040,0.00000041,0.00000001,0.00000046,0.00000043,-0.00000003,0.00000102,0.00000085,-0.00000017,0.00000079,0.00000103,0.00000024,0.00000023,0.00000023,0.00000000,0.00000011,0.00000004,-0.00000007,0.00000024,0.00000007,MIXED
PhloemImport_C14818[K,c],0.00000038,0.00000037,-0.00000001,0.00000036,0.00000042,0.00000006,0.00000040,0.00000041,0.00000001,0.00000046,0.00000043,-0.00000003,0.00000102,0.00000085,-0.00000017,0.00000079,0.00000103,0.00000024,0.00000023,0.00000023,0.00000000,0.00000011,0.00000004,-0.00000007,0.00000024,0.00000007,MIXED
PhloemTransport_C14818[K,c],0.00000038,0.00000037,-0.00000001,0.00000036,0.00000042,0.00000006,0.00000040,0.00000041,0.00000001,0.00000046,0.00000043,-0.00000003,0.00000102,0.00000085,-0.00000017,0.00000079,0.00000103,0.00000024,0.00000023,0.00000023,0.00000000,0.00000011,0.00000004,-0.00000007,0.00000024,0.00000007,MIXED
Exchange_181PE[K,L],-0.00000007,-0.00000006,0.00000001,-0.00000012,-0.00000007,0.00000005,-0.00000024,0.00000000,0.00000024,-0.00000008,-0.00000007,0.00000001,-0.00000018,-0.00000015,0.00000003,0.00000000,-0.00000018,-0.00000018,-0.00000004,0.00000000,0.00000004,-0.00000002,0.00000006,0.00000008,0.00000024,0.00000008,MIXED
MR00348[K,c],0.00000011,0.00000011,0.00000000,0.00000011,0.00000013,0.00000002,0.00000012,0.00000026,0.00000014,0.00000030,0.00000013,-0.00000017,0.00000031,0.00000025,-0.00000006,0.00000024,0.00000000,-0.00000024,0.00000000,0.00000000,0.00000000,0.00000000,0.00000000,0.00000000,0.00000024,0.00000008,MIXED
R02327[K,c],-0.00000011,-0.00000011,0.00000000,-0.00000011,-0.00000013,-0.00000002,-0.00000012,-0.00000026,-0.00000014,-0.00000030,-0.00000013,0.00000017,-0.00000031,-0.00000025,0.00000006,-0.00000024,0.00000000,0.00000024,0.00000000,0.00000000,0.00000000,0.00000000,0.00000000,0.00000000,0.00000024,0.00000008,MIXED
18:2/18:2-DGDGdegradation[K],0.00000021,0.00000000,-0.00000021,0.00000000,0.00000023,0.00000023,0.00000022,0.00000000,-0.00000022,0.00000000,0.00000000,0.00000000,0.00000000,0.00000000,0.00000000,0.00000044,0.00000057,0.00000013,0.00000013,0.00000000,-0.00000013,0.00000000,0.00000002,0.00000002,0.00000023,0.00000012,MIXED
Exchange_C00079[K,L],0.00000000,0.00000000,0.00000000,0.00000000,0.00000000,0.00000000,0.00000000,0.00000000,0.00000000,0.00000000,0.00000000,0.00000000,0.00000000,0.00000000,0.00000000,0.00000000,0.00000000,0.00000000,-0.00000071,-0.00000070,0.00000001,-0.00000035,-0.00000012,0.00000023,0.00000023,0.00000003,UP
cpTransport_MC00938[K],0.00000021,0.00000000,-0.00000021,0.00000000,0.00000023,0.00000023,0.00000022,0.00000000,-0.00000022,0.00000000,0.00000000,0.00000000,0.00000000,0.00000000,0.00000000,0.00000044,0.00000057,0.00000013,0.00000013,0.00000000,-0.00000013,0.00000000,0.00000002,0.00000002,0.00000023,0.00000012,MIXED
cpTransport_C00019[K],0.00000035,0.00000034,-0.00000001,0.00000033,0.00000053,0.00000020,0.00000036,0.00000051,0.00000015,0.00000058,0.00000039,-0.00000019,0.00000093,0.00000077,-0.00000016,0.00000071,0.00000093,0.00000022,0.00000000,0.00000021,0.00000021,0.00000000,0.00000000,0.00000000,0.00000022,0.00000014,MIXED
18:1/18:1-DGDGdegradation[K],0.00000003,-0.00000018,-0.00000021,0.00000003,0.00000004,0.00000001,0.00000003,0.00000000,-0.00000003,0.00000004,0.00000000,-0.00000004,0.00000000,0.00000007,0.00000007,0.00000000,0.00000009,0.00000009,0.00000002,0.00000000,-0.00000002,0.00000001,0.00000000,-0.00000001,0.00000021,0.00000006,MIXED
R00367[K,p],0.00000000,0.00000000,0.00000000,0.00000000,0.00000014,0.00000014,0.00000000,0.00000014,0.00000014,0.00000016,0.00000000,-0.00000016,0.00000000,0.00000000,0.00000000,0.00000000,0.00000000,0.00000000,-0.00000021,0.00000000,0.00000021,0.00000000,0.00000000,0.00000000,0.00000021,0.00000008,MIXED
R00610[K,p],0.00000000,0.00000000,0.00000000,0.00000000,0.00000014,0.00000014,0.00000000,0.00000014,0.00000014,0.00000016,0.00000000,-0.00000016,0.00000000,0.00000000,0.00000000,0.00000000,0.00000000,0.00000000,-0.00000021,0.00000000,0.00000021,0.00000000,0.00000000,0.00000000,0.00000021,0.00000008,MIXED
R09093[K,p],0.00000000,0.00000000,0.00000000,0.00000000,0.00000014,0.00000014,0.00000000,0.00000014,0.00000014,0.00000016,0.00000000,-0.00000016,0.00000000,0.00000000,0.00000000,0.00000000,0.00000000,0.00000000,-0.00000021,0.00000000,0.00000021,0.00000000,0.00000000,0.00000000,0.00000021,0.00000008,MIXED
cpTransport_MC00937[K],0.00000003,-0.00000018,-0.00000021,0.00000003,0.00000004,0.00000001,0.00000003,0.00000000,-0.00000003,0.00000004,0.00000000,-0.00000004,0.00000000,0.00000007,0.00000007,0.00000000,0.00000009,0.00000009,0.00000002,0.00000000,-0.00000002,0.00000001,0.00000000,-0.00000001,0.00000021,0.00000006,MIXED
ExB_C00249[K],0.00000032,0.00000032,0.00000000,0.00000031,0.00000036,0.00000005,0.00000034,0.00000035,0.00000001,0.00000039,0.00000036,-0.00000003,0.00000087,0.00000072,-0.00000015,0.00000067,0.00000087,0.00000020,0.00000020,0.00000019,-0.00000001,0.00000009,0.00000003,-0.00000006,0.00000020,0.00000006,MIXED
Exchange_180DGDG[K,L],0.00000000,0.00000000,0.00000000,0.00000000,0.00000000,0.00000000,0.00000000,0.00000000,0.00000000,0.00000000,-0.00000020,-0.00000020,0.00000000,0.00000000,0.00000000,0.00000000,0.00000000,0.00000000,0.00000000,0.00000000,0.00000000,-0.00000005,0.00000000,0.00000005,0.00000020,0.00000003,MIXED
Exchange_182PC[K,L],0.00000000,0.00000000,0.00000000,0.00000000,0.00000000,0.00000000,0.00000000,0.00000000,0.00000000,0.00000000,0.00000000,0.00000000,0.00000000,0.00000000,0.00000000,0.00000000,0.00000000,0.00000000,0.00000000,0.00000000,0.00000000,-0.00000020,0.00000000,0.00000020,0.00000020,0.00000002,UP
MR01161[K,p],0.00000000,0.00000000,0.00000000,0.00000000,0.00000000,0.00000000,0.00000000,-0.00000018,-0.00000018,-0.00000020,0.00000000,0.00000020,-0.00000044,-0.00000037,0.00000007,0.00000000,0.00000000,0.00000000,-0.00000010,0.00000000,0.00000010,0.00000000,-0.00000002,-0.00000002,0.00000020,0.00000007,MIXED
cpTransport_C00249[K],-0.00000032,-0.00000032,0.00000000,-0.00000031,-0.00000036,-0.00000005,-0.00000034,-0.00000035,-0.00000001,-0.00000039,-0.00000036,0.00000003,-0.00000087,-0.00000072,0.00000015,-0.00000067,-0.00000087,-0.00000020,-0.00000020,-0.00000019,0.00000001,-0.00000009,-0.00000003,0.00000006,0.00000020,0.00000006,MIXED
MR01157[K,p],0.00000017,0.00000016,-0.00000001,0.00000016,0.00000018,0.00000002,0.00000017,0.00000000,-0.00000017,0.00000000,0.00000019,0.00000019,0.00000000,0.00000000,0.00000000,0.00000034,0.00000045,0.00000011,0.00000000,0.00000010,0.00000010,0.00000005,0.00000000,-0.00000005,0.00000019,0.00000008,MIXED
R02063[K,p],0.00000029,0.00000028,-0.00000001,0.00000027,0.00000032,0.00000005,0.00000030,0.00000031,0.00000001,0.00000035,0.00000032,-0.00000003,0.00000077,0.00000064,-0.00000013,0.00000059,0.00000077,0.00000018,0.00000017,0.00000017,0.00000000,0.00000008,0.00000003,-0.00000005,0.00000018,0.00000006,MIXED
R07500[K,p],0.00000029,0.00000028,-0.00000001,0.00000027,0.00000032,0.00000005,0.00000030,0.00000031,0.00000001,0.00000035,0.00000032,-0.00000003,0.00000077,0.00000064,-0.00000013,0.00000059,0.00000077,0.00000018,0.00000017,0.00000017,0.00000000,0.00000008,0.00000003,-0.00000005,0.00000018,0.00000006,MIXED
R07501[K,p],0.00000029,0.00000028,-0.00000001,0.00000027,0.00000032,0.00000005,0.00000030,0.00000031,0.00000001,0.00000035,0.00000032,-0.00000003,0.00000077,0.00000064,-0.00000013,0.00000059,0.00000077,0.00000018,0.00000017,0.00000017,0.00000000,0.00000008,0.00000003,-0.00000005,0.00000018,0.00000006,MIXED
R07502[K,p],0.00000029,0.00000028,-0.00000001,0.00000027,0.00000032,0.00000005,0.00000030,0.00000031,0.00000001,0.00000035,0.00000032,-0.00000003,0.00000077,0.00000064,-0.00000013,0.00000059,0.00000077,0.00000018,0.00000017,0.00000017,0.00000000,0.00000008,0.00000003,-0.00000005,0.00000018,0.00000006,MIXED
MR01238[K,c],0.00000000,0.00000000,0.00000000,0.00000000,0.00000000,0.00000000,-0.00000018,0.00000000,0.00000018,0.00000000,0.00000000,0.00000000,-0.00000003,0.00000000,0.00000003,0.00000000,0.00000000,0.00000000,0.00000000,0.00000000,0.00000000,0.00000000,0.00000000,0.00000000,0.00000018,0.00000003,UP
Exchange_181DGDG[K,L],0.00000000,0.00000000,0.00000000,0.00000000,0.00000000,0.00000000,0.00000000,-0.00000007,-0.00000007,0.00000000,-0.00000007,-0.00000007,-0.00000017,0.00000000,0.00000017,-0.00000013,0.00000000,0.00000013,0.00000000,-0.00000004,-0.00000004,0.00000000,0.00000000,0.00000000,0.00000017,0.00000006,MIXED
MR00559[K,p],0.00000000,0.00000000,0.00000000,0.00000000,0.00000000,0.00000000,-0.00000017,0.00000000,0.00000017,0.00000003,0.00000003,0.00000000,0.00000000,0.00000000,0.00000000,0.00000000,0.00000000,0.00000000,0.00000000,0.00000000,0.00000000,0.00000000,0.00000000,0.00000000,0.00000017,0.00000002,UP
R00692[K,c],0.00000000,0.00000000,0.00000000,0.00000000,0.00000000,0.00000000,0.00000000,0.00000000,0.00000000,0.00000000,0.00000000,0.00000000,0.00000000,0.00000000,0.00000000,0.00000000,0.00000000,0.00000000,0.00000000,-0.00000017,-0.00000017,0.00000000,0.00000000,0.00000000,0.00000017,0.00000002,DOWN
R01373[K,p],0.00000000,0.00000000,0.00000000,0.00000000,0.00000000,0.00000000,0.00000000,0.00000000,0.00000000,0.00000000,0.00000000,0.00000000,0.00000000,0.00000000,0.00000000,0.00000000,0.00000000,0.00000000,0.00000000,-0.00000017,-0.00000017,0.00000000,0.00000000,0.00000000,0.00000017,0.00000002,DOWN
R01730[K,p],0.00000000,0.00000000,0.00000000,0.00000000,0.00000000,0.00000000,0.00000000,0.00000000,0.00000000,0.00000000,0.00000000,0.00000000,0.00000000,0.00000000,0.00000000,0.00000000,0.00000000,0.00000000,0.00000000,0.00000017,0.00000017,0.00000000,0.00000000,0.00000000,0.00000017,0.00000002,UP
R07558[K,p],0.00000003,0.00000000,-0.00000003,0.00000002,-0.00000002,-0.00000004,0.00000000,-0.00000017,-0.00000017,0.00000000,0.00000000,0.00000000,0.00000007,0.00000006,-0.00000001,0.00000005,0.00000007,0.00000002,0.00000002,0.00000002,0.00000000,0.00000001,0.00000000,-0.00000001,0.00000017,0.00000004,MIXED
cpTransport_C00166[K],0.00000000,0.00000000,0.00000000,0.00000000,0.00000000,0.00000000,0.00000000,0.00000000,0.00000000,0.00000000,0.00000000,0.00000000,0.00000000,0.00000000,0.00000000,0.00000000,0.00000000,0.00000000,0.00000000,0.00000017,0.00000017,0.00000000,0.00000000,0.00000000,0.00000017,0.00000002,UP
MR00557[K,p],-0.00000014,0.00000002,0.00000016,-0.00000014,0.00000000,0.00000014,-0.00000015,-0.00000015,0.00000000,-0.00000017,-0.00000016,0.00000001,-0.00000038,-0.00000032,0.00000006,-0.00000030,-0.00000039,-0.00000009,-0.00000009,-0.00000009,0.00000000,-0.00000004,-0.00000001,0.00000003,0.00000016,0.00000006,MIXED
R02065[K,p],-0.00000014,0.00000002,0.00000016,-0.00000014,0.00000000,0.00000014,-0.00000015,-0.00000015,0.00000000,-0.00000017,-0.00000016,0.00000001,-0.00000038,-0.00000032,0.00000006,-0.00000030,-0.00000039,-0.00000009,-0.00000009,-0.00000009,0.00000000,-0.00000004,-0.00000001,0.00000003,0.00000016,0.00000006,MIXED
R04218[K,p],-0.00000014,0.00000002,0.00000016,-0.00000014,0.00000000,0.00000014,-0.00000015,-0.00000015,0.00000000,-0.00000017,-0.00000016,0.00000001,-0.00000038,-0.00000032,0.00000006,-0.00000030,-0.00000039,-0.00000009,-0.00000009,-0.00000009,0.00000000,-0.00000004,-0.00000001,0.00000003,0.00000016,0.00000006,MIXED
ExB_C00038[K],0.00000027,0.00000026,-0.00000001,0.00000025,0.00000029,0.00000004,0.00000028,0.00000028,0.00000000,0.00000032,0.00000030,-0.00000002,0.00000071,0.00000059,-0.00000012,0.00000055,0.00000071,0.00000016,0.00000016,0.00000016,0.00000000,0.00000008,0.00000003,-0.00000005,0.00000016,0.00000005,MIXED
PhloemImport_C00038[K,c],0.00000027,0.00000026,-0.00000001,0.00000025,0.00000029,0.00000004,0.00000028,0.00000028,0.00000000,0.00000032,0.00000030,-0.00000002,0.00000071,0.00000059,-0.00000012,0.00000055,0.00000071,0.00000016,0.00000016,0.00000016,0.00000000,0.00000008,0.00000003,-0.00000005,0.00000016,0.00000005,MIXED
PhloemTransport_C00038[K,c],0.00000027,0.00000026,-0.00000001,0.00000025,0.00000029,0.00000004,0.00000028,0.00000028,0.00000000,0.00000032,0.00000030,-0.00000002,0.00000071,0.00000059,-0.00000012,0.00000055,0.00000071,0.00000016,0.00000016,0.00000016,0.00000000,0.00000008,0.00000003,-0.00000005,0.00000016,0.00000005,MIXED
Exchange_181MGDG[K,L],-0.00000005,0.00000000,0.00000005,-0.00000005,-0.00000006,-0.00000001,0.00000000,0.00000000,0.00000000,0.00000000,0.00000000,0.00000000,-0.00000014,0.00000000,0.00000014,0.00000000,0.00000000,0.00000000,0.00000000,0.00000000,0.00000000,0.00000000,0.00000000,0.00000000,0.00000014,0.00000002,MIXED
MR00348[K,p],0.00000000,0.00000000,0.00000000,0.00000012,0.00000014,0.00000002,0.00000014,0.00000000,-0.00000014,0.00000000,0.00000000,0.00000000,0.00000000,0.00000000,0.00000000,0.00000000,0.00000000,0.00000000,0.00000000,0.00000007,0.00000007,0.00000003,0.00000000,-0.00000003,0.00000014,0.00000003,MIXED
ExB_C02483[K],0.00000023,0.00000022,-0.00000001,0.00000021,0.00000025,0.00000004,0.00000024,0.00000024,0.00000000,0.00000028,0.00000025,-0.00000003,0.00000061,0.00000050,-0.00000011,0.00000047,0.00000061,0.00000014,0.00000014,0.00000013,-0.00000001,0.00000007,0.00000002,-0.00000005,0.00000014,0.00000005,MIXED
ExB_C01595[K],0.00000021,0.00000020,-0.00000001,0.00000019,0.00000023,0.00000004,0.00000022,0.00000022,0.00000000,0.00000025,0.00000023,-0.00000002,0.00000055,0.00000046,-0.00000009,0.00000043,0.00000056,0.00000013,0.00000012,0.00000012,0.00000000,0.00000006,0.00000002,-0.00000004,0.00000013,0.00000004,MIXED
Exchange_181PC[K,L],0.00000000,0.00000000,0.00000000,0.00000000,0.00000000,0.00000000,0.00000000,0.00000000,0.00000000,0.00000000,0.00000000,0.00000000,0.00000000,0.00000000,0.00000000,-0.00000013,0.00000000,0.00000013,0.00000000,-0.00000004,-0.00000004,0.00000000,-0.00000007,-0.00000007,0.00000013,0.00000003,MIXED
MR01160[K,p],0.00000000,0.00000000,0.00000000,0.00000000,0.00000000,0.00000000,0.00000000,0.00000000,0.00000000,0.00000000,0.00000000,0.00000000,0.00000000,0.00000000,0.00000000,0.00000000,0.00000000,0.00000000,-0.00000010,0.00000000,0.00000010,-0.00000005,-0.00000018,-0.00000013,0.00000013,0.00000003,MIXED
PhloemImport_C00097[K,c],0.00000000,0.00000000,0.00000000,0.00000000,0.00000000,0.00000000,0.00000000,0.00000000,0.00000000,0.00000000,0.00000000,0.00000000,0.00000000,0.00000000,0.00000000,0.00000000,-0.00000012,-0.00000012,0.00000000,0.00000000,0.00000000,0.00000000,0.00000000,0.00000000,0.00000012,0.00000001,DOWN
PhloemTransport_C00097[K,c],0.00000000,0.00000000,0.00000000,0.00000000,0.00000000,0.00000000,0.00000000,0.00000000,0.00000000,0.00000000,0.00000000,0.00000000,0.00000000,0.00000000,0.00000000,0.00000000,-0.00000012,-0.00000012,0.00000000,0.00000000,0.00000000,0.00000000,0.00000000,0.00000000,0.00000012,0.00000001,DOWN
R00859[K,p],0.00000000,-0.00000004,-0.00000004,-0.00000004,0.00000000,0.00000004,-0.00000005,0.00000000,0.00000005,0.00000000,0.00000000,0.00000000,0.00000000,0.00000000,0.00000000,0.00000000,-0.00000012,-0.00000012,-0.00000007,0.00000000,0.00000007,0.00000000,0.00000000,0.00000000,0.00000012,0.00000004,MIXED
cpTransport_C00051[K],0.00000000,0.00000000,0.00000000,-0.00000004,0.00000000,0.00000004,0.00000000,0.00000000,0.00000000,0.00000000,0.00000000,0.00000000,0.00000000,0.00000000,0.00000000,0.00000000,-0.00000012,-0.00000012,0.00000000,0.00000000,0.00000000,0.00000000,0.00000000,0.00000000,0.00000012,0.00000002,MIXED
16:0/18:1-SQDGdegradation[K],0.00000017,0.00000016,-0.00000001,0.00000016,0.00000018,0.00000002,0.00000017,0.00000018,0.00000001,0.00000020,0.00000019,-0.00000001,0.00000044,0.00000037,-0.00000007,0.00000034,0.00000045,0.00000011,0.00000010,0.00000010,0.00000000,0.00000005,0.00000002,-0.00000003,0.00000011,0.00000003,MIXED
cpTransport_MC00943[K],0.00000017,0.00000016,-0.00000001,0.00000016,0.00000018,0.00000002,0.00000017,0.00000018,0.00000001,0.00000020,0.00000019,-0.00000001,0.00000044,0.00000037,-0.00000007,0.00000034,0.00000045,0.00000011,0.00000010,0.00000010,0.00000000,0.00000005,0.00000002,-0.00000003,0.00000011,0.00000003,MIXED
18:0/18:0-MGDGdegradation[K],-0.00000009,0.00000001,0.00000010,0.00000000,0.00000001,0.00000001,-0.00000009,-0.00000010,-0.00000001,0.00000001,0.00000000,-0.00000001,0.00000002,0.00000001,-0.00000001,0.00000001,0.00000002,0.00000001,0.00000000,0.00000010,0.00000010,0.00000000,0.00000000,0.00000000,0.00000010,0.00000003,MIXED
cpTransport_C00144[K],0.00000000,0.00000000,0.00000000,0.00000000,0.00000000,0.00000000,0.00000000,0.00000000,0.00000000,0.00000000,0.00000000,0.00000000,0.00000000,0.00000000,0.00000000,0.00000000,0.00000000,0.00000000,0.00000000,0.00000000,0.00000000,0.00000000,-0.00000010,-0.00000010,0.00000010,0.00000001,DOWN
cpTransport_MC00931[K],-0.00000009,0.00000001,0.00000010,0.00000000,0.00000001,0.00000001,-0.00000009,-0.00000010,-0.00000001,0.00000001,0.00000000,-0.00000001,0.00000002,0.00000001,-0.00000001,0.00000001,0.00000002,0.00000001,0.00000000,0.00000010,0.00000010,0.00000000,0.00000000,0.00000000,0.00000010,0.00000003,MIXED
18:1/18:1-PCdegradation[K],0.00000003,0.00000003,0.00000000,0.00000003,0.00000003,0.00000000,0.00000003,0.00000003,0.00000000,0.00000004,0.00000003,-0.00000001,0.00000008,0.00000007,-0.00000001,0.00000000,0.00000008,0.00000008,0.00000002,0.00000000,-0.00000002,0.00000001,0.00000000,-0.00000001,0.00000008,0.00000002,MIXED
18:1/18:1-PEdegradation[K],-0.00000003,-0.00000003,0.00000000,-0.00000006,-0.00000003,0.00000003,-0.00000003,-0.00000003,0.00000000,-0.00000004,-0.00000003,0.00000001,-0.00000007,-0.00000007,0.00000000,0.00000000,-0.00000008,-0.00000008,-0.00000002,0.00000000,0.00000002,-0.00000001,0.00000000,0.00000001,0.00000008,0.00000002,MIXED
ExB_C00286[K],0.00000011,0.00000011,0.00000000,0.00000011,0.00000013,0.00000002,0.00000012,0.00000012,0.00000000,0.00000014,0.00000013,-0.00000001,0.00000031,0.00000025,-0.00000006,0.00000023,0.00000031,0.00000008,0.00000007,0.00000007,0.00000000,0.00000003,0.00000001,-0.00000002,0.00000008,0.00000002,MIXED
MR01139[K,c],-0.00000003,-0.00000003,0.00000000,-0.00000003,-0.00000003,0.00000000,-0.00000003,-0.00000003,0.00000000,-0.00000004,-0.00000003,0.00000001,-0.00000008,-0.00000007,0.00000001,0.00000000,-0.00000008,-0.00000008,-0.00000002,0.00000000,0.00000002,-0.00000001,0.00000000,0.00000001,0.00000008,0.00000002,MIXED
MR01165[K,c],-0.00000003,-0.00000003,0.00000000,-0.00000006,-0.00000003,0.00000003,-0.00000003,-0.00000003,0.00000000,-0.00000004,-0.00000003,0.00000001,-0.00000007,-0.00000007,0.00000000,0.00000000,-0.00000008,-0.00000008,-0.00000002,0.00000000,0.00000002,-0.00000001,0.00000000,0.00000001,0.00000008,0.00000002,MIXED
R02020[K,c],-0.00000011,-0.00000011,0.00000000,-0.00000011,-0.00000013,-0.00000002,-0.00000012,-0.00000012,0.00000000,-0.00000014,-0.00000013,0.00000001,-0.00000031,-0.00000025,0.00000006,-0.00000023,-0.00000031,-0.00000008,-0.00000007,-0.00000007,0.00000000,-0.00000003,-0.00000001,0.00000002,0.00000008,0.00000002,MIXED
ExB_C00459[K],0.00000013,0.00000013,0.00000000,0.00000012,0.00000014,0.00000002,0.00000014,0.00000014,0.00000000,0.00000016,0.00000014,-0.00000002,0.00000035,0.00000029,-0.00000006,0.00000027,0.00000035,0.00000008,0.00000008,0.00000008,0.00000000,0.00000004,0.00000001,-0.00000003,0.00000008,0.00000003,MIXED
ExB_C00458[K],0.00000011,0.00000011,0.00000000,0.00000011,0.00000013,0.00000002,0.00000012,0.00000012,0.00000000,0.00000014,0.00000013,-0.00000001,0.00000031,0.00000025,-0.00000006,0.00000024,0.00000031,0.00000007,0.00000007,0.00000007,0.00000000,0.00000003,0.00000001,-0.00000002,0.00000007,0.00000002,MIXED
MR01084[K,c],0.00000000,0.00000000,0.00000000,0.00000000,0.00000000,0.00000000,0.00000000,0.00000007,0.00000007,0.00000000,0.00000000,0.00000000,0.00000000,0.00000000,0.00000000,0.00000000,0.00000000,0.00000000,0.00000000,0.00000000,0.00000000,0.00000000,0.00000000,0.00000000,0.00000007,0.00000001,UP
MR01098[K,c],0.00000000,0.00000000,0.00000000,0.00000000,0.00000000,0.00000000,0.00000000,0.00000007,0.00000007,0.00000000,0.00000000,0.00000000,0.00000000,0.00000000,0.00000000,0.00000000,0.00000000,0.00000000,0.00000000,0.00000000,0.00000000,0.00000000,0.00000000,0.00000000,0.00000007,0.00000001,UP
MR01116[K,c],0.00000000,0.00000000,0.00000000,0.00000000,0.00000000,0.00000000,0.00000000,0.00000000,0.00000000,0.00000000,0.00000000,0.00000000,0.00000000,0.00000000,0.00000000,0.00000000,0.00000000,0.00000000,0.00000000,-0.00000007,-0.00000007,0.00000000,0.00000000,0.00000000,0.00000007,0.00000001,DOWN
R00497[K,c],0.00000000,0.00000000,0.00000000,0.00000000,0.00000000,0.00000000,0.00000000,0.00000000,0.00000000,0.00000000,0.00000000,0.00000000,0.00000000,0.00000000,0.00000000,0.00000000,0.00000000,0.00000000,0.00000007,0.00000000,-0.00000007,0.00000000,0.00000000,0.00000000,0.00000007,0.00000001,DOWN
R00894[K,p],0.00000000,0.00000000,0.00000000,0.00000000,0.00000000,0.00000000,0.00000000,0.00000000,0.00000000,0.00000000,0.00000000,0.00000000,0.00000000,0.00000000,0.00000000,0.00000000,0.00000000,0.00000000,0.00000007,0.00000000,-0.00000007,0.00000000,0.00000000,0.00000000,0.00000007,0.00000001,DOWN
R01021[K,c],0.00000000,0.00000000,0.00000000,0.00000000,0.00000000,0.00000000,0.00000000,0.00000000,0.00000000,0.00000000,0.00000000,0.00000000,0.00000000,0.00000000,0.00000000,0.00000000,0.00000000,0.00000000,0.00000000,0.00000007,0.00000007,0.00000000,0.00000000,0.00000000,0.00000007,0.00000001,UP
R01021[K,p],0.00000000,0.00000000,0.00000000,0.00000000,0.00000000,0.00000000,0.00000000,0.00000000,0.00000000,0.00000000,0.00000000,0.00000000,0.00000000,0.00000000,0.00000000,0.00000000,0.00000000,0.00000000,0.00000000,-0.00000007,-0.00000007,0.00000000,0.00000000,0.00000000,0.00000007,0.00000001,DOWN
R01890[K,p],0.00000000,0.00000000,0.00000000,0.00000000,0.00000000,0.00000000,0.00000000,0.00000000,0.00000000,0.00000000,0.00000000,0.00000000,0.00000000,0.00000000,0.00000000,0.00000000,0.00000000,0.00000000,0.00000000,-0.00000007,-0.00000007,0.00000000,0.00000000,0.00000000,0.00000007,0.00000001,DOWN
cpTransport_C00510[K],0.00000000,0.00000000,0.00000000,0.00000000,0.00000000,0.00000000,0.00000000,0.00000007,0.00000007,0.00000000,0.00000000,0.00000000,0.00000000,0.00000000,0.00000000,0.00000000,0.00000000,0.00000000,0.00000000,0.00000000,0.00000000,0.00000000,0.00000000,0.00000000,0.00000007,0.00000001,UP
cpTransport_C00669[K],0.00000000,0.00000000,0.00000000,0.00000000,0.00000000,0.00000000,0.00000000,0.00000000,0.00000000,0.00000000,0.00000000,0.00000000,0.00000000,0.00000000,0.00000000,0.00000000,0.00000000,0.00000000,0.00000007,0.00000000,-0.00000007,0.00000000,0.00000000,0.00000000,0.00000007,0.00000001,DOWN
R00177[K,p],0.00000000,0.00000000,0.00000000,0.00000000,0.00000000,0.00000000,0.00000000,0.00000000,0.00000000,0.00000000,0.00000000,0.00000000,0.00000000,0.00000000,0.00000000,0.00000000,0.00000000,0.00000000,0.00000000,0.00000000,0.00000000,0.00000010,0.00000003,-0.00000007,0.00000007,0.00000001,DOWN
16:0/18:1-PCdegradation[K],0.00000000,0.00000000,0.00000000,0.00000000,0.00000000,0.00000000,0.00000000,0.00000000,0.00000000,0.00000000,0.00000000,0.00000000,0.00000000,0.00000000,0.00000000,0.00000000,0.00000000,0.00000000,0.00000000,0.00000000,0.00000000,0.00000000,-0.00000006,-0.00000006,0.00000006,0.00000001,DOWN
18:1/18:1-MGDGdegradation[K],0.00000000,0.00000003,0.00000003,0.00000000,0.00000000,0.00000000,0.00000003,0.00000003,0.00000000,0.00000003,0.00000003,0.00000000,0.00000000,0.00000006,0.00000006,0.00000006,0.00000007,0.00000001,0.00000002,0.00000002,0.00000000,0.00000001,0.00000000,-0.00000001,0.00000006,0.00000001,MIXED
R01113[K,c],0.00000000,0.00000000,0.00000000,0.00000000,0.00000000,0.00000000,0.00000000,0.00000000,0.00000000,0.00000000,0.00000000,0.00000000,0.00000000,0.00000000,0.00000000,0.00000000,0.00000006,0.00000006,0.00000000,0.00000000,0.00000000,0.00000000,0.00000000,0.00000000,0.00000006,0.00000001,UP
R02409[K,p],0.00000000,0.00000000,0.00000000,0.00000000,0.00000000,0.00000000,0.00000000,0.00000000,0.00000000,0.00000000,0.00000000,0.00000000,0.00000000,0.00000000,0.00000000,0.00000000,-0.00000006,-0.00000006,0.00000000,0.00000000,0.00000000,0.00000000,0.00000000,0.00000000,0.00000006,0.00000001,DOWN
R03132[K,p],0.00000000,0.00000000,0.00000000,0.00000000,0.00000000,0.00000000,0.00000000,0.00000000,0.00000000,0.00000000,0.00000000,0.00000000,0.00000000,0.00000000,0.00000000,0.00000000,0.00000006,0.00000006,0.00000000,0.00000000,0.00000000,0.00000000,0.00000000,0.00000000,0.00000006,0.00000001,UP
cpTransport_C00127[K],0.00000000,0.00000000,0.00000000,0.00000000,0.00000000,0.00000000,0.00000000,0.00000000,0.00000000,0.00000000,0.00000000,0.00000000,0.00000000,0.00000000,0.00000000,0.00000000,0.00000006,0.00000006,0.00000000,0.00000000,0.00000000,0.00000000,0.00000000,0.00000000,0.00000006,0.00000001,UP
cpTransport_C00491[K],0.00000000,0.00000000,0.00000000,0.00000000,0.00000000,0.00000000,0.00000000,0.00000000,0.00000000,0.00000000,0.00000000,0.00000000,0.00000000,0.00000000,0.00000000,0.00000000,0.00000006,0.00000006,0.00000000,0.00000000,0.00000000,0.00000000,0.00000000,0.00000000,0.00000006,0.00000001,UP
cpTransport_MC00926[K],0.00000000,0.00000003,0.00000003,0.00000000,0.00000000,0.00000000,0.00000003,0.00000003,0.00000000,0.00000003,0.00000003,0.00000000,0.00000000,0.00000006,0.00000006,0.00000006,0.00000007,0.00000001,0.00000002,0.00000002,0.00000000,0.00000001,0.00000000,-0.00000001,0.00000006,0.00000001,MIXED
ExB_C00034[K],0.00000007,0.00000007,0.00000000,0.00000007,0.00000008,0.00000001,0.00000007,0.00000007,0.00000000,0.00000008,0.00000008,0.00000000,0.00000019,0.00000015,-0.00000004,0.00000014,0.00000019,0.00000005,0.00000004,0.00000004,0.00000000,0.00000002,0.00000001,-0.00000001,0.00000005,0.00000001,MIXED
PhloemImport_C00034[K,c],0.00000007,0.00000007,0.00000000,0.00000007,0.00000008,0.00000001,0.00000007,0.00000007,0.00000000,0.00000008,0.00000008,0.00000000,0.00000019,0.00000015,-0.00000004,0.00000014,0.00000019,0.00000005,0.00000004,0.00000004,0.00000000,0.00000002,0.00000001,-0.00000001,0.00000005,0.00000001,MIXED
PhloemTransport_C00034[K,c],0.00000007,0.00000007,0.00000000,0.00000007,0.00000008,0.00000001,0.00000007,0.00000007,0.00000000,0.00000008,0.00000008,0.00000000,0.00000019,0.00000015,-0.00000004,0.00000014,0.00000019,0.00000005,0.00000004,0.00000004,0.00000000,0.00000002,0.00000001,-0.00000001,0.00000005,0.00000001,MIXED
R01777[K,p],0.00000000,0.00000000,0.00000000,0.00000000,0.00000000,0.00000000,0.00000005,0.00000000,-0.00000005,0.00000000,0.00000000,0.00000000,0.00000000,0.00000000,0.00000000,0.00000000,0.00000000,0.00000000,0.00000000,0.00000000,0.00000000,0.00000000,0.00000000,0.00000000,0.00000005,0.00000001,DOWN
R02734[K,p],0.00000000,0.00000000,0.00000000,0.00000004,0.00000000,-0.00000004,-0.00000005,0.00000000,0.00000005,0.00000000,0.00000000,0.00000000,0.00000000,0.00000000,0.00000000,0.00000000,0.00000000,0.00000000,0.00000000,0.00000000,0.00000000,0.00000000,0.00000000,0.00000000,0.00000005,0.00000001,MIXED
R03260[K,p],0.00000000,-0.00000004,-0.00000004,0.00000000,0.00000000,0.00000000,-0.00000005,0.00000000,0.00000005,0.00000000,0.00000000,0.00000000,0.00000000,0.00000000,0.00000000,0.00000000,0.00000000,0.00000000,0.00000000,0.00000000,0.00000000,0.00000000,0.00000000,0.00000000,0.00000005,0.00000001,MIXED
R03824[K,p],0.00000003,0.00000000,-0.00000003,0.00000003,-0.00000002,-0.00000005,-0.00000017,-0.00000017,0.00000000,0.00000003,0.00000003,0.00000000,0.00000008,0.00000006,-0.00000002,0.00000006,0.00000008,0.00000002,0.00000002,0.00000002,0.00000000,0.00000001,0.00000000,-0.00000001,0.00000005,0.00000002,MIXED
R04365[K,p],0.00000000,0.00000000,0.00000000,0.00000004,0.00000000,-0.00000004,-0.00000005,0.00000000,0.00000005,0.00000000,0.00000000,0.00000000,0.00000000,0.00000000,0.00000000,0.00000000,0.00000000,0.00000000,0.00000000,0.00000000,0.00000000,0.00000000,0.00000000,0.00000000,0.00000005,0.00000001,MIXED
R04475[K,p],0.00000000,0.00000000,0.00000000,-0.00000004,0.00000000,0.00000004,0.00000005,0.00000000,-0.00000005,0.00000000,0.00000000,0.00000000,0.00000000,0.00000000,0.00000000,0.00000000,0.00000000,0.00000000,0.00000000,0.00000000,0.00000000,0.00000000,0.00000000,0.00000000,0.00000005,0.00000001,MIXED
R04801[K,p],0.00000003,0.00000000,-0.00000003,0.00000003,-0.00000002,-0.00000005,-0.00000017,-0.00000017,0.00000000,0.00000003,0.00000003,0.00000000,0.00000008,0.00000006,-0.00000002,0.00000006,0.00000008,0.00000002,0.00000002,0.00000002,0.00000000,0.00000001,0.00000000,-0.00000001,0.00000005,0.00000002,MIXED
R04803[K,p],0.00000003,0.00000000,-0.00000003,0.00000003,-0.00000002,-0.00000005,-0.00000017,-0.00000017,0.00000000,0.00000003,0.00000003,0.00000000,0.00000008,0.00000006,-0.00000002,0.00000006,0.00000008,0.00000002,0.00000002,0.00000002,0.00000000,0.00000001,0.00000000,-0.00000001,0.00000005,0.00000002,MIXED
ExB_C02477[K],0.00000006,0.00000006,0.00000000,0.00000006,0.00000007,0.00000001,0.00000006,0.00000006,0.00000000,0.00000007,0.00000007,0.00000000,0.00000016,0.00000013,-0.00000003,0.00000012,0.00000016,0.00000004,0.00000004,0.00000004,0.00000000,0.00000002,0.00000001,-0.00000001,0.00000004,0.00000001,MIXED
R07236[K,p],0.00000006,0.00000006,0.00000000,0.00000006,0.00000007,0.00000001,0.00000006,0.00000006,0.00000000,0.00000007,0.00000007,0.00000000,0.00000016,0.00000013,-0.00000003,0.00000012,0.00000016,0.00000004,0.00000004,0.00000004,0.00000000,0.00000002,0.00000001,-0.00000001,0.00000004,0.00000001,MIXED
cpTransport_C02477[K],0.00000006,0.00000006,0.00000000,0.00000006,0.00000007,0.00000001,0.00000006,0.00000006,0.00000000,0.00000007,0.00000007,0.00000000,0.00000016,0.00000013,-0.00000003,0.00000012,0.00000016,0.00000004,0.00000004,0.00000004,0.00000000,0.00000002,0.00000001,-0.00000001,0.00000004,0.00000001,MIXED
MR00558[K,p],-0.00000004,-0.00000002,0.00000002,-0.00000004,0.00000000,0.00000004,0.00000015,0.00000015,0.00000000,0.00000017,0.00000016,-0.00000001,-0.00000012,-0.00000010,0.00000002,-0.00000009,-0.00000012,-0.00000003,-0.00000003,-0.00000003,0.00000000,-0.00000001,0.00000001,0.00000002,0.00000004,0.00000002,MIXED
MR00875[K,p],0.00000000,0.00000000,0.00000000,-0.00000004,0.00000000,0.00000004,0.00000000,0.00000000,0.00000000,0.00000000,0.00000000,0.00000000,0.00000000,0.00000000,0.00000000,0.00000000,0.00000000,0.00000000,0.00000000,0.00000000,0.00000000,0.00000000,0.00000000,0.00000000,0.00000004,0.00000001,UP
MR01125[K,p],0.00000000,0.00000000,0.00000000,0.00000000,0.00000000,0.00000000,0.00000000,0.00000000,0.00000000,0.00000000,0.00000000,0.00000000,0.00000000,0.00000000,0.00000000,0.00000000,0.00000000,0.00000000,-0.00000004,0.00000000,0.00000004,-0.00000002,0.00000000,0.00000002,0.00000004,0.00000001,UP
MR01126[K,p],0.00000000,0.00000000,0.00000000,0.00000000,0.00000000,0.00000000,0.00000000,0.00000000,0.00000000,0.00000000,0.00000000,0.00000000,0.00000000,0.00000000,0.00000000,0.00000000,0.00000000,0.00000000,-0.00000004,0.00000000,0.00000004,-0.00000002,0.00000000,0.00000002,0.00000004,0.00000001,UP
R00251[K,p],0.00000000,0.00000000,0.00000000,-0.00000004,0.00000000,0.00000004,0.00000000,0.00000000,0.00000000,0.00000000,0.00000000,0.00000000,0.00000000,0.00000000,0.00000000,0.00000000,0.00000000,0.00000000,0.00000000,0.00000000,0.00000000,0.00000000,0.00000000,0.00000000,0.00000004,0.00000001,UP
R00830[K,c],0.00000000,0.00000000,0.00000000,0.00000004,0.00000000,-0.00000004,0.00000000,0.00000000,0.00000000,0.00000000,0.00000000,0.00000000,0.00000000,0.00000000,0.00000000,0.00000000,0.00000000,0.00000000,0.00000000,0.00000000,0.00000000,0.00000000,0.00000000,0.00000000,0.00000004,0.00000001,DOWN
R00830[K,p],0.00000000,0.00000000,0.00000000,-0.00000004,0.00000000,0.00000004,0.00000000,0.00000000,0.00000000,0.00000000,0.00000000,0.00000000,0.00000000,0.00000000,0.00000000,0.00000000,0.00000000,0.00000000,0.00000000,0.00000000,0.00000000,0.00000000,0.00000000,0.00000000,0.00000004,0.00000001,UP
R00899[K,p],0.00000000,0.00000000,0.00000000,-0.00000004,0.00000000,0.00000004,0.00000000,0.00000000,0.00000000,0.00000000,0.00000000,0.00000000,0.00000000,0.00000000,0.00000000,0.00000000,0.00000000,0.00000000,0.00000000,0.00000000,0.00000000,0.00000000,0.00000000,0.00000000,0.00000004,0.00000001,UP
R04798[K,p],0.00000004,0.00000002,-0.00000002,0.00000004,0.00000000,-0.00000004,-0.00000015,-0.00000015,0.00000000,0.00000005,0.00000005,0.00000000,0.00000012,0.00000010,-0.00000002,0.00000009,0.00000012,0.00000003,0.00000003,0.00000003,0.00000000,0.00000001,0.00000000,-0.00000001,0.00000004,0.00000001,MIXED
R07559[K,p],0.00000002,0.00000000,-0.00000002,0.00000002,-0.00000002,-0.00000004,-0.00000017,-0.00000018,-0.00000001,0.00000003,0.00000003,0.00000000,0.00000006,0.00000005,-0.00000001,0.00000005,0.00000006,0.00000001,0.00000001,0.00000001,0.00000000,0.00000001,0.00000000,-0.00000001,0.00000004,0.00000001,MIXED
cpTransport_C00430[K],0.00000000,0.00000000,0.00000000,0.00000004,0.00000000,-0.00000004,0.00000000,0.00000000,0.00000000,0.00000000,0.00000000,0.00000000,0.00000000,0.00000000,0.00000000,0.00000000,0.00000000,0.00000000,0.00000000,0.00000000,0.00000000,0.00000000,0.00000000,0.00000000,0.00000004,0.00000001,DOWN
ExB_C08362[K],0.00000004,0.00000004,0.00000000,0.00000004,0.00000004,0.00000000,0.00000004,0.00000004,0.00000000,0.00000005,0.00000004,-0.00000001,0.00000011,0.00000009,-0.00000002,0.00000008,0.00000011,0.00000003,0.00000002,0.00000002,0.00000000,0.00000001,0.00000000,-0.00000001,0.00000003,0.00000001,MIXED
R08161[K,p],0.00000004,0.00000004,0.00000000,0.00000004,0.00000004,0.00000000,0.00000004,0.00000004,0.00000000,0.00000005,0.00000004,-0.00000001,0.00000011,0.00000009,-0.00000002,0.00000008,0.00000011,0.00000003,0.00000002,0.00000002,0.00000000,0.00000001,0.00000000,-0.00000001,0.00000003,0.00000001,MIXED
R08162[K,p],0.00000004,0.00000004,0.00000000,0.00000004,0.00000004,0.00000000,0.00000004,0.00000004,0.00000000,0.00000005,0.00000004,-0.00000001,0.00000011,0.00000009,-0.00000002,0.00000008,0.00000011,0.00000003,0.00000002,0.00000002,0.00000000,0.00000001,0.00000000,-0.00000001,0.00000003,0.00000001,MIXED
cpTransport_C08362[K],-0.00000004,-0.00000004,0.00000000,-0.00000004,-0.00000004,0.00000000,-0.00000004,-0.00000004,0.00000000,-0.00000005,-0.00000004,0.00000001,-0.00000011,-0.00000009,0.00000002,-0.00000008,-0.00000011,-0.00000003,-0.00000002,-0.00000002,0.00000000,-0.00000001,0.00000000,0.00000001,0.00000003,0.00000001,MIXED
16:0-18:1-PGdegradation[K],0.00000000,0.00000000,0.00000000,0.00000000,0.00000000,0.00000000,0.00000001,0.00000000,-0.00000001,0.00000000,0.00000000,0.00000000,0.00000003,0.00000000,-0.00000003,0.00000000,0.00000000,0.00000000,0.00000000,0.00000000,0.00000000,0.00000000,0.00000000,0.00000000,0.00000003,0.00000001,DOWN
MR01206[K,p],0.00000000,0.00000000,0.00000000,0.00000000,0.00000000,0.00000000,0.00000000,0.00000000,0.00000000,0.00000000,0.00000000,0.00000000,0.00000000,0.00000000,0.00000000,0.00000000,0.00000000,0.00000000,0.00000000,0.00000000,0.00000000,0.00000000,0.00000003,0.00000003,0.00000003,0.00000000,UP
MR01215[K,p],0.00000000,0.00000000,0.00000000,0.00000000,0.00000000,0.00000000,0.00000000,0.00000000,0.00000000,0.00000000,0.00000000,0.00000000,0.00000000,0.00000000,0.00000000,0.00000000,0.00000000,0.00000000,0.00000000,0.00000000,0.00000000,0.00000000,0.00000003,0.00000003,0.00000003,0.00000000,UP
MR01224[K,p],0.00000000,0.00000000,0.00000000,0.00000000,0.00000000,0.00000000,0.00000000,0.00000000,0.00000000,0.00000000,0.00000000,0.00000000,0.00000000,0.00000000,0.00000000,0.00000000,0.00000000,0.00000000,0.00000000,0.00000000,0.00000000,0.00000000,0.00000003,0.00000003,0.00000003,0.00000000,UP
MR01237[K,c],0.00000000,0.00000000,0.00000000,-0.00000003,0.00000000,0.00000003,0.00000000,0.00000000,0.00000000,0.00000000,0.00000000,0.00000000,0.00000001,0.00000000,-0.00000001,0.00000000,0.00000000,0.00000000,0.00000000,0.00000000,0.00000000,0.00000000,0.00000000,0.00000000,0.00000003,0.00000001,MIXED
MR01237[K,p],0.00000000,0.00000000,0.00000000,0.00000003,0.00000000,-0.00000003,0.00000000,0.00000000,0.00000000,0.00000000,0.00000000,0.00000000,0.00000000,0.00000000,0.00000000,-0.00000001,0.00000000,0.00000001,0.00000000,0.00000000,0.00000000,0.00000000,0.00000000,0.00000000,0.00000003,0.00000001,MIXED
cpTransport_MC00946[K],0.00000000,0.00000000,0.00000000,-0.00000003,0.00000000,0.00000003,0.00000000,0.00000000,0.00000000,0.00000000,0.00000000,0.00000000,0.00000000,0.00000000,0.00000000,0.00000001,0.00000000,-0.00000001,0.00000000,0.00000000,0.00000000,0.00000000,0.00000000,0.00000000,0.00000003,0.00000001,MIXED
Exchange_160PG[K,L],-0.00000001,-0.00000001,0.00000000,-0.00000001,0.00000000,0.00000001,0.00000000,-0.00000001,-0.00000001,0.00000000,0.00000000,0.00000000,0.00000000,-0.00000002,-0.00000002,0.00000000,0.00000000,0.00000000,-0.00000001,-0.00000001,0.00000000,0.00000000,0.00000000,0.00000000,0.00000002,0.00000001,MIXED
ExB_C00070[K],0.00000004,0.00000004,0.00000000,0.00000004,0.00000004,0.00000000,0.00000004,0.00000004,0.00000000,0.00000005,0.00000004,-0.00000001,0.00000010,0.00000009,-0.00000001,0.00000008,0.00000010,0.00000002,0.00000002,0.00000002,0.00000000,0.00000001,0.00000000,-0.00000001,0.00000002,0.00000001,MIXED
PhloemImport_C00070[K,c],0.00000004,0.00000004,0.00000000,0.00000004,0.00000004,0.00000000,0.00000004,0.00000004,0.00000000,0.00000005,0.00000004,-0.00000001,0.00000010,0.00000009,-0.00000001,0.00000008,0.00000010,0.00000002,0.00000002,0.00000002,0.00000000,0.00000001,0.00000000,-0.00000001,0.00000002,0.00000001,MIXED
PhloemTransport_C00070[K,c],0.00000004,0.00000004,0.00000000,0.00000004,0.00000004,0.00000000,0.00000004,0.00000004,0.00000000,0.00000005,0.00000004,-0.00000001,0.00000010,0.00000009,-0.00000001,0.00000008,0.00000010,0.00000002,0.00000002,0.00000002,0.00000000,0.00000001,0.00000000,-0.00000001,0.00000002,0.00000001,MIXED
ExB_C08601[K],0.00000002,0.00000002,0.00000000,0.00000002,0.00000002,0.00000000,0.00000002,0.00000002,0.00000000,0.00000002,0.00000002,0.00000000,0.00000004,0.00000004,0.00000000,0.00000003,0.00000004,0.00000001,0.00000001,0.00000001,0.00000000,0.00000000,0.00000000,0.00000000,0.00000001,0.00000000,UP
R06960[K,p],0.00000002,0.00000002,0.00000000,0.00000002,0.00000002,0.00000000,0.00000002,0.00000002,0.00000000,0.00000002,0.00000002,0.00000000,0.00000004,0.00000004,0.00000000,0.00000003,0.00000004,0.00000001,0.00000001,0.00000001,0.00000000,0.00000000,0.00000000,0.00000000,0.00000001,0.00000000,UP
R06961[K,p],0.00000002,0.00000002,0.00000000,0.00000002,0.00000002,0.00000000,0.00000002,0.00000002,0.00000000,0.00000002,0.00000002,0.00000000,0.00000004,0.00000004,0.00000000,0.00000003,0.00000004,0.00000001,0.00000001,0.00000001,0.00000000,0.00000000,0.00000000,0.00000000,0.00000001,0.00000000,UP
R06962[K,p],0.00000002,0.00000002,0.00000000,0.00000002,0.00000002,0.00000000,0.00000002,0.00000002,0.00000000,0.00000002,0.00000002,0.00000000,0.00000004,0.00000004,0.00000000,0.00000003,0.00000004,0.00000001,0.00000001,0.00000001,0.00000000,0.00000000,0.00000000,0.00000000,0.00000001,0.00000000,UP
R07850[K,p],0.00000002,0.00000002,0.00000000,0.00000002,0.00000002,0.00000000,0.00000002,0.00000002,0.00000000,0.00000002,0.00000002,0.00000000,0.00000004,0.00000004,0.00000000,0.00000003,0.00000004,0.00000001,0.00000001,0.00000001,0.00000000,0.00000000,0.00000000,0.00000000,0.00000001,0.00000000,UP
R07851[K,p],0.00000002,0.00000002,0.00000000,0.00000002,0.00000002,0.00000000,0.00000002,0.00000002,0.00000000,0.00000002,0.00000002,0.00000000,0.00000004,0.00000004,0.00000000,0.00000003,0.00000004,0.00000001,0.00000001,0.00000001,0.00000000,0.00000000,0.00000000,0.00000000,0.00000001,0.00000000,UP
16:0-18:0-PGdegradation[K],0.00000000,0.00000000,0.00000000,0.00000000,0.00000001,0.00000001,0.00000000,0.00000000,0.00000000,0.00000000,0.00000000,0.00000000,0.00000000,0.00000000,0.00000000,0.00000000,0.00000000,0.00000000,0.00000000,0.00000000,0.00000000,0.00000000,0.00000000,0.00000000,0.00000001,0.00000000,UP
18:0-18:0-PGdegradation[K],0.00000000,0.00000000,0.00000000,0.00000000,-0.00000001,-0.00000001,0.00000000,0.00000000,0.00000000,0.00000000,0.00000000,0.00000000,0.00000000,0.00000000,0.00000000,0.00000000,0.00000000,0.00000000,0.00000000,0.00000000,0.00000000,0.00000000,0.00000000,0.00000000,0.00000001,0.00000000,DOWN
18:1-18:1-PGdegradation[K],0.00000000,0.00000000,0.00000000,0.00000000,0.00000000,0.00000000,0.00000000,0.00000000,0.00000000,0.00000000,0.00000000,0.00000000,-0.00000001,0.00000000,0.00000001,0.00000000,0.00000000,0.00000000,0.00000000,0.00000000,0.00000000,0.00000000,0.00000000,0.00000000,0.00000001,0.00000000,UP
18:3-16:1t-PGdegradation[K],0.00000001,0.00000000,-0.00000001,0.00000001,0.00000001,0.00000000,0.00000001,0.00000001,0.00000000,0.00000001,0.00000001,0.00000000,0.00000002,0.00000001,-0.00000001,0.00000001,0.00000002,0.00000001,0.00000000,0.00000000,0.00000000,0.00000000,0.00000000,0.00000000,0.00000001,0.00000000,MIXED
ExB_C00712[K],0.00000002,0.00000002,0.00000000,0.00000002,0.00000002,0.00000000,0.00000002,0.00000002,0.00000000,0.00000003,0.00000002,-0.00000001,0.00000006,0.00000005,-0.00000001,0.00000005,0.00000006,0.00000001,0.00000001,0.00000001,0.00000000,0.00000001,0.00000000,-0.00000001,0.00000001,0.00000000,MIXED
ExB_C01530[K],0.00000002,0.00000002,0.00000000,0.00000002,0.00000002,0.00000000,0.00000002,0.00000002,0.00000000,0.00000002,0.00000002,0.00000000,0.00000005,0.00000004,-0.00000001,0.00000004,0.00000005,0.00000001,0.00000001,0.00000001,0.00000000,0.00000001,0.00000000,-0.00000001,0.00000001,0.00000000,MIXED
ExB_C02094[K],0.00000000,0.00000000,0.00000000,0.00000000,0.00000000,0.00000000,0.00000000,0.00000000,0.00000000,0.00000000,0.00000000,0.00000000,0.00000001,0.00000000,-0.00000001,0.00000000,0.00000001,0.00000001,0.00000000,0.00000000,0.00000000,0.00000000,0.00000000,0.00000000,0.00000001,0.00000000,MIXED
ExB_C06098[K],0.00000002,0.00000002,0.00000000,0.00000002,0.00000002,0.00000000,0.00000002,0.00000002,0.00000000,0.00000003,0.00000003,0.00000000,0.00000006,0.00000005,-0.00000001,0.00000005,0.00000006,0.00000001,0.00000001,0.00000001,0.00000000,0.00000001,0.00000000,-0.00000001,0.00000001,0.00000000,MIXED
Exchange_161tPG[K,L],0.00000000,-0.00000001,-0.00000001,0.00000000,0.00000000,0.00000000,0.00000000,0.00000000,0.00000000,0.00000000,0.00000000,0.00000000,0.00000001,0.00000001,0.00000000,0.00000001,0.00000001,0.00000000,0.00000000,0.00000000,0.00000000,0.00000000,0.00000000,0.00000000,0.00000001,0.00000000,DOWN
MR01235[K,p],0.00000001,0.00000000,-0.00000001,0.00000001,0.00000001,0.00000000,0.00000001,0.00000001,0.00000000,0.00000001,0.00000001,0.00000000,0.00000002,0.00000001,-0.00000001,0.00000001,0.00000002,0.00000001,0.00000000,0.00000000,0.00000000,0.00000000,0.00000000,0.00000000,0.00000001,0.00000000,MIXED
MR01240[K,c],0.00000000,0.00000000,0.00000000,0.00000000,-0.00000001,-0.00000001,0.00000000,0.00000000,0.00000000,0.00000000,0.00000000,0.00000000,0.00000000,0.00000000,0.00000000,0.00000000,0.00000000,0.00000000,0.00000000,0.00000000,0.00000000,0.00000000,0.00000000,0.00000000,0.00000001,0.00000000,DOWN
R08163[K,p],0.00000002,0.00000002,0.00000000,0.00000002,0.00000002,0.00000000,0.00000002,0.00000002,0.00000000,0.00000002,0.00000002,0.00000000,0.00000005,0.00000004,-0.00000001,0.00000004,0.00000005,0.00000001,0.00000001,0.00000001,0.00000000,0.00000001,0.00000000,-0.00000001,0.00000001,0.00000000,MIXED
cpTransport_MC01041[K],0.00000001,0.00000000,-0.00000001,0.00000001,0.00000001,0.00000000,0.00000001,0.00000001,0.00000000,0.00000001,0.00000001,0.00000000,0.00000002,0.00000001,-0.00000001,0.00000001,0.00000002,0.00000001,0.00000000,0.00000000,0.00000000,0.00000000,0.00000000,0.00000000,0.00000001,0.00000000,MIXED
16:0-16:0-PGdegradation[K],0.00000000,0.00000000,0.00000000,0.00000000,0.00000000,0.00000000,0.00000000,0.00000000,0.00000000,0.00000001,0.00000001,0.00000000,0.00000000,0.00000000,0.00000000,0.00000001,0.00000001,0.00000000,0.00000000,0.00000000,0.00000000,0.00000000,0.00000000,0.00000000,0.00000000,0.00000000,NONE
16:0-16:1t-PGdegradation[K],0.00000000,0.00000000,0.00000000,0.00000000,0.00000000,0.00000000,0.00000000,0.00000000,0.00000000,0.00000000,0.00000000,0.00000000,0.00000000,0.00000000,0.00000000,0.00000000,0.00000000,0.00000000,0.00000000,0.00000000,0.00000000,0.00000000,0.00000000,0.00000000,0.00000000,0.00000000,NONE
16:0-18:2-PGdegradation[K],0.00000000,0.00000000,0.00000000,0.00000000,0.00000000,0.00000000,0.00000000,0.00000000,0.00000000,0.00000000,0.00000000,0.00000000,0.00000000,0.00000000,0.00000000,0.00000000,0.00000000,0.00000000,0.00000000,0.00000000,0.00000000,0.00000000,0.00000000,0.00000000,0.00000000,0.00000000,NONE
16:0-18:3-PGdegradation[K],0.00000000,0.00000000,0.00000000,0.00000000,0.00000000,0.00000000,0.00000000,0.00000000,0.00000000,0.00000000,0.00000000,0.00000000,0.00000000,0.00000000,0.00000000,0.00000000,0.00000000,0.00000000,0.00000000,0.00000000,0.00000000,0.00000000,0.00000000,0.00000000,0.00000000,0.00000000,NONE
16:0/16:0-SQDGdegradation[K],0.00000000,0.00000000,0.00000000,0.00000000,0.00000000,0.00000000,0.00000000,0.00000000,0.00000000,0.00000000,0.00000000,0.00000000,0.00000000,0.00000000,0.00000000,0.00000000,0.00000000,0.00000000,0.00000000,0.00000000,0.00000000,0.00000000,0.00000000,0.00000000,0.00000000,0.00000000,NONE
16:0/18:1-DGDGdegradation[K],0.00000000,0.00000000,0.00000000,0.00000000,0.00000000,0.00000000,0.00000000,0.00000000,0.00000000,0.00000000,0.00000000,0.00000000,0.00000000,0.00000000,0.00000000,0.00000000,0.00000000,0.00000000,0.00000000,0.00000000,0.00000000,0.00000000,0.00000000,0.00000000,0.00000000,0.00000000,NONE
16:0/18:1-MGDGdegradation[K],0.00000000,0.00000000,0.00000000,0.00000000,0.00000000,0.00000000,0.00000000,0.00000000,0.00000000,0.00000000,0.00000000,0.00000000,0.00000000,0.00000000,0.00000000,0.00000000,0.00000000,0.00000000,0.00000000,0.00000000,0.00000000,0.00000000,0.00000000,0.00000000,0.00000000,0.00000000,NONE
16:0/18:2-MGDGdegradation[K],0.00000000,0.00000000,0.00000000,0.00000000,0.00000000,0.00000000,0.00000000,0.00000000,0.00000000,0.00000000,0.00000000,0.00000000,0.00000000,0.00000000,0.00000000,0.00000000,0.00000000,0.00000000,0.00000000,0.00000000,0.00000000,0.00000000,0.00000000,0.00000000,0.00000000,0.00000000,NONE
18:1-16:1t-PGdegradation[K],0.00000000,0.00000000,0.00000000,0.00000000,0.00000000,0.00000000,0.00000000,0.00000000,0.00000000,0.00000000,0.00000000,0.00000000,0.00000000,0.00000000,0.00000000,0.00000000,0.00000000,0.00000000,0.00000000,0.00000000,0.00000000,0.00000000,0.00000000,0.00000000,0.00000000,0.00000000,NONE
18:1/18:2-MGDGdegradation[K],0.00000000,0.00000000,0.00000000,0.00000000,0.00000000,0.00000000,0.00000000,0.00000000,0.00000000,0.00000000,0.00000000,0.00000000,0.00000000,0.00000000,0.00000000,0.00000000,0.00000000,0.00000000,0.00000000,0.00000000,0.00000000,0.00000000,0.00000000,0.00000000,0.00000000,0.00000000,NONE
18:1/18:2-PCdegradation[K],0.00000000,0.00000000,0.00000000,0.00000000,0.00000000,0.00000000,0.00000000,0.00000000,0.00000000,0.00000000,0.00000000,0.00000000,0.00000000,0.00000000,0.00000000,0.00000000,0.00000000,0.00000000,0.00000000,0.00000000,0.00000000,0.00000000,0.00000000,0.00000000,0.00000000,0.00000000,NONE
18:2-16:1t-PGdegradation[K],0.00000000,0.00000000,0.00000000,0.00000000,0.00000000,0.00000000,0.00000000,0.00000000,0.00000000,0.00000000,0.00000000,0.00000000,0.00000001,0.00000001,0.00000000,0.00000001,0.00000001,0.00000000,0.00000000,0.00000000,0.00000000,0.00000000,0.00000000,0.00000000,0.00000000,0.00000000,NONE
18:2-18:2-PGdegradation[K],0.00000000,0.00000000,0.00000000,0.00000000,0.00000000,0.00000000,0.00000000,0.00000000,0.00000000,0.00000000,0.00000000,0.00000000,0.00000000,0.00000000,0.00000000,0.00000000,0.00000000,0.00000000,0.00000000,0.00000000,0.00000000,0.00000000,0.00000000,0.00000000,0.00000000,0.00000000,NONE
18:2/18:3-DGDGdegradation[K],0.00000000,0.00000000,0.00000000,0.00000000,0.00000000,0.00000000,0.00000000,0.00000000,0.00000000,0.00000000,0.00000000,0.00000000,0.00000000,0.00000000,0.00000000,0.00000000,0.00000000,0.00000000,0.00000000,0.00000000,0.00000000,0.00000000,0.00000000,0.00000000,0.00000000,0.00000000,NONE
18:2/18:3-PCdegradation[K],0.00000000,0.00000000,0.00000000,0.00000000,0.00000000,0.00000000,0.00000000,0.00000000,0.00000000,0.00000000,0.00000000,0.00000000,0.00000000,0.00000000,0.00000000,0.00000000,0.00000000,0.00000000,0.00000000,0.00000000,0.00000000,0.00000000,0.00000000,0.00000000,0.00000000,0.00000000,NONE
18:3-18:3-PGdegradation[K],0.00000000,0.00000000,0.00000000,0.00000000,0.00000000,0.00000000,0.00000000,0.00000000,0.00000000,0.00000000,0.00000000,0.00000000,0.00000000,0.00000000,0.00000000,0.00000000,0.00000000,0.00000000,0.00000000,0.00000000,0.00000000,0.00000000,0.00000000,0.00000000,0.00000000,0.00000000,NONE
ExB_C00062[K],0.00000000,0.00000000,0.00000000,0.00000000,0.00000000,0.00000000,0.00000000,0.00000000,0.00000000,0.00000000,0.00000000,0.00000000,0.00000000,0.00000000,0.00000000,0.00000000,0.00000000,0.00000000,0.00000000,0.00000000,0.00000000,0.00000000,0.00000000,0.00000000,0.00000000,0.00000000,NONE
ExB_C00078[K],0.00000000,0.00000000,0.00000000,0.00000000,0.00000000,0.00000000,0.00000000,0.00000000,0.00000000,0.00000000,0.00000000,0.00000000,0.00000000,0.00000000,0.00000000,0.00000000,0.00000000,0.00000000,0.00000000,0.00000000,0.00000000,0.00000000,0.00000000,0.00000000,0.00000000,0.00000000,NONE
ExB_C00097[K],0.00000000,0.00000000,0.00000000,0.00000000,0.00000000,0.00000000,0.00000000,0.00000000,0.00000000,0.00000000,0.00000000,0.00000000,0.00000000,0.00000000,0.00000000,0.00000000,0.00000000,0.00000000,0.00000000,0.00000000,0.00000000,0.00000000,0.00000000,0.00000000,0.00000000,0.00000000,NONE
ExB_C00099[K],0.00000000,0.00000000,0.00000000,0.00000000,0.00000000,0.00000000,0.00000000,0.00000000,0.00000000,0.00000000,0.00000000,0.00000000,0.00000000,0.00000000,0.00000000,0.00000000,0.00000000,0.00000000,0.00000000,0.00000000,0.00000000,0.00000000,0.00000000,0.00000000,0.00000000,0.00000000,NONE
ExB_C00121[K],0.00000000,0.00000000,0.00000000,0.00000000,0.00000000,0.00000000,0.00000000,0.00000000,0.00000000,0.00000000,0.00000000,0.00000000,0.00000000,0.00000000,0.00000000,0.00000000,0.00000000,0.00000000,0.00000000,0.00000000,0.00000000,0.00000000,0.00000000,0.00000000,0.00000000,0.00000000,NONE
ExB_C00123[K],1000.00000000,1000.00000000,0.00000000,1000.00000000,1000.00000000,0.00000000,1000.00000000,1000.00000000,0.00000000,1000.00000000,1000.00000000,0.00000000,1000.00000000,1000.00000000,0.00000000,1000.00000000,1000.00000000,0.00000000,1000.00000000,1000.00000000,0.00000000,1000.00000000,1000.00000000,0.00000000,0.00000000,0.00000000,NONE
ExB_C00135[K],1000.00000000,1000.00000000,0.00000000,1000.00000000,1000.00000000,0.00000000,1000.00000000,1000.00000000,0.00000000,1000.00000000,1000.00000000,0.00000000,1000.00000000,1000.00000000,0.00000000,1000.00000000,1000.00000000,0.00000000,1000.00000000,1000.00000000,0.00000000,1000.00000000,1000.00000000,0.00000000,0.00000000,0.00000000,NONE
ExB_C00257[K],0.00000000,0.00000000,0.00000000,0.00000000,0.00000000,0.00000000,0.00000000,0.00000000,0.00000000,0.00000000,0.00000000,0.00000000,0.00000000,0.00000000,0.00000000,0.00000000,0.00000000,0.00000000,0.00000000,0.00000000,0.00000000,0.00000000,0.00000000,0.00000000,0.00000000,0.00000000,NONE
ExB_C01793[K],0.00000000,0.00000000,0.00000000,0.00000000,0.00000000,0.00000000,0.00000000,0.00000000,0.00000000,0.00000000,0.00000000,0.00000000,0.00000000,0.00000000,0.00000000,0.00000000,0.00000000,0.00000000,0.00000000,0.00000000,0.00000000,0.00000000,0.00000000,0.00000000,0.00000000,0.00000000,NONE
ExB_C08591[K],0.00000000,0.00000000,0.00000000,0.00000000,0.00000000,0.00000000,0.00000000,0.00000000,0.00000000,0.00000000,0.00000000,0.00000000,0.00000001,0.00000001,0.00000000,0.00000001,0.00000001,0.00000000,0.00000000,0.00000000,0.00000000,0.00000000,0.00000000,0.00000000,0.00000000,0.00000000,NONE
Exchange_180PG[K,L],0.00000000,0.00000000,0.00000000,0.00000000,0.00000000,0.00000000,0.00000000,0.00000000,0.00000000,0.00000000,0.00000000,0.00000000,0.00000000,0.00000000,0.00000000,0.00000000,0.00000000,0.00000000,0.00000000,0.00000000,0.00000000,0.00000000,0.00000000,0.00000000,0.00000000,0.00000000,NONE
Exchange_181PG[K,L],0.00000000,0.00000000,0.00000000,0.00000000,0.00000000,0.00000000,0.00000000,0.00000000,0.00000000,0.00000000,0.00000000,0.00000000,0.00000000,0.00000000,0.00000000,0.00000000,0.00000000,0.00000000,0.00000000,0.00000000,0.00000000,0.00000000,0.00000000,0.00000000,0.00000000,0.00000000,NONE
Exchange_181SQDG[K,L],0.00000000,0.00000000,0.00000000,0.00000000,0.00000000,0.00000000,0.00000000,0.00000000,0.00000000,0.00000000,0.00000000,0.00000000,0.00000000,0.00000000,0.00000000,0.00000000,0.00000000,0.00000000,0.00000000,0.00000000,0.00000000,0.00000000,0.00000000,0.00000000,0.00000000,0.00000000,NONE
Exchange_182PG[K,L],0.00000000,0.00000000,0.00000000,0.00000000,0.00000000,0.00000000,0.00000000,0.00000000,0.00000000,0.00000000,0.00000000,0.00000000,0.00000000,0.00000000,0.00000000,0.00000000,0.00000000,0.00000000,0.00000000,0.00000000,0.00000000,0.00000000,0.00000000,0.00000000,0.00000000,0.00000000,NONE
Exchange_183DGDG[K,L],0.00000000,0.00000000,0.00000000,0.00000000,0.00000000,0.00000000,0.00000000,0.00000000,0.00000000,0.00000000,0.00000000,0.00000000,0.00000000,0.00000000,0.00000000,0.00000000,0.00000000,0.00000000,0.00000000,0.00000000,0.00000000,0.00000000,0.00000000,0.00000000,0.00000000,0.00000000,NONE
Exchange_183MGDG[K,L],0.00000000,0.00000000,0.00000000,0.00000000,0.00000000,0.00000000,0.00000000,0.00000000,0.00000000,0.00000000,0.00000000,0.00000000,0.00000000,0.00000000,0.00000000,0.00000000,0.00000000,0.00000000,0.00000000,0.00000000,0.00000000,0.00000000,0.00000000,0.00000000,0.00000000,0.00000000,NONE
Exchange_183PG[K,L],0.00000000,0.00000000,0.00000000,0.00000000,0.00000000,0.00000000,0.00000000,0.00000000,0.00000000,0.00000000,0.00000000,0.00000000,0.00000000,0.00000000,0.00000000,0.00000000,0.00000000,0.00000000,0.00000000,0.00000000,0.00000000,0.00000000,0.00000000,0.00000000,0.00000000,0.00000000,NONE
Exchange_183SQDG[K,L],0.00000000,0.00000000,0.00000000,0.00000000,0.00000000,0.00000000,0.00000000,0.00000000,0.00000000,0.00000000,0.00000000,0.00000000,0.00000000,0.00000000,0.00000000,0.00000000,0.00000000,0.00000000,0.00000000,0.00000000,0.00000000,0.00000000,0.00000000,0.00000000,0.00000000,0.00000000,NONE
Exchange_C00062[K,L],0.00000000,0.00000000,0.00000000,0.00000000,0.00000000,0.00000000,0.00000000,0.00000000,0.00000000,0.00000000,0.00000000,0.00000000,0.00000000,0.00000000,0.00000000,0.00000000,0.00000000,0.00000000,0.00000000,0.00000000,0.00000000,0.00000000,0.00000000,0.00000000,0.00000000,0.00000000,NONE
Exchange_C00078[K,L],0.00000000,0.00000000,0.00000000,0.00000000,0.00000000,0.00000000,0.00000000,0.00000000,0.00000000,0.00000000,0.00000000,0.00000000,0.00000000,0.00000000,0.00000000,0.00000000,0.00000000,0.00000000,0.00000000,0.00000000,0.00000000,0.00000000,0.00000000,0.00000000,0.00000000,0.00000000,NONE
Exchange_C00099[K,L],0.00000000,0.00000000,0.00000000,0.00000000,0.00000000,0.00000000,0.00000000,0.00000000,0.00000000,0.00000000,0.00000000,0.00000000,0.00000000,0.00000000,0.00000000,0.00000000,0.00000000,0.00000000,0.00000000,0.00000000,0.00000000,0.00000000,0.00000000,0.00000000,0.00000000,0.00000000,NONE
Exchange_C00124[K,L],0.00000000,0.00000000,0.00000000,0.00000000,0.00000000,0.00000000,0.00000000,0.00000000,0.00000000,0.00000000,0.00000000,0.00000000,0.00000000,0.00000000,0.00000000,0.00000000,0.00000000,0.00000000,0.00000000,0.00000000,0.00000000,0.00000000,0.00000000,0.00000000,0.00000000,0.00000000,NONE
Exchange_C00159[K,L],0.00000000,0.00000000,0.00000000,0.00000000,0.00000000,0.00000000,0.00000000,0.00000000,0.00000000,0.00000000,0.00000000,0.00000000,0.00000000,0.00000000,0.00000000,0.00000000,0.00000000,0.00000000,0.00000000,0.00000000,0.00000000,0.00000000,0.00000000,0.00000000,0.00000000,0.00000000,NONE
Exchange_C00181[K,L],0.00000000,0.00000000,0.00000000,0.00000000,0.00000000,0.00000000,0.00000000,0.00000000,0.00000000,0.00000000,0.00000000,0.00000000,0.00000000,0.00000000,0.00000000,0.00000000,0.00000000,0.00000000,0.00000000,0.00000000,0.00000000,0.00000000,0.00000000,0.00000000,0.00000000,0.00000000,NONE
Exe10[K],0.00000000,0.00000000,0.00000000,0.00000000,0.00000000,0.00000000,0.00000000,0.00000000,0.00000000,0.00000000,0.00000000,0.00000000,0.00000000,0.00000000,0.00000000,0.00000000,0.00000000,0.00000000,0.00000000,0.00000000,0.00000000,0.00000000,0.00000000,0.00000000,0.00000000,0.00000000,NONE
Exe12[K],0.00000000,0.00000000,0.00000000,0.00000000,0.00000000,0.00000000,0.00000000,0.00000000,0.00000000,0.00000000,0.00000000,0.00000000,0.00000000,0.00000000,0.00000000,0.00000000,0.00000000,0.00000000,0.00000000,0.00000000,0.00000000,0.00000000,0.00000000,0.00000000,0.00000000,0.00000000,NONE
Exe13[K],0.00000000,0.00000000,0.00000000,0.00000000,0.00000000,0.00000000,0.00000000,0.00000000,0.00000000,0.00000000,0.00000000,0.00000000,0.00000000,0.00000000,0.00000000,0.00000000,0.00000000,0.00000000,0.00000000,0.00000000,0.00000000,0.00000000,0.00000000,0.00000000,0.00000000,0.00000000,NONE
Exe17[K],0.00000000,0.00000000,0.00000000,0.00000000,0.00000000,0.00000000,0.00000000,0.00000000,0.00000000,0.00000000,0.00000000,0.00000000,0.00000000,0.00000000,0.00000000,0.00000000,0.00000000,0.00000000,0.00000000,0.00000000,0.00000000,0.00000000,0.00000000,0.00000000,0.00000000,0.00000000,NONE
Exe1[K],0.00000000,0.00000000,0.00000000,0.00000000,0.00000000,0.00000000,0.00000000,0.00000000,0.00000000,0.00000000,0.00000000,0.00000000,0.00000000,0.00000000,0.00000000,0.00000000,0.00000000,0.00000000,0.00000000,0.00000000,0.00000000,0.00000000,0.00000000,0.00000000,0.00000000,0.00000000,NONE
Exe23[K],0.00000000,0.00000000,0.00000000,0.00000000,0.00000000,0.00000000,0.00000000,0.00000000,0.00000000,0.00000000,0.00000000,0.00000000,0.00000000,0.00000000,0.00000000,0.00000000,0.00000000,0.00000000,0.00000000,0.00000000,0.00000000,0.00000000,0.00000000,0.00000000,0.00000000,0.00000000,NONE
Exe30[K],0.00000000,0.00000000,0.00000000,0.00000000,0.00000000,0.00000000,0.00000000,0.00000000,0.00000000,0.00000000,0.00000000,0.00000000,0.00000000,0.00000000,0.00000000,0.00000000,0.00000000,0.00000000,0.00000000,0.00000000,0.00000000,0.00000000,0.00000000,0.00000000,0.00000000,0.00000000,NONE
Exe3[K],0.00000000,0.00000000,0.00000000,0.00000000,0.00000000,0.00000000,0.00000000,0.00000000,0.00000000,0.00000000,0.00000000,0.00000000,0.00000000,0.00000000,0.00000000,0.00000000,0.00000000,0.00000000,0.00000000,0.00000000,0.00000000,0.00000000,0.00000000,0.00000000,0.00000000,0.00000000,NONE
Exe8[K],0.00000000,0.00000000,0.00000000,0.00000000,0.00000000,0.00000000,0.00000000,0.00000000,0.00000000,0.00000000,0.00000000,0.00000000,0.00000000,0.00000000,0.00000000,0.00000000,0.00000000,0.00000000,0.00000000,0.00000000,0.00000000,0.00000000,0.00000000,0.00000000,0.00000000,0.00000000,NONE
MR00001[K,c],0.00000000,0.00000000,0.00000000,0.00000000,0.00000000,0.00000000,0.00000000,0.00000000,0.00000000,0.00000000,0.00000000,0.00000000,0.00000000,0.00000000,0.00000000,0.00000000,0.00000000,0.00000000,0.00000000,0.00000000,0.00000000,0.00000000,0.00000000,0.00000000,0.00000000,0.00000000,NONE
MR00004[K,p],0.00000000,0.00000000,0.00000000,0.00000000,0.00000000,0.00000000,0.00000000,0.00000000,0.00000000,0.00000000,0.00000000,0.00000000,0.00000000,0.00000000,0.00000000,0.00000000,0.00000000,0.00000000,0.00000000,0.00000000,0.00000000,0.00000000,0.00000000,0.00000000,0.00000000,0.00000000,NONE
MR00005[K,c],0.00000000,0.00000000,0.00000000,0.00000000,0.00000000,0.00000000,0.00000000,0.00000000,0.00000000,0.00000000,0.00000000,0.00000000,0.00000000,0.00000000,0.00000000,0.00000000,0.00000000,0.00000000,0.00000000,0.00000000,0.00000000,0.00000000,0.00000000,0.00000000,0.00000000,0.00000000,NONE
MR00006[K,c],0.00000000,0.00000000,0.00000000,0.00000000,0.00000000,0.00000000,0.00000000,0.00000000,0.00000000,0.00000000,0.00000000,0.00000000,0.00000000,0.00000000,0.00000000,0.00000000,0.00000000,0.00000000,0.00000000,0.00000000,0.00000000,0.00000000,0.00000000,0.00000000,0.00000000,0.00000000,NONE
MR00008[K,p],0.00000000,0.00000000,0.00000000,0.00000000,0.00000000,0.00000000,0.00000000,0.00000000,0.00000000,0.00000000,0.00000000,0.00000000,0.00000000,0.00000000,0.00000000,0.00000000,0.00000000,0.00000000,0.00000000,0.00000000,0.00000000,0.00000000,0.00000000,0.00000000,0.00000000,0.00000000,NONE
MR00013[K,c],0.00000000,0.00000000,0.00000000,0.00000000,0.00000000,0.00000000,0.00000000,0.00000000,0.00000000,0.00000000,0.00000000,0.00000000,0.00000000,0.00000000,0.00000000,0.00000000,0.00000000,0.00000000,0.00000000,0.00000000,0.00000000,0.00000000,0.00000000,0.00000000,0.00000000,0.00000000,NONE
MR00014[K,m],0.00000000,0.00000000,0.00000000,0.00000000,0.00000000,0.00000000,0.00000000,0.00000000,0.00000000,0.00000000,0.00000000,0.00000000,0.00000000,0.00000000,0.00000000,0.00000000,0.00000000,0.00000000,0.00000000,0.00000000,0.00000000,0.00000000,0.00000000,0.00000000,0.00000000,0.00000000,NONE
MR00016[K,c],0.00000000,0.00000000,0.00000000,0.00000000,0.00000000,0.00000000,0.00000000,0.00000000,0.00000000,0.00000000,0.00000000,0.00000000,0.00000000,0.00000000,0.00000000,0.00000000,0.00000000,0.00000000,0.00000000,0.00000000,0.00000000,0.00000000,0.00000000,0.00000000,0.00000000,0.00000000,NONE
MR00017[K,c],0.00000000,0.00000000,0.00000000,0.00000000,0.00000000,0.00000000,0.00000000,0.00000000,0.00000000,0.00000000,0.00000000,0.00000000,0.00000000,0.00000000,0.00000000,0.00000000,0.00000000,0.00000000,0.00000000,0.00000000,0.00000000,0.00000000,0.00000000,0.00000000,0.00000000,0.00000000,NONE
MR00018[K,c],0.00000000,0.00000000,0.00000000,0.00000000,0.00000000,0.00000000,0.00000000,0.00000000,0.00000000,0.00000000,0.00000000,0.00000000,0.00000000,0.00000000,0.00000000,0.00000000,0.00000000,0.00000000,0.00000000,0.00000000,0.00000000,0.00000000,0.00000000,0.00000000,0.00000000,0.00000000,NONE
MR00020[K,c],0.00000000,0.00000000,0.00000000,0.00000000,0.00000000,0.00000000,0.00000000,0.00000000,0.00000000,0.00000000,0.00000000,0.00000000,0.00000000,0.00000000,0.00000000,0.00000000,0.00000000,0.00000000,0.00000000,0.00000000,0.00000000,0.00000000,0.00000000,0.00000000,0.00000000,0.00000000,NONE
MR00025[K,p],0.00000000,0.00000000,0.00000000,0.00000000,0.00000000,0.00000000,0.00000000,0.00000000,0.00000000,0.00000000,0.00000000,0.00000000,0.00000000,0.00000000,0.00000000,0.00000000,0.00000000,0.00000000,0.00000000,0.00000000,0.00000000,0.00000000,0.00000000,0.00000000,0.00000000,0.00000000,NONE
MR00029[K,c],0.00000000,0.00000000,0.00000000,0.00000000,0.00000000,0.00000000,0.00000000,0.00000000,0.00000000,0.00000000,0.00000000,0.00000000,0.00000000,0.00000000,0.00000000,0.00000000,0.00000000,0.00000000,0.00000000,0.00000000,0.00000000,0.00000000,0.00000000,0.00000000,0.00000000,0.00000000,NONE
MR00030[K,c],0.00000000,0.00000000,0.00000000,0.00000000,0.00000000,0.00000000,0.00000000,0.00000000,0.00000000,0.00000000,0.00000000,0.00000000,0.00000000,0.00000000,0.00000000,0.00000000,0.00000000,0.00000000,0.00000000,0.00000000,0.00000000,0.00000000,0.00000000,0.00000000,0.00000000,0.00000000,NONE
MR00031[K,c],0.00000000,0.00000000,0.00000000,0.00000000,0.00000000,0.00000000,0.00000000,0.00000000,0.00000000,0.00000000,0.00000000,0.00000000,0.00000000,0.00000000,0.00000000,0.00000000,0.00000000,0.00000000,0.00000000,0.00000000,0.00000000,0.00000000,0.00000000,0.00000000,0.00000000,0.00000000,NONE
MR00037[K,c],0.00000000,0.00000000,0.00000000,0.00000000,0.00000000,0.00000000,0.00000000,0.00000000,0.00000000,0.00000000,0.00000000,0.00000000,0.00000000,0.00000000,0.00000000,0.00000000,0.00000000,0.00000000,0.00000000,0.00000000,0.00000000,0.00000000,0.00000000,0.00000000,0.00000000,0.00000000,NONE
MR00038[K,c],0.00000000,0.00000000,0.00000000,0.00000000,0.00000000,0.00000000,0.00000000,0.00000000,0.00000000,0.00000000,0.00000000,0.00000000,0.00000000,0.00000000,0.00000000,0.00000000,0.00000000,0.00000000,0.00000000,0.00000000,0.00000000,0.00000000,0.00000000,0.00000000,0.00000000,0.00000000,NONE
MR00039[K,p],0.00000000,0.00000000,0.00000000,0.00000000,0.00000000,0.00000000,0.00000000,0.00000000,0.00000000,0.00000000,0.00000000,0.00000000,0.00000000,0.00000000,0.00000000,0.00000000,0.00000000,0.00000000,0.00000000,0.00000000,0.00000000,0.00000000,0.00000000,0.00000000,0.00000000,0.00000000,NONE
MR00043[K,c],0.00000000,0.00000000,0.00000000,0.00000000,0.00000000,0.00000000,0.00000000,0.00000000,0.00000000,0.00000000,0.00000000,0.00000000,0.00000000,0.00000000,0.00000000,0.00000000,0.00000000,0.00000000,0.00000000,0.00000000,0.00000000,0.00000000,0.00000000,0.00000000,0.00000000,0.00000000,NONE
MR00046[K,c],0.00000000,0.00000000,0.00000000,0.00000000,0.00000000,0.00000000,0.00000000,0.00000000,0.00000000,0.00000000,0.00000000,0.00000000,0.00000000,0.00000000,0.00000000,0.00000000,0.00000000,0.00000000,0.00000000,0.00000000,0.00000000,0.00000000,0.00000000,0.00000000,0.00000000,0.00000000,NONE
MR00050[K,c],0.00000000,0.00000000,0.00000000,0.00000000,0.00000000,0.00000000,0.00000000,0.00000000,0.00000000,0.00000000,0.00000000,0.00000000,0.00000000,0.00000000,0.00000000,0.00000000,0.00000000,0.00000000,0.00000000,0.00000000,0.00000000,0.00000000,0.00000000,0.00000000,0.00000000,0.00000000,NONE
MR00054[K,c],0.00000000,0.00000000,0.00000000,0.00000000,0.00000000,0.00000000,0.00000000,0.00000000,0.00000000,0.00000000,0.00000000,0.00000000,0.00000000,0.00000000,0.00000000,0.00000000,0.00000000,0.00000000,0.00000000,0.00000000,0.00000000,0.00000000,0.00000000,0.00000000,0.00000000,0.00000000,NONE
MR00055[K,c],0.00000000,0.00000000,0.00000000,0.00000000,0.00000000,0.00000000,0.00000000,0.00000000,0.00000000,0.00000000,0.00000000,0.00000000,0.00000000,0.00000000,0.00000000,0.00000000,0.00000000,0.00000000,0.00000000,0.00000000,0.00000000,0.00000000,0.00000000,0.00000000,0.00000000,0.00000000,NONE
MR00056[K,c],0.00000000,0.00000000,0.00000000,0.00000000,0.00000000,0.00000000,0.00000000,0.00000000,0.00000000,0.00000000,0.00000000,0.00000000,0.00000000,0.00000000,0.00000000,0.00000000,0.00000000,0.00000000,0.00000000,0.00000000,0.00000000,0.00000000,0.00000000,0.00000000,0.00000000,0.00000000,NONE
MR00057[K,c],0.00000000,0.00000000,0.00000000,0.00000000,0.00000000,0.00000000,0.00000000,0.00000000,0.00000000,0.00000000,0.00000000,0.00000000,0.00000000,0.00000000,0.00000000,0.00000000,0.00000000,0.00000000,0.00000000,0.00000000,0.00000000,0.00000000,0.00000000,0.00000000,0.00000000,0.00000000,NONE
MR00060[K,c],0.00000000,0.00000000,0.00000000,0.00000000,0.00000000,0.00000000,0.00000000,0.00000000,0.00000000,0.00000000,0.00000000,0.00000000,0.00000000,0.00000000,0.00000000,0.00000000,0.00000000,0.00000000,0.00000000,0.00000000,0.00000000,0.00000000,0.00000000,0.00000000,0.00000000,0.00000000,NONE
MR00063[K,m],0.00000000,0.00000000,0.00000000,0.00000000,0.00000000,0.00000000,0.00000000,0.00000000,0.00000000,0.00000000,0.00000000,0.00000000,0.00000000,0.00000000,0.00000000,0.00000000,0.00000000,0.00000000,0.00000000,0.00000000,0.00000000,0.00000000,0.00000000,0.00000000,0.00000000,0.00000000,NONE
MR00066[K,p],0.00000000,0.00000000,0.00000000,0.00000000,0.00000000,0.00000000,0.00000000,0.00000000,0.00000000,0.00000000,0.00000000,0.00000000,0.00000000,0.00000000,0.00000000,0.00000000,0.00000000,0.00000000,0.00000000,0.00000000,0.00000000,0.00000000,0.00000000,0.00000000,0.00000000,0.00000000,NONE
MR00068[K,p],0.00000000,0.00000000,0.00000000,0.00000000,0.00000000,0.00000000,0.00000000,0.00000000,0.00000000,0.00000000,0.00000000,0.00000000,0.00000000,0.00000000,0.00000000,0.00000000,0.00000000,0.00000000,0.00000000,0.00000000,0.00000000,0.00000000,0.00000000,0.00000000,0.00000000,0.00000000,NONE
MR00072[K,c],0.00000000,0.00000000,0.00000000,0.00000000,0.00000000,0.00000000,0.00000000,0.00000000,0.00000000,0.00000000,0.00000000,0.00000000,0.00000000,0.00000000,0.00000000,0.00000000,0.00000000,0.00000000,0.00000000,0.00000000,0.00000000,0.00000000,0.00000000,0.00000000,0.00000000,0.00000000,NONE
MR00073[K,c],0.00000000,0.00000000,0.00000000,0.00000000,0.00000000,0.00000000,0.00000000,0.00000000,0.00000000,0.00000000,0.00000000,0.00000000,0.00000000,0.00000000,0.00000000,0.00000000,0.00000000,0.00000000,0.00000000,0.00000000,0.00000000,0.00000000,0.00000000,0.00000000,0.00000000,0.00000000,NONE
MR00078[K,p],0.00000000,0.00000000,0.00000000,0.00000000,0.00000000,0.00000000,0.00000000,0.00000000,0.00000000,0.00000000,0.00000000,0.00000000,0.00000000,0.00000000,0.00000000,0.00000000,0.00000000,0.00000000,0.00000000,0.00000000,0.00000000,0.00000000,0.00000000,0.00000000,0.00000000,0.00000000,NONE
MR00080[K,c],0.00000000,0.00000000,0.00000000,0.00000000,0.00000000,0.00000000,0.00000000,0.00000000,0.00000000,0.00000000,0.00000000,0.00000000,0.00000000,0.00000000,0.00000000,0.00000000,0.00000000,0.00000000,0.00000000,0.00000000,0.00000000,0.00000000,0.00000000,0.00000000,0.00000000,0.00000000,NONE
MR00081[K,c],0.00000000,0.00000000,0.00000000,0.00000000,0.00000000,0.00000000,0.00000000,0.00000000,0.00000000,0.00000000,0.00000000,0.00000000,0.00000000,0.00000000,0.00000000,0.00000000,0.00000000,0.00000000,0.00000000,0.00000000,0.00000000,0.00000000,0.00000000,0.00000000,0.00000000,0.00000000,NONE
MR00082_mod[K,v],0.00000000,0.00000000,0.00000000,0.00000000,0.00000000,0.00000000,0.00000000,0.00000000,0.00000000,0.00000000,0.00000000,0.00000000,0.00000000,0.00000000,0.00000000,0.00000000,0.00000000,0.00000000,0.00000000,0.00000000,0.00000000,0.00000000,0.00000000,0.00000000,0.00000000,0.00000000,NONE
MR00085[K,c],0.00000000,0.00000000,0.00000000,0.00000000,0.00000000,0.00000000,0.00000000,0.00000000,0.00000000,0.00000000,0.00000000,0.00000000,0.00000000,0.00000000,0.00000000,0.00000000,0.00000000,0.00000000,0.00000000,0.00000000,0.00000000,0.00000000,0.00000000,0.00000000,0.00000000,0.00000000,NONE
MR00085[K,m],0.00000000,0.00000000,0.00000000,0.00000000,0.00000000,0.00000000,0.00000000,0.00000000,0.00000000,0.00000000,0.00000000,0.00000000,0.00000000,0.00000000,0.00000000,0.00000000,0.00000000,0.00000000,0.00000000,0.00000000,0.00000000,0.00000000,0.00000000,0.00000000,0.00000000,0.00000000,NONE
MR00085[K,p],0.00000000,0.00000000,0.00000000,0.00000000,0.00000000,0.00000000,0.00000000,0.00000000,0.00000000,0.00000000,0.00000000,0.00000000,0.00000000,0.00000000,0.00000000,0.00000000,0.00000000,0.00000000,0.00000000,0.00000000,0.00000000,0.00000000,0.00000000,0.00000000,0.00000000,0.00000000,NONE
MR00086[K,c],0.00000000,0.00000000,0.00000000,0.00000000,0.00000000,0.00000000,0.00000000,0.00000000,0.00000000,0.00000000,0.00000000,0.00000000,0.00000000,0.00000000,0.00000000,0.00000000,0.00000000,0.00000000,0.00000000,0.00000000,0.00000000,0.00000000,0.00000000,0.00000000,0.00000000,0.00000000,NONE
MR00092[K,c],0.00000000,0.00000000,0.00000000,0.00000000,0.00000000,0.00000000,0.00000000,0.00000000,0.00000000,0.00000000,0.00000000,0.00000000,0.00000000,0.00000000,0.00000000,0.00000000,0.00000000,0.00000000,0.00000000,0.00000000,0.00000000,0.00000000,0.00000000,0.00000000,0.00000000,0.00000000,NONE
MR00093[K,c],0.00000000,0.00000000,0.00000000,0.00000000,0.00000000,0.00000000,0.00000000,0.00000000,0.00000000,0.00000000,0.00000000,0.00000000,0.00000000,0.00000000,0.00000000,0.00000000,0.00000000,0.00000000,0.00000000,0.00000000,0.00000000,0.00000000,0.00000000,0.00000000,0.00000000,0.00000000,NONE
MR00094[K,p],0.00000000,0.00000000,0.00000000,0.00000000,0.00000000,0.00000000,0.00000000,0.00000000,0.00000000,0.00000000,0.00000000,0.00000000,0.00000000,0.00000000,0.00000000,0.00000000,0.00000000,0.00000000,0.00000000,0.00000000,0.00000000,0.00000000,0.00000000,0.00000000,0.00000000,0.00000000,NONE
MR00095[K,p],0.00000000,0.00000000,0.00000000,0.00000000,0.00000000,0.00000000,0.00000000,0.00000000,0.00000000,0.00000000,0.00000000,0.00000000,0.00000000,0.00000000,0.00000000,0.00000000,0.00000000,0.00000000,0.00000000,0.00000000,0.00000000,0.00000000,0.00000000,0.00000000,0.00000000,0.00000000,NONE
MR00096[K,v],0.00000000,0.00000000,0.00000000,0.00000000,0.00000000,0.00000000,0.00000000,0.00000000,0.00000000,0.00000000,0.00000000,0.00000000,0.00000000,0.00000000,0.00000000,0.00000000,0.00000000,0.00000000,0.00000000,0.00000000,0.00000000,0.00000000,0.00000000,0.00000000,0.00000000,0.00000000,NONE
MR00103[K,c],0.00000000,0.00000000,0.00000000,0.00000000,0.00000000,0.00000000,0.00000000,0.00000000,0.00000000,0.00000000,0.00000000,0.00000000,0.00000000,0.00000000,0.00000000,0.00000000,0.00000000,0.00000000,0.00000000,0.00000000,0.00000000,0.00000000,0.00000000,0.00000000,0.00000000,0.00000000,NONE
MR00106[K,c],0.00000000,0.00000000,0.00000000,0.00000000,0.00000000,0.00000000,0.00000000,0.00000000,0.00000000,0.00000000,0.00000000,0.00000000,0.00000000,0.00000000,0.00000000,0.00000000,0.00000000,0.00000000,0.00000000,0.00000000,0.00000000,0.00000000,0.00000000,0.00000000,0.00000000,0.00000000,NONE
MR00108[K,c],0.00000000,0.00000000,0.00000000,0.00000000,0.00000000,0.00000000,0.00000000,0.00000000,0.00000000,0.00000000,0.00000000,0.00000000,0.00000000,0.00000000,0.00000000,0.00000000,0.00000000,0.00000000,0.00000000,0.00000000,0.00000000,0.00000000,0.00000000,0.00000000,0.00000000,0.00000000,NONE
MR00110[K,c],0.00000000,0.00000000,0.00000000,0.00000000,0.00000000,0.00000000,0.00000000,0.00000000,0.00000000,0.00000000,0.00000000,0.00000000,0.00000000,0.00000000,0.00000000,0.00000000,0.00000000,0.00000000,0.00000000,0.00000000,0.00000000,0.00000000,0.00000000,0.00000000,0.00000000,0.00000000,NONE
MR00111[K,m],0.00000000,0.00000000,0.00000000,0.00000000,0.00000000,0.00000000,0.00000000,0.00000000,0.00000000,0.00000000,0.00000000,0.00000000,0.00000000,0.00000000,0.00000000,0.00000000,0.00000000,0.00000000,0.00000000,0.00000000,0.00000000,0.00000000,0.00000000,0.00000000,0.00000000,0.00000000,NONE
MR00112[K,c],0.00000000,0.00000000,0.00000000,0.00000000,0.00000000,0.00000000,0.00000000,0.00000000,0.00000000,0.00000000,0.00000000,0.00000000,0.00000000,0.00000000,0.00000000,0.00000000,0.00000000,0.00000000,0.00000000,0.00000000,0.00000000,0.00000000,0.00000000,0.00000000,0.00000000,0.00000000,NONE
MR00114[K,c],0.00000000,0.00000000,0.00000000,0.00000000,0.00000000,0.00000000,0.00000000,0.00000000,0.00000000,0.00000000,0.00000000,0.00000000,0.00000000,0.00000000,0.00000000,0.00000000,0.00000000,0.00000000,0.00000000,0.00000000,0.00000000,0.00000000,0.00000000,0.00000000,0.00000000,0.00000000,NONE
MR00115[K,c],0.00000000,0.00000000,0.00000000,0.00000000,0.00000000,0.00000000,0.00000000,0.00000000,0.00000000,0.00000000,0.00000000,0.00000000,0.00000000,0.00000000,0.00000000,0.00000000,0.00000000,0.00000000,0.00000000,0.00000000,0.00000000,0.00000000,0.00000000,0.00000000,0.00000000,0.00000000,NONE
MR00116[K,p],0.00000000,0.00000000,0.00000000,0.00000000,0.00000000,0.00000000,0.00000000,0.00000000,0.00000000,0.00000000,0.00000000,0.00000000,0.00000000,0.00000000,0.00000000,0.00000000,0.00000000,0.00000000,0.00000000,0.00000000,0.00000000,0.00000000,0.00000000,0.00000000,0.00000000,0.00000000,NONE
MR00117[K,c],0.00000000,0.00000000,0.00000000,0.00000000,0.00000000,0.00000000,0.00000000,0.00000000,0.00000000,0.00000000,0.00000000,0.00000000,0.00000000,0.00000000,0.00000000,0.00000000,0.00000000,0.00000000,0.00000000,0.00000000,0.00000000,0.00000000,0.00000000,0.00000000,0.00000000,0.00000000,NONE
MR00118[K,c],0.00000000,0.00000000,0.00000000,0.00000000,0.00000000,0.00000000,0.00000000,0.00000000,0.00000000,0.00000000,0.00000000,0.00000000,0.00000000,0.00000000,0.00000000,0.00000000,0.00000000,0.00000000,0.00000000,0.00000000,0.00000000,0.00000000,0.00000000,0.00000000,0.00000000,0.00000000,NONE
MR00119[K,c],0.00000000,0.00000000,0.00000000,0.00000000,0.00000000,0.00000000,0.00000000,0.00000000,0.00000000,0.00000000,0.00000000,0.00000000,0.00000000,0.00000000,0.00000000,0.00000000,0.00000000,0.00000000,0.00000000,0.00000000,0.00000000,0.00000000,0.00000000,0.00000000,0.00000000,0.00000000,NONE
MR00119[K,x],0.00000000,0.00000000,0.00000000,0.00000000,0.00000000,0.00000000,0.00000000,0.00000000,0.00000000,0.00000000,0.00000000,0.00000000,0.00000000,0.00000000,0.00000000,0.00000000,0.00000000,0.00000000,0.00000000,0.00000000,0.00000000,0.00000000,0.00000000,0.00000000,0.00000000,0.00000000,NONE
MR00121[K,m],0.00000000,0.00000000,0.00000000,0.00000000,0.00000000,0.00000000,0.00000000,0.00000000,0.00000000,0.00000000,0.00000000,0.00000000,0.00000000,0.00000000,0.00000000,0.00000000,0.00000000,0.00000000,0.00000000,0.00000000,0.00000000,0.00000000,0.00000000,0.00000000,0.00000000,0.00000000,NONE
MR00124[K,c],0.00000000,0.00000000,0.00000000,0.00000000,0.00000000,0.00000000,0.00000000,0.00000000,0.00000000,0.00000000,0.00000000,0.00000000,0.00000000,0.00000000,0.00000000,0.00000000,0.00000000,0.00000000,0.00000000,0.00000000,0.00000000,0.00000000,0.00000000,0.00000000,0.00000000,0.00000000,NONE
MR00128[K,c],0.00000000,0.00000000,0.00000000,0.00000000,0.00000000,0.00000000,0.00000000,0.00000000,0.00000000,0.00000000,0.00000000,0.00000000,0.00000000,0.00000000,0.00000000,0.00000000,0.00000000,0.00000000,0.00000000,0.00000000,0.00000000,0.00000000,0.00000000,0.00000000,0.00000000,0.00000000,NONE
MR00129[K,c],0.00000000,0.00000000,0.00000000,0.00000000,0.00000000,0.00000000,0.00000000,0.00000000,0.00000000,0.00000000,0.00000000,0.00000000,0.00000000,0.00000000,0.00000000,0.00000000,0.00000000,0.00000000,0.00000000,0.00000000,0.00000000,0.00000000,0.00000000,0.00000000,0.00000000,0.00000000,NONE
MR00130[K,c],0.00000000,0.00000000,0.00000000,0.00000000,0.00000000,0.00000000,0.00000000,0.00000000,0.00000000,0.00000000,0.00000000,0.00000000,0.00000000,0.00000000,0.00000000,0.00000000,0.00000000,0.00000000,0.00000000,0.00000000,0.00000000,0.00000000,0.00000000,0.00000000,0.00000000,0.00000000,NONE
MR00130[K,p],0.00000000,0.00000000,0.00000000,0.00000000,0.00000000,0.00000000,0.00000000,0.00000000,0.00000000,0.00000000,0.00000000,0.00000000,0.00000000,0.00000000,0.00000000,0.00000000,0.00000000,0.00000000,0.00000000,0.00000000,0.00000000,0.00000000,0.00000000,0.00000000,0.00000000,0.00000000,NONE
MR00134[K,c],0.00000000,0.00000000,0.00000000,0.00000000,0.00000000,0.00000000,0.00000000,0.00000000,0.00000000,0.00000000,0.00000000,0.00000000,0.00000000,0.00000000,0.00000000,0.00000000,0.00000000,0.00000000,0.00000000,0.00000000,0.00000000,0.00000000,0.00000000,0.00000000,0.00000000,0.00000000,NONE
MR00136[K,pm],0.00000000,0.00000000,0.00000000,0.00000000,0.00000000,0.00000000,0.00000000,0.00000000,0.00000000,0.00000000,0.00000000,0.00000000,0.00000000,0.00000000,0.00000000,0.00000000,0.00000000,0.00000000,0.00000000,0.00000000,0.00000000,0.00000000,0.00000000,0.00000000,0.00000000,0.00000000,NONE
MR00137[K,m],0.00000000,0.00000000,0.00000000,0.00000000,0.00000000,0.00000000,0.00000000,0.00000000,0.00000000,0.00000000,0.00000000,0.00000000,0.00000000,0.00000000,0.00000000,0.00000000,0.00000000,0.00000000,0.00000000,0.00000000,0.00000000,0.00000000,0.00000000,0.00000000,0.00000000,0.00000000,NONE
MR00137[K,p],0.00000000,0.00000000,0.00000000,0.00000000,0.00000000,0.00000000,0.00000000,0.00000000,0.00000000,0.00000000,0.00000000,0.00000000,0.00000000,0.00000000,0.00000000,0.00000000,0.00000000,0.00000000,0.00000000,0.00000000,0.00000000,0.00000000,0.00000000,0.00000000,0.00000000,0.00000000,NONE
MR00138[K,c],0.00000000,0.00000000,0.00000000,0.00000000,0.00000000,0.00000000,0.00000000,0.00000000,0.00000000,0.00000000,0.00000000,0.00000000,0.00000000,0.00000000,0.00000000,0.00000000,0.00000000,0.00000000,0.00000000,0.00000000,0.00000000,0.00000000,0.00000000,0.00000000,0.00000000,0.00000000,NONE
MR00139[K,p],0.00000000,0.00000000,0.00000000,0.00000000,0.00000000,0.00000000,0.00000000,0.00000000,0.00000000,0.00000000,0.00000000,0.00000000,0.00000000,0.00000000,0.00000000,0.00000000,0.00000000,0.00000000,0.00000000,0.00000000,0.00000000,0.00000000,0.00000000,0.00000000,0.00000000,0.00000000,NONE
MR00145[K,p],0.00000000,0.00000000,0.00000000,0.00000000,0.00000000,0.00000000,0.00000000,0.00000000,0.00000000,0.00000000,0.00000000,0.00000000,0.00000000,0.00000000,0.00000000,0.00000000,0.00000000,0.00000000,0.00000000,0.00000000,0.00000000,0.00000000,0.00000000,0.00000000,0.00000000,0.00000000,NONE
MR00146[K,p],0.00000000,0.00000000,0.00000000,0.00000000,0.00000000,0.00000000,0.00000000,0.00000000,0.00000000,0.00000000,0.00000000,0.00000000,0.00000000,0.00000000,0.00000000,0.00000000,0.00000000,0.00000000,0.00000000,0.00000000,0.00000000,0.00000000,0.00000000,0.00000000,0.00000000,0.00000000,NONE
MR00147[K,c],0.00000000,0.00000000,0.00000000,0.00000000,0.00000000,0.00000000,0.00000000,0.00000000,0.00000000,0.00000000,0.00000000,0.00000000,0.00000000,0.00000000,0.00000000,0.00000000,0.00000000,0.00000000,0.00000000,0.00000000,0.00000000,0.00000000,0.00000000,0.00000000,0.00000000,0.00000000,NONE
MR00148[K,p],0.00000000,0.00000000,0.00000000,0.00000000,0.00000000,0.00000000,0.00000000,0.00000000,0.00000000,0.00000000,0.00000000,0.00000000,0.00000000,0.00000000,0.00000000,0.00000000,0.00000000,0.00000000,0.00000000,0.00000000,0.00000000,0.00000000,0.00000000,0.00000000,0.00000000,0.00000000,NONE
MR00149[K,c],0.00000000,0.00000000,0.00000000,0.00000000,0.00000000,0.00000000,0.00000000,0.00000000,0.00000000,0.00000000,0.00000000,0.00000000,0.00000000,0.00000000,0.00000000,0.00000000,0.00000000,0.00000000,0.00000000,0.00000000,0.00000000,0.00000000,0.00000000,0.00000000,0.00000000,0.00000000,NONE
MR00150[K,c],0.00000000,0.00000000,0.00000000,0.00000000,0.00000000,0.00000000,0.00000000,0.00000000,0.00000000,0.00000000,0.00000000,0.00000000,0.00000000,0.00000000,0.00000000,0.00000000,0.00000000,0.00000000,0.00000000,0.00000000,0.00000000,0.00000000,0.00000000,0.00000000,0.00000000,0.00000000,NONE
MR00151[K,p],0.00000000,0.00000000,0.00000000,0.00000000,0.00000000,0.00000000,0.00000000,0.00000000,0.00000000,0.00000000,0.00000000,0.00000000,0.00000000,0.00000000,0.00000000,0.00000000,0.00000000,0.00000000,0.00000000,0.00000000,0.00000000,0.00000000,0.00000000,0.00000000,0.00000000,0.00000000,NONE
MR00156[K,c],0.00000000,0.00000000,0.00000000,0.00000000,0.00000000,0.00000000,0.00000000,0.00000000,0.00000000,0.00000000,0.00000000,0.00000000,0.00000000,0.00000000,0.00000000,0.00000000,0.00000000,0.00000000,0.00000000,0.00000000,0.00000000,0.00000000,0.00000000,0.00000000,0.00000000,0.00000000,NONE
MR00159[K,c],0.00000000,0.00000000,0.00000000,0.00000000,0.00000000,0.00000000,0.00000000,0.00000000,0.00000000,0.00000000,0.00000000,0.00000000,0.00000000,0.00000000,0.00000000,0.00000000,0.00000000,0.00000000,0.00000000,0.00000000,0.00000000,0.00000000,0.00000000,0.00000000,0.00000000,0.00000000,NONE
MR00161[K,c],0.00000000,0.00000000,0.00000000,0.00000000,0.00000000,0.00000000,0.00000000,0.00000000,0.00000000,0.00000000,0.00000000,0.00000000,0.00000000,0.00000000,0.00000000,0.00000000,0.00000000,0.00000000,0.00000000,0.00000000,0.00000000,0.00000000,0.00000000,0.00000000,0.00000000,0.00000000,NONE
MR00162[K,c],0.00000000,0.00000000,0.00000000,0.00000000,0.00000000,0.00000000,0.00000000,0.00000000,0.00000000,0.00000000,0.00000000,0.00000000,0.00000000,0.00000000,0.00000000,0.00000000,0.00000000,0.00000000,0.00000000,0.00000000,0.00000000,0.00000000,0.00000000,0.00000000,0.00000000,0.00000000,NONE
MR00163[K,c],0.00000000,0.00000000,0.00000000,0.00000000,0.00000000,0.00000000,0.00000000,0.00000000,0.00000000,0.00000000,0.00000000,0.00000000,0.00000000,0.00000000,0.00000000,0.00000000,0.00000000,0.00000000,0.00000000,0.00000000,0.00000000,0.00000000,0.00000000,0.00000000,0.00000000,0.00000000,NONE
MR00164[K,c],0.00000000,0.00000000,0.00000000,0.00000000,0.00000000,0.00000000,0.00000000,0.00000000,0.00000000,0.00000000,0.00000000,0.00000000,0.00000000,0.00000000,0.00000000,0.00000000,0.00000000,0.00000000,0.00000000,0.00000000,0.00000000,0.00000000,0.00000000,0.00000000,0.00000000,0.00000000,NONE
MR00167[K,c],0.00000000,0.00000000,0.00000000,0.00000000,0.00000000,0.00000000,0.00000000,0.00000000,0.00000000,0.00000000,0.00000000,0.00000000,0.00000000,0.00000000,0.00000000,0.00000000,0.00000000,0.00000000,0.00000000,0.00000000,0.00000000,0.00000000,0.00000000,0.00000000,0.00000000,0.00000000,NONE
MR00167[K,m],0.00000000,0.00000000,0.00000000,0.00000000,0.00000000,0.00000000,0.00000000,0.00000000,0.00000000,0.00000000,0.00000000,0.00000000,0.00000000,0.00000000,0.00000000,0.00000000,0.00000000,0.00000000,0.00000000,0.00000000,0.00000000,0.00000000,0.00000000,0.00000000,0.00000000,0.00000000,NONE
MR00167[K,p],0.00000000,0.00000000,0.00000000,0.00000000,0.00000000,0.00000000,0.00000000,0.00000000,0.00000000,0.00000000,0.00000000,0.00000000,0.00000000,0.00000000,0.00000000,0.00000000,0.00000000,0.00000000,0.00000000,0.00000000,0.00000000,0.00000000,0.00000000,0.00000000,0.00000000,0.00000000,NONE
MR00169[K,c],0.00000000,0.00000000,0.00000000,0.00000000,0.00000000,0.00000000,0.00000000,0.00000000,0.00000000,0.00000000,0.00000000,0.00000000,0.00000000,0.00000000,0.00000000,0.00000000,0.00000000,0.00000000,0.00000000,0.00000000,0.00000000,0.00000000,0.00000000,0.00000000,0.00000000,0.00000000,NONE
MR00170[K,c],0.00000000,0.00000000,0.00000000,0.00000000,0.00000000,0.00000000,0.00000000,0.00000000,0.00000000,0.00000000,0.00000000,0.00000000,0.00000000,0.00000000,0.00000000,0.00000000,0.00000000,0.00000000,0.00000000,0.00000000,0.00000000,0.00000000,0.00000000,0.00000000,0.00000000,0.00000000,NONE
MR00170[K,m],0.00000000,0.00000000,0.00000000,0.00000000,0.00000000,0.00000000,0.00000000,0.00000000,0.00000000,0.00000000,0.00000000,0.00000000,0.00000000,0.00000000,0.00000000,0.00000000,0.00000000,0.00000000,0.00000000,0.00000000,0.00000000,0.00000000,0.00000000,0.00000000,0.00000000,0.00000000,NONE
MR00170[K,p],0.00000000,0.00000000,0.00000000,0.00000000,0.00000000,0.00000000,0.00000000,0.00000000,0.00000000,0.00000000,0.00000000,0.00000000,0.00000000,0.00000000,0.00000000,0.00000000,0.00000000,0.00000000,0.00000000,0.00000000,0.00000000,0.00000000,0.00000000,0.00000000,0.00000000,0.00000000,NONE
MR00171[K,c],0.00000000,0.00000000,0.00000000,0.00000000,0.00000000,0.00000000,0.00000000,0.00000000,0.00000000,0.00000000,0.00000000,0.00000000,0.00000000,0.00000000,0.00000000,0.00000000,0.00000000,0.00000000,0.00000000,0.00000000,0.00000000,0.00000000,0.00000000,0.00000000,0.00000000,0.00000000,NONE
MR00171[K,m],0.00000000,0.00000000,0.00000000,0.00000000,0.00000000,0.00000000,0.00000000,0.00000000,0.00000000,0.00000000,0.00000000,0.00000000,0.00000000,0.00000000,0.00000000,0.00000000,0.00000000,0.00000000,0.00000000,0.00000000,0.00000000,0.00000000,0.00000000,0.00000000,0.00000000,0.00000000,NONE
MR00171[K,p],0.00000000,0.00000000,0.00000000,0.00000000,0.00000000,0.00000000,0.00000000,0.00000000,0.00000000,0.00000000,0.00000000,0.00000000,0.00000000,0.00000000,0.00000000,0.00000000,0.00000000,0.00000000,0.00000000,0.00000000,0.00000000,0.00000000,0.00000000,0.00000000,0.00000000,0.00000000,NONE
MR00173[K,p],0.00000000,0.00000000,0.00000000,0.00000000,0.00000000,0.00000000,0.00000000,0.00000000,0.00000000,0.00000000,0.00000000,0.00000000,0.00000000,0.00000000,0.00000000,0.00000000,0.00000000,0.00000000,0.00000000,0.00000000,0.00000000,0.00000000,0.00000000,0.00000000,0.00000000,0.00000000,NONE
MR00174[K,c],0.00000000,0.00000000,0.00000000,0.00000000,0.00000000,0.00000000,0.00000000,0.00000000,0.00000000,0.00000000,0.00000000,0.00000000,0.00000000,0.00000000,0.00000000,0.00000000,0.00000000,0.00000000,0.00000000,0.00000000,0.00000000,0.00000000,0.00000000,0.00000000,0.00000000,0.00000000,NONE
MR00181[K,c],0.00000000,0.00000000,0.00000000,0.00000000,0.00000000,0.00000000,0.00000000,0.00000000,0.00000000,0.00000000,0.00000000,0.00000000,0.00000000,0.00000000,0.00000000,0.00000000,0.00000000,0.00000000,0.00000000,0.00000000,0.00000000,0.00000000,0.00000000,0.00000000,0.00000000,0.00000000,NONE
MR00187[K,c],0.00000000,0.00000000,0.00000000,0.00000000,0.00000000,0.00000000,0.00000000,0.00000000,0.00000000,0.00000000,0.00000000,0.00000000,0.00000000,0.00000000,0.00000000,0.00000000,0.00000000,0.00000000,0.00000000,0.00000000,0.00000000,0.00000000,0.00000000,0.00000000,0.00000000,0.00000000,NONE
MR00187[K,m],0.00000000,0.00000000,0.00000000,0.00000000,0.00000000,0.00000000,0.00000000,0.00000000,0.00000000,0.00000000,0.00000000,0.00000000,0.00000000,0.00000000,0.00000000,0.00000000,0.00000000,0.00000000,0.00000000,0.00000000,0.00000000,0.00000000,0.00000000,0.00000000,0.00000000,0.00000000,NONE
MR00187[K,p],0.00000000,0.00000000,0.00000000,0.00000000,0.00000000,0.00000000,0.00000000,0.00000000,0.00000000,0.00000000,0.00000000,0.00000000,0.00000000,0.00000000,0.00000000,0.00000000,0.00000000,0.00000000,0.00000000,0.00000000,0.00000000,0.00000000,0.00000000,0.00000000,0.00000000,0.00000000,NONE
MR00189[K,c],0.00000000,0.00000000,0.00000000,0.00000000,0.00000000,0.00000000,0.00000000,0.00000000,0.00000000,0.00000000,0.00000000,0.00000000,0.00000000,0.00000000,0.00000000,0.00000000,0.00000000,0.00000000,0.00000000,0.00000000,0.00000000,0.00000000,0.00000000,0.00000000,0.00000000,0.00000000,NONE
MR00190[K,c],0.00000000,0.00000000,0.00000000,0.00000000,0.00000000,0.00000000,0.00000000,0.00000000,0.00000000,0.00000000,0.00000000,0.00000000,0.00000000,0.00000000,0.00000000,0.00000000,0.00000000,0.00000000,0.00000000,0.00000000,0.00000000,0.00000000,0.00000000,0.00000000,0.00000000,0.00000000,NONE
MR00192[K,c],0.00000000,0.00000000,0.00000000,0.00000000,0.00000000,0.00000000,0.00000000,0.00000000,0.00000000,0.00000000,0.00000000,0.00000000,0.00000000,0.00000000,0.00000000,0.00000000,0.00000000,0.00000000,0.00000000,0.00000000,0.00000000,0.00000000,0.00000000,0.00000000,0.00000000,0.00000000,NONE
MR00193[K,p],0.00000000,0.00000000,0.00000000,0.00000000,0.00000000,0.00000000,0.00000000,0.00000000,0.00000000,0.00000000,0.00000000,0.00000000,0.00000000,0.00000000,0.00000000,0.00000000,0.00000000,0.00000000,0.00000000,0.00000000,0.00000000,0.00000000,0.00000000,0.00000000,0.00000000,0.00000000,NONE
MR00196[K,c],0.00000000,0.00000000,0.00000000,0.00000000,0.00000000,0.00000000,0.00000000,0.00000000,0.00000000,0.00000000,0.00000000,0.00000000,0.00000000,0.00000000,0.00000000,0.00000000,0.00000000,0.00000000,0.00000000,0.00000000,0.00000000,0.00000000,0.00000000,0.00000000,0.00000000,0.00000000,NONE
MR00207[K,c],0.00000000,0.00000000,0.00000000,0.00000000,0.00000000,0.00000000,0.00000000,0.00000000,0.00000000,0.00000000,0.00000000,0.00000000,0.00000000,0.00000000,0.00000000,0.00000000,0.00000000,0.00000000,0.00000000,0.00000000,0.00000000,0.00000000,0.00000000,0.00000000,0.00000000,0.00000000,NONE
MR00212[K,c],0.00000000,0.00000000,0.00000000,0.00000000,0.00000000,0.00000000,0.00000000,0.00000000,0.00000000,0.00000000,0.00000000,0.00000000,0.00000000,0.00000000,0.00000000,0.00000000,0.00000000,0.00000000,0.00000000,0.00000000,0.00000000,0.00000000,0.00000000,0.00000000,0.00000000,0.00000000,NONE
MR00214[K,c],0.00000000,0.00000000,0.00000000,0.00000000,0.00000000,0.00000000,0.00000000,0.00000000,0.00000000,0.00000000,0.00000000,0.00000000,0.00000000,0.00000000,0.00000000,0.00000000,0.00000000,0.00000000,0.00000000,0.00000000,0.00000000,0.00000000,0.00000000,0.00000000,0.00000000,0.00000000,NONE
MR00215[K,c],0.00000000,0.00000000,0.00000000,0.00000000,0.00000000,0.00000000,0.00000000,0.00000000,0.00000000,0.00000000,0.00000000,0.00000000,0.00000000,0.00000000,0.00000000,0.00000000,0.00000000,0.00000000,0.00000000,0.00000000,0.00000000,0.00000000,0.00000000,0.00000000,0.00000000,0.00000000,NONE
MR00216[K,m],0.00000000,0.00000000,0.00000000,0.00000000,0.00000000,0.00000000,0.00000000,0.00000000,0.00000000,0.00000000,0.00000000,0.00000000,0.00000000,0.00000000,0.00000000,0.00000000,0.00000000,0.00000000,0.00000000,0.00000000,0.00000000,0.00000000,0.00000000,0.00000000,0.00000000,0.00000000,NONE
MR00216[K,p],0.00000000,0.00000000,0.00000000,0.00000000,0.00000000,0.00000000,0.00000000,0.00000000,0.00000000,0.00000000,0.00000000,0.00000000,0.00000000,0.00000000,0.00000000,0.00000000,0.00000000,0.00000000,0.00000000,0.00000000,0.00000000,0.00000000,0.00000000,0.00000000,0.00000000,0.00000000,NONE
MR00217[K,c],0.00000000,0.00000000,0.00000000,0.00000000,0.00000000,0.00000000,0.00000000,0.00000000,0.00000000,0.00000000,0.00000000,0.00000000,0.00000000,0.00000000,0.00000000,0.00000000,0.00000000,0.00000000,0.00000000,0.00000000,0.00000000,0.00000000,0.00000000,0.00000000,0.00000000,0.00000000,NONE
MR00219[K,m],0.00000000,0.00000000,0.00000000,0.00000000,0.00000000,0.00000000,0.00000000,0.00000000,0.00000000,0.00000000,0.00000000,0.00000000,0.00000000,0.00000000,0.00000000,0.00000000,0.00000000,0.00000000,0.00000000,0.00000000,0.00000000,0.00000000,0.00000000,0.00000000,0.00000000,0.00000000,NONE
MR00220[K,c],0.00000000,0.00000000,0.00000000,0.00000000,0.00000000,0.00000000,0.00000000,0.00000000,0.00000000,0.00000000,0.00000000,0.00000000,0.00000000,0.00000000,0.00000000,0.00000000,0.00000000,0.00000000,0.00000000,0.00000000,0.00000000,0.00000000,0.00000000,0.00000000,0.00000000,0.00000000,NONE
MR00235[K,p],0.00000000,0.00000000,0.00000000,0.00000000,0.00000000,0.00000000,0.00000000,0.00000000,0.00000000,0.00000000,0.00000000,0.00000000,0.00000000,0.00000000,0.00000000,0.00000000,0.00000000,0.00000000,0.00000000,0.00000000,0.00000000,0.00000000,0.00000000,0.00000000,0.00000000,0.00000000,NONE
MR00248[K,m],0.00000000,0.00000000,0.00000000,0.00000000,0.00000000,0.00000000,0.00000000,0.00000000,0.00000000,0.00000000,0.00000000,0.00000000,0.00000000,0.00000000,0.00000000,0.00000000,0.00000000,0.00000000,0.00000000,0.00000000,0.00000000,0.00000000,0.00000000,0.00000000,0.00000000,0.00000000,NONE
MR00249[K,m],0.00000000,0.00000000,0.00000000,0.00000000,0.00000000,0.00000000,0.00000000,0.00000000,0.00000000,0.00000000,0.00000000,0.00000000,0.00000000,0.00000000,0.00000000,0.00000000,0.00000000,0.00000000,0.00000000,0.00000000,0.00000000,0.00000000,0.00000000,0.00000000,0.00000000,0.00000000,NONE
MR00252[K,c],0.00000000,0.00000000,0.00000000,0.00000000,0.00000000,0.00000000,0.00000000,0.00000000,0.00000000,0.00000000,0.00000000,0.00000000,0.00000000,0.00000000,0.00000000,0.00000000,0.00000000,0.00000000,0.00000000,0.00000000,0.00000000,0.00000000,0.00000000,0.00000000,0.00000000,0.00000000,NONE
MR00255[K,c],0.00000000,0.00000000,0.00000000,0.00000000,0.00000000,0.00000000,0.00000000,0.00000000,0.00000000,0.00000000,0.00000000,0.00000000,0.00000000,0.00000000,0.00000000,0.00000000,0.00000000,0.00000000,0.00000000,0.00000000,0.00000000,0.00000000,0.00000000,0.00000000,0.00000000,0.00000000,NONE
MR00257[K,p],0.00000000,0.00000000,0.00000000,0.00000000,0.00000000,0.00000000,0.00000000,0.00000000,0.00000000,0.00000000,0.00000000,0.00000000,0.00000000,0.00000000,0.00000000,0.00000000,0.00000000,0.00000000,0.00000000,0.00000000,0.00000000,0.00000000,0.00000000,0.00000000,0.00000000,0.00000000,NONE
MR00268[K,c],0.00000000,0.00000000,0.00000000,0.00000000,0.00000000,0.00000000,0.00000000,0.00000000,0.00000000,0.00000000,0.00000000,0.00000000,0.00000000,0.00000000,0.00000000,0.00000000,0.00000000,0.00000000,0.00000000,0.00000000,0.00000000,0.00000000,0.00000000,0.00000000,0.00000000,0.00000000,NONE
MR00271[K,c],0.00000000,0.00000000,0.00000000,0.00000000,0.00000000,0.00000000,0.00000000,0.00000000,0.00000000,0.00000000,0.00000000,0.00000000,0.00000000,0.00000000,0.00000000,0.00000000,0.00000000,0.00000000,0.00000000,0.00000000,0.00000000,0.00000000,0.00000000,0.00000000,0.00000000,0.00000000,NONE
MR00272[K,c],0.00000000,0.00000000,0.00000000,0.00000000,0.00000000,0.00000000,0.00000000,0.00000000,0.00000000,0.00000000,0.00000000,0.00000000,0.00000000,0.00000000,0.00000000,0.00000000,0.00000000,0.00000000,0.00000000,0.00000000,0.00000000,0.00000000,0.00000000,0.00000000,0.00000000,0.00000000,NONE
MR00273[K,c],0.00000000,0.00000000,0.00000000,0.00000000,0.00000000,0.00000000,0.00000000,0.00000000,0.00000000,0.00000000,0.00000000,0.00000000,0.00000000,0.00000000,0.00000000,0.00000000,0.00000000,0.00000000,0.00000000,0.00000000,0.00000000,0.00000000,0.00000000,0.00000000,0.00000000,0.00000000,NONE
MR00274[K,c],0.00000000,0.00000000,0.00000000,0.00000000,0.00000000,0.00000000,0.00000000,0.00000000,0.00000000,0.00000000,0.00000000,0.00000000,0.00000000,0.00000000,0.00000000,0.00000000,0.00000000,0.00000000,0.00000000,0.00000000,0.00000000,0.00000000,0.00000000,0.00000000,0.00000000,0.00000000,NONE
MR00275[K,c],0.00000000,0.00000000,0.00000000,0.00000000,0.00000000,0.00000000,0.00000000,0.00000000,0.00000000,0.00000000,0.00000000,0.00000000,0.00000000,0.00000000,0.00000000,0.00000000,0.00000000,0.00000000,0.00000000,0.00000000,0.00000000,0.00000000,0.00000000,0.00000000,0.00000000,0.00000000,NONE
MR00276[K,c],0.00000000,0.00000000,0.00000000,0.00000000,0.00000000,0.00000000,0.00000000,0.00000000,0.00000000,0.00000000,0.00000000,0.00000000,0.00000000,0.00000000,0.00000000,0.00000000,0.00000000,0.00000000,0.00000000,0.00000000,0.00000000,0.00000000,0.00000000,0.00000000,0.00000000,0.00000000,NONE
MR00278[K,x],0.00000000,0.00000000,0.00000000,0.00000000,0.00000000,0.00000000,0.00000000,0.00000000,0.00000000,0.00000000,0.00000000,0.00000000,0.00000000,0.00000000,0.00000000,0.00000000,0.00000000,0.00000000,0.00000000,0.00000000,0.00000000,0.00000000,0.00000000,0.00000000,0.00000000,0.00000000,NONE
MR00279[K,x],0.00000000,0.00000000,0.00000000,0.00000000,0.00000000,0.00000000,0.00000000,0.00000000,0.00000000,0.00000000,0.00000000,0.00000000,0.00000000,0.00000000,0.00000000,0.00000000,0.00000000,0.00000000,0.00000000,0.00000000,0.00000000,0.00000000,0.00000000,0.00000000,0.00000000,0.00000000,NONE
MR00280[K,x],0.00000000,0.00000000,0.00000000,0.00000000,0.00000000,0.00000000,0.00000000,0.00000000,0.00000000,0.00000000,0.00000000,0.00000000,0.00000000,0.00000000,0.00000000,0.00000000,0.00000000,0.00000000,0.00000000,0.00000000,0.00000000,0.00000000,0.00000000,0.00000000,0.00000000,0.00000000,NONE
MR00281[K,c],0.00000000,0.00000000,0.00000000,0.00000000,0.00000000,0.00000000,0.00000000,0.00000000,0.00000000,0.00000000,0.00000000,0.00000000,0.00000000,0.00000000,0.00000000,0.00000000,0.00000000,0.00000000,0.00000000,0.00000000,0.00000000,0.00000000,0.00000000,0.00000000,0.00000000,0.00000000,NONE
MR00283[K,c],0.00000000,0.00000000,0.00000000,0.00000000,0.00000000,0.00000000,0.00000000,0.00000000,0.00000000,0.00000000,0.00000000,0.00000000,0.00000000,0.00000000,0.00000000,0.00000000,0.00000000,0.00000000,0.00000000,0.00000000,0.00000000,0.00000000,0.00000000,0.00000000,0.00000000,0.00000000,NONE
MR00284[K,p],0.00000000,0.00000000,0.00000000,0.00000000,0.00000000,0.00000000,0.00000000,0.00000000,0.00000000,0.00000000,0.00000000,0.00000000,0.00000000,0.00000000,0.00000000,0.00000000,0.00000000,0.00000000,0.00000000,0.00000000,0.00000000,0.00000000,0.00000000,0.00000000,0.00000000,0.00000000,NONE
MR00289[K,p],0.00000000,0.00000000,0.00000000,0.00000000,0.00000000,0.00000000,0.00000000,0.00000000,0.00000000,0.00000000,0.00000000,0.00000000,0.00000000,0.00000000,0.00000000,0.00000000,0.00000000,0.00000000,0.00000000,0.00000000,0.00000000,0.00000000,0.00000000,0.00000000,0.00000000,0.00000000,NONE
MR00291[K,c],0.00000000,0.00000000,0.00000000,0.00000000,0.00000000,0.00000000,0.00000000,0.00000000,0.00000000,0.00000000,0.00000000,0.00000000,0.00000000,0.00000000,0.00000000,0.00000000,0.00000000,0.00000000,0.00000000,0.00000000,0.00000000,0.00000000,0.00000000,0.00000000,0.00000000,0.00000000,NONE
MR00293[K,c],0.00000000,0.00000000,0.00000000,0.00000000,0.00000000,0.00000000,0.00000000,0.00000000,0.00000000,0.00000000,0.00000000,0.00000000,0.00000000,0.00000000,0.00000000,0.00000000,0.00000000,0.00000000,0.00000000,0.00000000,0.00000000,0.00000000,0.00000000,0.00000000,0.00000000,0.00000000,NONE
MR00294[K,p],0.00000000,0.00000000,0.00000000,0.00000000,0.00000000,0.00000000,0.00000000,0.00000000,0.00000000,0.00000000,0.00000000,0.00000000,0.00000000,0.00000000,0.00000000,0.00000000,0.00000000,0.00000000,0.00000000,0.00000000,0.00000000,0.00000000,0.00000000,0.00000000,0.00000000,0.00000000,NONE
MR00295[K,p],0.00000000,0.00000000,0.00000000,0.00000000,0.00000000,0.00000000,0.00000000,0.00000000,0.00000000,0.00000000,0.00000000,0.00000000,0.00000000,0.00000000,0.00000000,0.00000000,0.00000000,0.00000000,0.00000000,0.00000000,0.00000000,0.00000000,0.00000000,0.00000000,0.00000000,0.00000000,NONE
MR00302[K,x],0.00000000,0.00000000,0.00000000,0.00000000,0.00000000,0.00000000,0.00000000,0.00000000,0.00000000,0.00000000,0.00000000,0.00000000,0.00000000,0.00000000,0.00000000,0.00000000,0.00000000,0.00000000,0.00000000,0.00000000,0.00000000,0.00000000,0.00000000,0.00000000,0.00000000,0.00000000,NONE
MR00303[K,x],0.00000000,0.00000000,0.00000000,0.00000000,0.00000000,0.00000000,0.00000000,0.00000000,0.00000000,0.00000000,0.00000000,0.00000000,0.00000000,0.00000000,0.00000000,0.00000000,0.00000000,0.00000000,0.00000000,0.00000000,0.00000000,0.00000000,0.00000000,0.00000000,0.00000000,0.00000000,NONE
MR00307[K,c],0.00000000,0.00000000,0.00000000,0.00000000,0.00000000,0.00000000,0.00000000,0.00000000,0.00000000,0.00000000,0.00000000,0.00000000,0.00000000,0.00000000,0.00000000,0.00000000,0.00000000,0.00000000,0.00000000,0.00000000,0.00000000,0.00000000,0.00000000,0.00000000,0.00000000,0.00000000,NONE
MR00308[K,c],0.00000000,0.00000000,0.00000000,0.00000000,0.00000000,0.00000000,0.00000000,0.00000000,0.00000000,0.00000000,0.00000000,0.00000000,0.00000000,0.00000000,0.00000000,0.00000000,0.00000000,0.00000000,0.00000000,0.00000000,0.00000000,0.00000000,0.00000000,0.00000000,0.00000000,0.00000000,NONE
MR00309[K,c],0.00000000,0.00000000,0.00000000,0.00000000,0.00000000,0.00000000,0.00000000,0.00000000,0.00000000,0.00000000,0.00000000,0.00000000,0.00000000,0.00000000,0.00000000,0.00000000,0.00000000,0.00000000,0.00000000,0.00000000,0.00000000,0.00000000,0.00000000,0.00000000,0.00000000,0.00000000,NONE
MR00310[K,p],0.00000000,0.00000000,0.00000000,0.00000000,0.00000000,0.00000000,0.00000000,0.00000000,0.00000000,0.00000000,0.00000000,0.00000000,0.00000000,0.00000000,0.00000000,0.00000000,0.00000000,0.00000000,0.00000000,0.00000000,0.00000000,0.00000000,0.00000000,0.00000000,0.00000000,0.00000000,NONE
MR00314[K,x],0.00000000,0.00000000,0.00000000,0.00000000,0.00000000,0.00000000,0.00000000,0.00000000,0.00000000,0.00000000,0.00000000,0.00000000,0.00000000,0.00000000,0.00000000,0.00000000,0.00000000,0.00000000,0.00000000,0.00000000,0.00000000,0.00000000,0.00000000,0.00000000,0.00000000,0.00000000,NONE
MR00315[K,x],0.00000000,0.00000000,0.00000000,0.00000000,0.00000000,0.00000000,0.00000000,0.00000000,0.00000000,0.00000000,0.00000000,0.00000000,0.00000000,0.00000000,0.00000000,0.00000000,0.00000000,0.00000000,0.00000000,0.00000000,0.00000000,0.00000000,0.00000000,0.00000000,0.00000000,0.00000000,NONE
MR00316[K,x],0.00000000,0.00000000,0.00000000,0.00000000,0.00000000,0.00000000,0.00000000,0.00000000,0.00000000,0.00000000,0.00000000,0.00000000,0.00000000,0.00000000,0.00000000,0.00000000,0.00000000,0.00000000,0.00000000,0.00000000,0.00000000,0.00000000,0.00000000,0.00000000,0.00000000,0.00000000,NONE
MR00318[K,x],0.00000000,0.00000000,0.00000000,0.00000000,0.00000000,0.00000000,0.00000000,0.00000000,0.00000000,0.00000000,0.00000000,0.00000000,0.00000000,0.00000000,0.00000000,0.00000000,0.00000000,0.00000000,0.00000000,0.00000000,0.00000000,0.00000000,0.00000000,0.00000000,0.00000000,0.00000000,NONE
MR00321_mod[K,c],0.00000000,0.00000000,0.00000000,0.00000000,0.00000000,0.00000000,0.00000000,0.00000000,0.00000000,0.00000000,0.00000000,0.00000000,0.00000000,0.00000000,0.00000000,0.00000000,0.00000000,0.00000000,0.00000000,0.00000000,0.00000000,0.00000000,0.00000000,0.00000000,0.00000000,0.00000000,NONE
MR00323[K,p],0.00000000,0.00000000,0.00000000,0.00000000,0.00000000,0.00000000,0.00000000,0.00000000,0.00000000,0.00000000,0.00000000,0.00000000,0.00000000,0.00000000,0.00000000,0.00000000,0.00000000,0.00000000,0.00000000,0.00000000,0.00000000,0.00000000,0.00000000,0.00000000,0.00000000,0.00000000,NONE
MR00327[K,c],0.00000000,0.00000000,0.00000000,0.00000000,0.00000000,0.00000000,0.00000000,0.00000000,0.00000000,0.00000000,0.00000000,0.00000000,0.00000000,0.00000000,0.00000000,0.00000000,0.00000000,0.00000000,0.00000000,0.00000000,0.00000000,0.00000000,0.00000000,0.00000000,0.00000000,0.00000000,NONE
MR00330[K,c],0.00000000,0.00000000,0.00000000,0.00000000,0.00000000,0.00000000,0.00000000,0.00000000,0.00000000,0.00000000,0.00000000,0.00000000,0.00000000,0.00000000,0.00000000,0.00000000,0.00000000,0.00000000,0.00000000,0.00000000,0.00000000,0.00000000,0.00000000,0.00000000,0.00000000,0.00000000,NONE
MR00331[K,c],0.00000000,0.00000000,0.00000000,0.00000000,0.00000000,0.00000000,0.00000000,0.00000000,0.00000000,0.00000000,0.00000000,0.00000000,0.00000000,0.00000000,0.00000000,0.00000000,0.00000000,0.00000000,0.00000000,0.00000000,0.00000000,0.00000000,0.00000000,0.00000000,0.00000000,0.00000000,NONE
MR00339[K,c],0.00000000,0.00000000,0.00000000,0.00000000,0.00000000,0.00000000,0.00000000,0.00000000,0.00000000,0.00000000,0.00000000,0.00000000,0.00000000,0.00000000,0.00000000,0.00000000,0.00000000,0.00000000,0.00000000,0.00000000,0.00000000,0.00000000,0.00000000,0.00000000,0.00000000,0.00000000,NONE
MR00340[K,c],0.00000000,0.00000000,0.00000000,0.00000000,0.00000000,0.00000000,0.00000000,0.00000000,0.00000000,0.00000000,0.00000000,0.00000000,0.00000000,0.00000000,0.00000000,0.00000000,0.00000000,0.00000000,0.00000000,0.00000000,0.00000000,0.00000000,0.00000000,0.00000000,0.00000000,0.00000000,NONE
MR00341[K,c],0.00000000,0.00000000,0.00000000,0.00000000,0.00000000,0.00000000,0.00000000,0.00000000,0.00000000,0.00000000,0.00000000,0.00000000,0.00000000,0.00000000,0.00000000,0.00000000,0.00000000,0.00000000,0.00000000,0.00000000,0.00000000,0.00000000,0.00000000,0.00000000,0.00000000,0.00000000,NONE
MR00342[K,c],0.00000000,0.00000000,0.00000000,0.00000000,0.00000000,0.00000000,0.00000000,0.00000000,0.00000000,0.00000000,0.00000000,0.00000000,0.00000000,0.00000000,0.00000000,0.00000000,0.00000000,0.00000000,0.00000000,0.00000000,0.00000000,0.00000000,0.00000000,0.00000000,0.00000000,0.00000000,NONE
MR00343[K,c],0.00000000,0.00000000,0.00000000,0.00000000,0.00000000,0.00000000,0.00000000,0.00000000,0.00000000,0.00000000,0.00000000,0.00000000,0.00000000,0.00000000,0.00000000,0.00000000,0.00000000,0.00000000,0.00000000,0.00000000,0.00000000,0.00000000,0.00000000,0.00000000,0.00000000,0.00000000,NONE
MR00344[K,c],0.00000000,0.00000000,0.00000000,0.00000000,0.00000000,0.00000000,0.00000000,0.00000000,0.00000000,0.00000000,0.00000000,0.00000000,0.00000000,0.00000000,0.00000000,0.00000000,0.00000000,0.00000000,0.00000000,0.00000000,0.00000000,0.00000000,0.00000000,0.00000000,0.00000000,0.00000000,NONE
MR00345[K,c],0.00000000,0.00000000,0.00000000,0.00000000,0.00000000,0.00000000,0.00000000,0.00000000,0.00000000,0.00000000,0.00000000,0.00000000,0.00000000,0.00000000,0.00000000,0.00000000,0.00000000,0.00000000,0.00000000,0.00000000,0.00000000,0.00000000,0.00000000,0.00000000,0.00000000,0.00000000,NONE
MR00349[K,c],0.00000000,0.00000000,0.00000000,0.00000000,0.00000000,0.00000000,0.00000000,0.00000000,0.00000000,0.00000000,0.00000000,0.00000000,0.00000000,0.00000000,0.00000000,0.00000000,0.00000000,0.00000000,0.00000000,0.00000000,0.00000000,0.00000000,0.00000000,0.00000000,0.00000000,0.00000000,NONE
MR00350[K,m],0.00000000,0.00000000,0.00000000,0.00000000,0.00000000,0.00000000,0.00000000,0.00000000,0.00000000,0.00000000,0.00000000,0.00000000,0.00000000,0.00000000,0.00000000,0.00000000,0.00000000,0.00000000,0.00000000,0.00000000,0.00000000,0.00000000,0.00000000,0.00000000,0.00000000,0.00000000,NONE
MR00351[K,c],0.00000000,0.00000000,0.00000000,0.00000000,0.00000000,0.00000000,0.00000000,0.00000000,0.00000000,0.00000000,0.00000000,0.00000000,0.00000000,0.00000000,0.00000000,0.00000000,0.00000000,0.00000000,0.00000000,0.00000000,0.00000000,0.00000000,0.00000000,0.00000000,0.00000000,0.00000000,NONE
MR00353[K,m],0.00000000,0.00000000,0.00000000,0.00000000,0.00000000,0.00000000,0.00000000,0.00000000,0.00000000,0.00000000,0.00000000,0.00000000,0.00000000,0.00000000,0.00000000,0.00000000,0.00000000,0.00000000,0.00000000,0.00000000,0.00000000,0.00000000,0.00000000,0.00000000,0.00000000,0.00000000,NONE
MR00354[K,c],0.00000000,0.00000000,0.00000000,0.00000000,0.00000000,0.00000000,0.00000000,0.00000000,0.00000000,0.00000000,0.00000000,0.00000000,0.00000000,0.00000000,0.00000000,0.00000000,0.00000000,0.00000000,0.00000000,0.00000000,0.00000000,0.00000000,0.00000000,0.00000000,0.00000000,0.00000000,NONE
MR00355[K,c],0.00000000,0.00000000,0.00000000,0.00000000,0.00000000,0.00000000,0.00000000,0.00000000,0.00000000,0.00000000,0.00000000,0.00000000,0.00000000,0.00000000,0.00000000,0.00000000,0.00000000,0.00000000,0.00000000,0.00000000,0.00000000,0.00000000,0.00000000,0.00000000,0.00000000,0.00000000,NONE
MR00356[K,c],0.00000000,0.00000000,0.00000000,0.00000000,0.00000000,0.00000000,0.00000000,0.00000000,0.00000000,0.00000000,0.00000000,0.00000000,0.00000000,0.00000000,0.00000000,0.00000000,0.00000000,0.00000000,0.00000000,0.00000000,0.00000000,0.00000000,0.00000000,0.00000000,0.00000000,0.00000000,NONE
MR00357[K,c],0.00000000,0.00000000,0.00000000,0.00000000,0.00000000,0.00000000,0.00000000,0.00000000,0.00000000,0.00000000,0.00000000,0.00000000,0.00000000,0.00000000,0.00000000,0.00000000,0.00000000,0.00000000,0.00000000,0.00000000,0.00000000,0.00000000,0.00000000,0.00000000,0.00000000,0.00000000,NONE
MR00386[K,p],0.00000000,0.00000000,0.00000000,0.00000000,0.00000000,0.00000000,0.00000000,0.00000000,0.00000000,0.00000000,0.00000000,0.00000000,0.00000000,0.00000000,0.00000000,0.00000000,0.00000000,0.00000000,0.00000000,0.00000000,0.00000000,0.00000000,0.00000000,0.00000000,0.00000000,0.00000000,NONE
MR00387[K,c],0.00000000,0.00000000,0.00000000,0.00000000,0.00000000,0.00000000,0.00000000,0.00000000,0.00000000,0.00000000,0.00000000,0.00000000,0.00000000,0.00000000,0.00000000,0.00000000,0.00000000,0.00000000,0.00000000,0.00000000,0.00000000,0.00000000,0.00000000,0.00000000,0.00000000,0.00000000,NONE
MR00391[K,p],0.00000000,0.00000000,0.00000000,0.00000000,0.00000000,0.00000000,0.00000000,0.00000000,0.00000000,0.00000000,0.00000000,0.00000000,0.00000000,0.00000000,0.00000000,0.00000000,0.00000000,0.00000000,0.00000000,0.00000000,0.00000000,0.00000000,0.00000000,0.00000000,0.00000000,0.00000000,NONE
MR00395[K,p],0.00000000,0.00000000,0.00000000,0.00000000,0.00000000,0.00000000,0.00000000,0.00000000,0.00000000,0.00000000,0.00000000,0.00000000,0.00000000,0.00000000,0.00000000,0.00000000,0.00000000,0.00000000,0.00000000,0.00000000,0.00000000,0.00000000,0.00000000,0.00000000,0.00000000,0.00000000,NONE
MR00396[K,p],0.00000000,0.00000000,0.00000000,0.00000000,0.00000000,0.00000000,0.00000000,0.00000000,0.00000000,0.00000000,0.00000000,0.00000000,0.00000000,0.00000000,0.00000000,0.00000000,0.00000000,0.00000000,0.00000000,0.00000000,0.00000000,0.00000000,0.00000000,0.00000000,0.00000000,0.00000000,NONE
MR00397_mod[K,v],0.00000000,0.00000000,0.00000000,0.00000000,0.00000000,0.00000000,0.00000000,0.00000000,0.00000000,0.00000000,0.00000000,0.00000000,0.00000000,0.00000000,0.00000000,0.00000000,0.00000000,0.00000000,0.00000000,0.00000000,0.00000000,0.00000000,0.00000000,0.00000000,0.00000000,0.00000000,NONE
MR00407[K,p],0.00000000,0.00000000,0.00000000,0.00000000,0.00000000,0.00000000,0.00000000,0.00000000,0.00000000,0.00000000,0.00000000,0.00000000,0.00000000,0.00000000,0.00000000,0.00000000,0.00000000,0.00000000,0.00000000,0.00000000,0.00000000,0.00000000,0.00000000,0.00000000,0.00000000,0.00000000,NONE
MR00411[K,x],0.00000000,0.00000000,0.00000000,0.00000000,0.00000000,0.00000000,0.00000000,0.00000000,0.00000000,0.00000000,0.00000000,0.00000000,0.00000000,0.00000000,0.00000000,0.00000000,0.00000000,0.00000000,0.00000000,0.00000000,0.00000000,0.00000000,0.00000000,0.00000000,0.00000000,0.00000000,NONE
MR00413[K,c],0.00000000,0.00000000,0.00000000,0.00000000,0.00000000,0.00000000,0.00000000,0.00000000,0.00000000,0.00000000,0.00000000,0.00000000,0.00000000,0.00000000,0.00000000,0.00000000,0.00000000,0.00000000,0.00000000,0.00000000,0.00000000,0.00000000,0.00000000,0.00000000,0.00000000,0.00000000,NONE
MR00414[K,c],0.00000000,0.00000000,0.00000000,0.00000000,0.00000000,0.00000000,0.00000000,0.00000000,0.00000000,0.00000000,0.00000000,0.00000000,0.00000000,0.00000000,0.00000000,0.00000000,0.00000000,0.00000000,0.00000000,0.00000000,0.00000000,0.00000000,0.00000000,0.00000000,0.00000000,0.00000000,NONE
MR00418[K,p],0.00000000,0.00000000,0.00000000,0.00000000,0.00000000,0.00000000,0.00000000,0.00000000,0.00000000,0.00000000,0.00000000,0.00000000,0.00000000,0.00000000,0.00000000,0.00000000,0.00000000,0.00000000,0.00000000,0.00000000,0.00000000,0.00000000,0.00000000,0.00000000,0.00000000,0.00000000,NONE
MR00423[K,p],0.00000000,0.00000000,0.00000000,0.00000000,0.00000000,0.00000000,0.00000000,0.00000000,0.00000000,0.00000000,0.00000000,0.00000000,0.00000000,0.00000000,0.00000000,0.00000000,0.00000000,0.00000000,0.00000000,0.00000000,0.00000000,0.00000000,0.00000000,0.00000000,0.00000000,0.00000000,NONE
MR00424[K,m],0.00000000,0.00000000,0.00000000,0.00000000,0.00000000,0.00000000,0.00000000,0.00000000,0.00000000,0.00000000,0.00000000,0.00000000,0.00000000,0.00000000,0.00000000,0.00000000,0.00000000,0.00000000,0.00000000,0.00000000,0.00000000,0.00000000,0.00000000,0.00000000,0.00000000,0.00000000,NONE
MR00425[K,x],0.00000000,0.00000000,0.00000000,0.00000000,0.00000000,0.00000000,0.00000000,0.00000000,0.00000000,0.00000000,0.00000000,0.00000000,0.00000000,0.00000000,0.00000000,0.00000000,0.00000000,0.00000000,0.00000000,0.00000000,0.00000000,0.00000000,0.00000000,0.00000000,0.00000000,0.00000000,NONE
MR00446[K,p],0.00000000,0.00000000,0.00000000,0.00000000,0.00000000,0.00000000,0.00000000,0.00000000,0.00000000,0.00000000,0.00000000,0.00000000,0.00000000,0.00000000,0.00000000,0.00000000,0.00000000,0.00000000,0.00000000,0.00000000,0.00000000,0.00000000,0.00000000,0.00000000,0.00000000,0.00000000,NONE
MR00447[K,p],0.00000000,0.00000000,0.00000000,0.00000000,0.00000000,0.00000000,0.00000000,0.00000000,0.00000000,0.00000000,0.00000000,0.00000000,0.00000000,0.00000000,0.00000000,0.00000000,0.00000000,0.00000000,0.00000000,0.00000000,0.00000000,0.00000000,0.00000000,0.00000000,0.00000000,0.00000000,NONE
MR00448[K,p],0.00000000,0.00000000,0.00000000,0.00000000,0.00000000,0.00000000,0.00000000,0.00000000,0.00000000,0.00000000,0.00000000,0.00000000,0.00000000,0.00000000,0.00000000,0.00000000,0.00000000,0.00000000,0.00000000,0.00000000,0.00000000,0.00000000,0.00000000,0.00000000,0.00000000,0.00000000,NONE
MR00449[K,c],0.00000000,0.00000000,0.00000000,0.00000000,0.00000000,0.00000000,0.00000000,0.00000000,0.00000000,0.00000000,0.00000000,0.00000000,0.00000000,0.00000000,0.00000000,0.00000000,0.00000000,0.00000000,0.00000000,0.00000000,0.00000000,0.00000000,0.00000000,0.00000000,0.00000000,0.00000000,NONE
MR00450[K,p],0.00000000,0.00000000,0.00000000,0.00000000,0.00000000,0.00000000,0.00000000,0.00000000,0.00000000,0.00000000,0.00000000,0.00000000,0.00000000,0.00000000,0.00000000,0.00000000,0.00000000,0.00000000,0.00000000,0.00000000,0.00000000,0.00000000,0.00000000,0.00000000,0.00000000,0.00000000,NONE
MR00451[K,c],0.00000000,0.00000000,0.00000000,0.00000000,0.00000000,0.00000000,0.00000000,0.00000000,0.00000000,0.00000000,0.00000000,0.00000000,0.00000000,0.00000000,0.00000000,0.00000000,0.00000000,0.00000000,0.00000000,0.00000000,0.00000000,0.00000000,0.00000000,0.00000000,0.00000000,0.00000000,NONE
MR00452[K,c],0.00000000,0.00000000,0.00000000,0.00000000,0.00000000,0.00000000,0.00000000,0.00000000,0.00000000,0.00000000,0.00000000,0.00000000,0.00000000,0.00000000,0.00000000,0.00000000,0.00000000,0.00000000,0.00000000,0.00000000,0.00000000,0.00000000,0.00000000,0.00000000,0.00000000,0.00000000,NONE
MR00465[K,p],0.00000000,0.00000000,0.00000000,0.00000000,0.00000000,0.00000000,0.00000000,0.00000000,0.00000000,0.00000000,0.00000000,0.00000000,0.00000000,0.00000000,0.00000000,0.00000000,0.00000000,0.00000000,0.00000000,0.00000000,0.00000000,0.00000000,0.00000000,0.00000000,0.00000000,0.00000000,NONE
MR00467[K,c],0.00000000,0.00000000,0.00000000,0.00000000,0.00000000,0.00000000,0.00000000,0.00000000,0.00000000,0.00000000,0.00000000,0.00000000,0.00000000,0.00000000,0.00000000,0.00000000,0.00000000,0.00000000,0.00000000,0.00000000,0.00000000,0.00000000,0.00000000,0.00000000,0.00000000,0.00000000,NONE
MR00468[K,c],0.00000000,0.00000000,0.00000000,0.00000000,0.00000000,0.00000000,0.00000000,0.00000000,0.00000000,0.00000000,0.00000000,0.00000000,0.00000000,0.00000000,0.00000000,0.00000000,0.00000000,0.00000000,0.00000000,0.00000000,0.00000000,0.00000000,0.00000000,0.00000000,0.00000000,0.00000000,NONE
MR00470[K,c],0.00000000,0.00000000,0.00000000,0.00000000,0.00000000,0.00000000,0.00000000,0.00000000,0.00000000,0.00000000,0.00000000,0.00000000,0.00000000,0.00000000,0.00000000,0.00000000,0.00000000,0.00000000,0.00000000,0.00000000,0.00000000,0.00000000,0.00000000,0.00000000,0.00000000,0.00000000,NONE
MR00470[K,m],0.00000000,0.00000000,0.00000000,0.00000000,0.00000000,0.00000000,0.00000000,0.00000000,0.00000000,0.00000000,0.00000000,0.00000000,0.00000000,0.00000000,0.00000000,0.00000000,0.00000000,0.00000000,0.00000000,0.00000000,0.00000000,0.00000000,0.00000000,0.00000000,0.00000000,0.00000000,NONE
MR00474[K,p],0.00000000,0.00000000,0.00000000,0.00000000,0.00000000,0.00000000,0.00000000,0.00000000,0.00000000,0.00000000,0.00000000,0.00000000,0.00000000,0.00000000,0.00000000,0.00000000,0.00000000,0.00000000,0.00000000,0.00000000,0.00000000,0.00000000,0.00000000,0.00000000,0.00000000,0.00000000,NONE
MR00476[K,c],0.00000000,0.00000000,0.00000000,0.00000000,0.00000000,0.00000000,0.00000000,0.00000000,0.00000000,0.00000000,0.00000000,0.00000000,0.00000000,0.00000000,0.00000000,0.00000000,0.00000000,0.00000000,0.00000000,0.00000000,0.00000000,0.00000000,0.00000000,0.00000000,0.00000000,0.00000000,NONE
MR00479[K,p],0.00000000,0.00000000,0.00000000,0.00000000,0.00000000,0.00000000,0.00000000,0.00000000,0.00000000,0.00000000,0.00000000,0.00000000,0.00000000,0.00000000,0.00000000,0.00000000,0.00000000,0.00000000,0.00000000,0.00000000,0.00000000,0.00000000,0.00000000,0.00000000,0.00000000,0.00000000,NONE
MR00480[K,m],0.00000000,0.00000000,0.00000000,0.00000000,0.00000000,0.00000000,0.00000000,0.00000000,0.00000000,0.00000000,0.00000000,0.00000000,0.00000000,0.00000000,0.00000000,0.00000000,0.00000000,0.00000000,0.00000000,0.00000000,0.00000000,0.00000000,0.00000000,0.00000000,0.00000000,0.00000000,NONE
MR00480[K,p],0.00000000,0.00000000,0.00000000,0.00000000,0.00000000,0.00000000,0.00000000,0.00000000,0.00000000,0.00000000,0.00000000,0.00000000,0.00000000,0.00000000,0.00000000,0.00000000,0.00000000,0.00000000,0.00000000,0.00000000,0.00000000,0.00000000,0.00000000,0.00000000,0.00000000,0.00000000,NONE
MR00488[K,p],0.00000000,0.00000000,0.00000000,0.00000000,0.00000000,0.00000000,0.00000000,0.00000000,0.00000000,0.00000000,0.00000000,0.00000000,0.00000000,0.00000000,0.00000000,0.00000000,0.00000000,0.00000000,0.00000000,0.00000000,0.00000000,0.00000000,0.00000000,0.00000000,0.00000000,0.00000000,NONE
MR00505[K,c],0.00000000,0.00000000,0.00000000,0.00000000,0.00000000,0.00000000,0.00000000,0.00000000,0.00000000,0.00000000,0.00000000,0.00000000,0.00000000,0.00000000,0.00000000,0.00000000,0.00000000,0.00000000,0.00000000,0.00000000,0.00000000,0.00000000,0.00000000,0.00000000,0.00000000,0.00000000,NONE
MR00507[K,p],0.00000000,0.00000000,0.00000000,0.00000000,0.00000000,0.00000000,0.00000000,0.00000000,0.00000000,0.00000000,0.00000000,0.00000000,0.00000000,0.00000000,0.00000000,0.00000000,0.00000000,0.00000000,0.00000000,0.00000000,0.00000000,0.00000000,0.00000000,0.00000000,0.00000000,0.00000000,NONE
MR00509[K,c],0.00000000,0.00000000,0.00000000,0.00000000,0.00000000,0.00000000,0.00000000,0.00000000,0.00000000,0.00000000,0.00000000,0.00000000,0.00000000,0.00000000,0.00000000,0.00000000,0.00000000,0.00000000,0.00000000,0.00000000,0.00000000,0.00000000,0.00000000,0.00000000,0.00000000,0.00000000,NONE
MR00515[K,m],0.00000000,0.00000000,0.00000000,0.00000000,0.00000000,0.00000000,0.00000000,0.00000000,0.00000000,0.00000000,0.00000000,0.00000000,0.00000000,0.00000000,0.00000000,0.00000000,0.00000000,0.00000000,0.00000000,0.00000000,0.00000000,0.00000000,0.00000000,0.00000000,0.00000000,0.00000000,NONE
MR00515[K,p],0.00000000,0.00000000,0.00000000,0.00000000,0.00000000,0.00000000,0.00000000,0.00000000,0.00000000,0.00000000,0.00000000,0.00000000,0.00000000,0.00000000,0.00000000,0.00000000,0.00000000,0.00000000,0.00000000,0.00000000,0.00000000,0.00000000,0.00000000,0.00000000,0.00000000,0.00000000,NONE
MR00519[K,p],0.00000000,0.00000000,0.00000000,0.00000000,0.00000000,0.00000000,0.00000000,0.00000000,0.00000000,0.00000000,0.00000000,0.00000000,0.00000000,0.00000000,0.00000000,0.00000000,0.00000000,0.00000000,0.00000000,0.00000000,0.00000000,0.00000000,0.00000000,0.00000000,0.00000000,0.00000000,NONE
MR00524[K,c],0.00000000,0.00000000,0.00000000,0.00000000,0.00000000,0.00000000,0.00000000,0.00000000,0.00000000,0.00000000,0.00000000,0.00000000,0.00000000,0.00000000,0.00000000,0.00000000,0.00000000,0.00000000,0.00000000,0.00000000,0.00000000,0.00000000,0.00000000,0.00000000,0.00000000,0.00000000,NONE
MR00526[K,p],0.00000000,0.00000000,0.00000000,0.00000000,0.00000000,0.00000000,0.00000000,0.00000000,0.00000000,0.00000000,0.00000000,0.00000000,0.00000000,0.00000000,0.00000000,0.00000000,0.00000000,0.00000000,0.00000000,0.00000000,0.00000000,0.00000000,0.00000000,0.00000000,0.00000000,0.00000000,NONE
MR00528[K,m],0.00000000,0.00000000,0.00000000,0.00000000,0.00000000,0.00000000,0.00000000,0.00000000,0.00000000,0.00000000,0.00000000,0.00000000,0.00000000,0.00000000,0.00000000,0.00000000,0.00000000,0.00000000,0.00000000,0.00000000,0.00000000,0.00000000,0.00000000,0.00000000,0.00000000,0.00000000,NONE
MR00528[K,p],0.00000000,0.00000000,0.00000000,0.00000000,0.00000000,0.00000000,0.00000000,0.00000000,0.00000000,0.00000000,0.00000000,0.00000000,0.00000000,0.00000000,0.00000000,0.00000000,0.00000000,0.00000000,0.00000000,0.00000000,0.00000000,0.00000000,0.00000000,0.00000000,0.00000000,0.00000000,NONE
MR00529[K,p],0.00000000,0.00000000,0.00000000,0.00000000,0.00000000,0.00000000,0.00000000,0.00000000,0.00000000,0.00000000,0.00000000,0.00000000,0.00000000,0.00000000,0.00000000,0.00000000,0.00000000,0.00000000,0.00000000,0.00000000,0.00000000,0.00000000,0.00000000,0.00000000,0.00000000,0.00000000,NONE
MR00531[K,c],0.00000000,0.00000000,0.00000000,0.00000000,0.00000000,0.00000000,0.00000000,0.00000000,0.00000000,0.00000000,0.00000000,0.00000000,0.00000000,0.00000000,0.00000000,0.00000000,0.00000000,0.00000000,0.00000000,0.00000000,0.00000000,0.00000000,0.00000000,0.00000000,0.00000000,0.00000000,NONE
MR00533[K,m],0.00000000,0.00000000,0.00000000,0.00000000,0.00000000,0.00000000,0.00000000,0.00000000,0.00000000,0.00000000,0.00000000,0.00000000,0.00000000,0.00000000,0.00000000,0.00000000,0.00000000,0.00000000,0.00000000,0.00000000,0.00000000,0.00000000,0.00000000,0.00000000,0.00000000,0.00000000,NONE
MR00534[K,p],0.00000000,0.00000000,0.00000000,0.00000000,0.00000000,0.00000000,0.00000000,0.00000000,0.00000000,0.00000000,0.00000000,0.00000000,0.00000000,0.00000000,0.00000000,0.00000000,0.00000000,0.00000000,0.00000000,0.00000000,0.00000000,0.00000000,0.00000000,0.00000000,0.00000000,0.00000000,NONE
MR00535[K,c],0.00000000,0.00000000,0.00000000,0.00000000,0.00000000,0.00000000,0.00000000,0.00000000,0.00000000,0.00000000,0.00000000,0.00000000,0.00000000,0.00000000,0.00000000,0.00000000,0.00000000,0.00000000,0.00000000,0.00000000,0.00000000,0.00000000,0.00000000,0.00000000,0.00000000,0.00000000,NONE
MR00537[K,c],0.00000000,0.00000000,0.00000000,0.00000000,0.00000000,0.00000000,0.00000000,0.00000000,0.00000000,0.00000000,0.00000000,0.00000000,0.00000000,0.00000000,0.00000000,0.00000000,0.00000000,0.00000000,0.00000000,0.00000000,0.00000000,0.00000000,0.00000000,0.00000000,0.00000000,0.00000000,NONE
MR00542[K,c],0.00000000,0.00000000,0.00000000,0.00000000,0.00000000,0.00000000,0.00000000,0.00000000,0.00000000,0.00000000,0.00000000,0.00000000,0.00000000,0.00000000,0.00000000,0.00000000,0.00000000,0.00000000,0.00000000,0.00000000,0.00000000,0.00000000,0.00000000,0.00000000,0.00000000,0.00000000,NONE
MR00551[K,c],0.00000000,0.00000000,0.00000000,0.00000000,0.00000000,0.00000000,0.00000000,0.00000000,0.00000000,0.00000000,0.00000000,0.00000000,0.00000000,0.00000000,0.00000000,0.00000000,0.00000000,0.00000000,0.00000000,0.00000000,0.00000000,0.00000000,0.00000000,0.00000000,0.00000000,0.00000000,NONE
MR00552[K,c],0.00000000,0.00000000,0.00000000,0.00000000,0.00000000,0.00000000,0.00000000,0.00000000,0.00000000,0.00000000,0.00000000,0.00000000,0.00000000,0.00000000,0.00000000,0.00000000,0.00000000,0.00000000,0.00000000,0.00000000,0.00000000,0.00000000,0.00000000,0.00000000,0.00000000,0.00000000,NONE
MR00553[K,m],0.00000000,0.00000000,0.00000000,0.00000000,0.00000000,0.00000000,0.00000000,0.00000000,0.00000000,0.00000000,0.00000000,0.00000000,0.00000000,0.00000000,0.00000000,0.00000000,0.00000000,0.00000000,0.00000000,0.00000000,0.00000000,0.00000000,0.00000000,0.00000000,0.00000000,0.00000000,NONE
MR00554[K,p],0.00000000,0.00000000,0.00000000,0.00000000,0.00000000,0.00000000,0.00000000,0.00000000,0.00000000,0.00000000,0.00000000,0.00000000,0.00000000,0.00000000,0.00000000,0.00000000,0.00000000,0.00000000,0.00000000,0.00000000,0.00000000,0.00000000,0.00000000,0.00000000,0.00000000,0.00000000,NONE
MR00560[K,p],0.00000000,0.00000000,0.00000000,0.00000000,0.00000000,0.00000000,0.00000000,0.00000000,0.00000000,0.00000000,0.00000000,0.00000000,0.00000000,0.00000000,0.00000000,0.00000000,0.00000000,0.00000000,0.00000000,0.00000000,0.00000000,0.00000000,0.00000000,0.00000000,0.00000000,0.00000000,NONE
MR00572[K,c],0.00000000,0.00000000,0.00000000,0.00000000,0.00000000,0.00000000,0.00000000,0.00000000,0.00000000,0.00000000,0.00000000,0.00000000,0.00000000,0.00000000,0.00000000,0.00000000,0.00000000,0.00000000,0.00000000,0.00000000,0.00000000,0.00000000,0.00000000,0.00000000,0.00000000,0.00000000,NONE
MR00572[K,x],0.00000000,0.00000000,0.00000000,0.00000000,0.00000000,0.00000000,0.00000000,0.00000000,0.00000000,0.00000000,0.00000000,0.00000000,0.00000000,0.00000000,0.00000000,0.00000000,0.00000000,0.00000000,0.00000000,0.00000000,0.00000000,0.00000000,0.00000000,0.00000000,0.00000000,0.00000000,NONE
MR00574[K,c],0.00000000,0.00000000,0.00000000,0.00000000,0.00000000,0.00000000,0.00000000,0.00000000,0.00000000,0.00000000,0.00000000,0.00000000,0.00000000,0.00000000,0.00000000,0.00000000,0.00000000,0.00000000,0.00000000,0.00000000,0.00000000,0.00000000,0.00000000,0.00000000,0.00000000,0.00000000,NONE
MR00579[K,c],0.00000000,0.00000000,0.00000000,0.00000000,0.00000000,0.00000000,0.00000000,0.00000000,0.00000000,0.00000000,0.00000000,0.00000000,0.00000000,0.00000000,0.00000000,0.00000000,0.00000000,0.00000000,0.00000000,0.00000000,0.00000000,0.00000000,0.00000000,0.00000000,0.00000000,0.00000000,NONE
MR00581[K,m],0.00000000,0.00000000,0.00000000,0.00000000,0.00000000,0.00000000,0.00000000,0.00000000,0.00000000,0.00000000,0.00000000,0.00000000,0.00000000,0.00000000,0.00000000,0.00000000,0.00000000,0.00000000,0.00000000,0.00000000,0.00000000,0.00000000,0.00000000,0.00000000,0.00000000,0.00000000,NONE
MR00582[K,m],0.00000000,0.00000000,0.00000000,0.00000000,0.00000000,0.00000000,0.00000000,0.00000000,0.00000000,0.00000000,0.00000000,0.00000000,0.00000000,0.00000000,0.00000000,0.00000000,0.00000000,0.00000000,0.00000000,0.00000000,0.00000000,0.00000000,0.00000000,0.00000000,0.00000000,0.00000000,NONE
MR00593[K,c],0.00000000,0.00000000,0.00000000,0.00000000,0.00000000,0.00000000,0.00000000,0.00000000,0.00000000,0.00000000,0.00000000,0.00000000,0.00000000,0.00000000,0.00000000,0.00000000,0.00000000,0.00000000,0.00000000,0.00000000,0.00000000,0.00000000,0.00000000,0.00000000,0.00000000,0.00000000,NONE
MR00597[K,c],0.00000000,0.00000000,0.00000000,0.00000000,0.00000000,0.00000000,0.00000000,0.00000000,0.00000000,0.00000000,0.00000000,0.00000000,0.00000000,0.00000000,0.00000000,0.00000000,0.00000000,0.00000000,0.00000000,0.00000000,0.00000000,0.00000000,0.00000000,0.00000000,0.00000000,0.00000000,NONE
MR00598[K,c],0.00000000,0.00000000,0.00000000,0.00000000,0.00000000,0.00000000,0.00000000,0.00000000,0.00000000,0.00000000,0.00000000,0.00000000,0.00000000,0.00000000,0.00000000,0.00000000,0.00000000,0.00000000,0.00000000,0.00000000,0.00000000,0.00000000,0.00000000,0.00000000,0.00000000,0.00000000,NONE
MR00598[K,p],0.00000000,0.00000000,0.00000000,0.00000000,0.00000000,0.00000000,0.00000000,0.00000000,0.00000000,0.00000000,0.00000000,0.00000000,0.00000000,0.00000000,0.00000000,0.00000000,0.00000000,0.00000000,0.00000000,0.00000000,0.00000000,0.00000000,0.00000000,0.00000000,0.00000000,0.00000000,NONE
MR00599[K,c],0.00000000,0.00000000,0.00000000,0.00000000,0.00000000,0.00000000,0.00000000,0.00000000,0.00000000,0.00000000,0.00000000,0.00000000,0.00000000,0.00000000,0.00000000,0.00000000,0.00000000,0.00000000,0.00000000,0.00000000,0.00000000,0.00000000,0.00000000,0.00000000,0.00000000,0.00000000,NONE
MR00602[K,p],0.00000000,0.00000000,0.00000000,0.00000000,0.00000000,0.00000000,0.00000000,0.00000000,0.00000000,0.00000000,0.00000000,0.00000000,0.00000000,0.00000000,0.00000000,0.00000000,0.00000000,0.00000000,0.00000000,0.00000000,0.00000000,0.00000000,0.00000000,0.00000000,0.00000000,0.00000000,NONE
MR00606[K,p],0.00000000,0.00000000,0.00000000,0.00000000,0.00000000,0.00000000,0.00000000,0.00000000,0.00000000,0.00000000,0.00000000,0.00000000,0.00000000,0.00000000,0.00000000,0.00000000,0.00000000,0.00000000,0.00000000,0.00000000,0.00000000,0.00000000,0.00000000,0.00000000,0.00000000,0.00000000,NONE
MR00615[K,c],0.00000000,0.00000000,0.00000000,0.00000000,0.00000000,0.00000000,0.00000000,0.00000000,0.00000000,0.00000000,0.00000000,0.00000000,0.00000000,0.00000000,0.00000000,0.00000000,0.00000000,0.00000000,0.00000000,0.00000000,0.00000000,0.00000000,0.00000000,0.00000000,0.00000000,0.00000000,NONE
MR00620[K,c],0.00000000,0.00000000,0.00000000,0.00000000,0.00000000,0.00000000,0.00000000,0.00000000,0.00000000,0.00000000,0.00000000,0.00000000,0.00000000,0.00000000,0.00000000,0.00000000,0.00000000,0.00000000,0.00000000,0.00000000,0.00000000,0.00000000,0.00000000,0.00000000,0.00000000,0.00000000,NONE
MR00632[K,c],0.00000000,0.00000000,0.00000000,0.00000000,0.00000000,0.00000000,0.00000000,0.00000000,0.00000000,0.00000000,0.00000000,0.00000000,0.00000000,0.00000000,0.00000000,0.00000000,0.00000000,0.00000000,0.00000000,0.00000000,0.00000000,0.00000000,0.00000000,0.00000000,0.00000000,0.00000000,NONE
MR00665[K,c],0.00000000,0.00000000,0.00000000,0.00000000,0.00000000,0.00000000,0.00000000,0.00000000,0.00000000,0.00000000,0.00000000,0.00000000,0.00000000,0.00000000,0.00000000,0.00000000,0.00000000,0.00000000,0.00000000,0.00000000,0.00000000,0.00000000,0.00000000,0.00000000,0.00000000,0.00000000,NONE
MR00667[K,c],0.00000000,0.00000000,0.00000000,0.00000000,0.00000000,0.00000000,0.00000000,0.00000000,0.00000000,0.00000000,0.00000000,0.00000000,0.00000000,0.00000000,0.00000000,0.00000000,0.00000000,0.00000000,0.00000000,0.00000000,0.00000000,0.00000000,0.00000000,0.00000000,0.00000000,0.00000000,NONE
MR00667[K,m],0.00000000,0.00000000,0.00000000,0.00000000,0.00000000,0.00000000,0.00000000,0.00000000,0.00000000,0.00000000,0.00000000,0.00000000,0.00000000,0.00000000,0.00000000,0.00000000,0.00000000,0.00000000,0.00000000,0.00000000,0.00000000,0.00000000,0.00000000,0.00000000,0.00000000,0.00000000,NONE
MR00670[K,c],0.00000000,0.00000000,0.00000000,0.00000000,0.00000000,0.00000000,0.00000000,0.00000000,0.00000000,0.00000000,0.00000000,0.00000000,0.00000000,0.00000000,0.00000000,0.00000000,0.00000000,0.00000000,0.00000000,0.00000000,0.00000000,0.00000000,0.00000000,0.00000000,0.00000000,0.00000000,NONE
MR00671[K,c],0.00000000,0.00000000,0.00000000,0.00000000,0.00000000,0.00000000,0.00000000,0.00000000,0.00000000,0.00000000,0.00000000,0.00000000,0.00000000,0.00000000,0.00000000,0.00000000,0.00000000,0.00000000,0.00000000,0.00000000,0.00000000,0.00000000,0.00000000,0.00000000,0.00000000,0.00000000,NONE
MR00674[K,p],0.00000000,0.00000000,0.00000000,0.00000000,0.00000000,0.00000000,0.00000000,0.00000000,0.00000000,0.00000000,0.00000000,0.00000000,0.00000000,0.00000000,0.00000000,0.00000000,0.00000000,0.00000000,0.00000000,0.00000000,0.00000000,0.00000000,0.00000000,0.00000000,0.00000000,0.00000000,NONE
MR00675[K,c],0.00000000,0.00000000,0.00000000,0.00000000,0.00000000,0.00000000,0.00000000,0.00000000,0.00000000,0.00000000,0.00000000,0.00000000,0.00000000,0.00000000,0.00000000,0.00000000,0.00000000,0.00000000,0.00000000,0.00000000,0.00000000,0.00000000,0.00000000,0.00000000,0.00000000,0.00000000,NONE
MR00677[K,c],0.00000000,0.00000000,0.00000000,0.00000000,0.00000000,0.00000000,0.00000000,0.00000000,0.00000000,0.00000000,0.00000000,0.00000000,0.00000000,0.00000000,0.00000000,0.00000000,0.00000000,0.00000000,0.00000000,0.00000000,0.00000000,0.00000000,0.00000000,0.00000000,0.00000000,0.00000000,NONE
MR00678[K,x],0.00000000,0.00000000,0.00000000,0.00000000,0.00000000,0.00000000,0.00000000,0.00000000,0.00000000,0.00000000,0.00000000,0.00000000,0.00000000,0.00000000,0.00000000,0.00000000,0.00000000,0.00000000,0.00000000,0.00000000,0.00000000,0.00000000,0.00000000,0.00000000,0.00000000,0.00000000,NONE
MR00679[K,x],0.00000000,0.00000000,0.00000000,0.00000000,0.00000000,0.00000000,0.00000000,0.00000000,0.00000000,0.00000000,0.00000000,0.00000000,0.00000000,0.00000000,0.00000000,0.00000000,0.00000000,0.00000000,0.00000000,0.00000000,0.00000000,0.00000000,0.00000000,0.00000000,0.00000000,0.00000000,NONE
MR00680[K,c],0.00000000,0.00000000,0.00000000,0.00000000,0.00000000,0.00000000,0.00000000,0.00000000,0.00000000,0.00000000,0.00000000,0.00000000,0.00000000,0.00000000,0.00000000,0.00000000,0.00000000,0.00000000,0.00000000,0.00000000,0.00000000,0.00000000,0.00000000,0.00000000,0.00000000,0.00000000,NONE
MR00683[K,p],0.00000000,0.00000000,0.00000000,0.00000000,0.00000000,0.00000000,0.00000000,0.00000000,0.00000000,0.00000000,0.00000000,0.00000000,0.00000000,0.00000000,0.00000000,0.00000000,0.00000000,0.00000000,0.00000000,0.00000000,0.00000000,0.00000000,0.00000000,0.00000000,0.00000000,0.00000000,NONE
MR00686[K,p],0.00000000,0.00000000,0.00000000,0.00000000,0.00000000,0.00000000,0.00000000,0.00000000,0.00000000,0.00000000,0.00000000,0.00000000,0.00000000,0.00000000,0.00000000,0.00000000,0.00000000,0.00000000,0.00000000,0.00000000,0.00000000,0.00000000,0.00000000,0.00000000,0.00000000,0.00000000,NONE
MR00697[K,p],0.00000000,0.00000000,0.00000000,0.00000000,0.00000000,0.00000000,0.00000000,0.00000000,0.00000000,0.00000000,0.00000000,0.00000000,0.00000000,0.00000000,0.00000000,0.00000000,0.00000000,0.00000000,0.00000000,0.00000000,0.00000000,0.00000000,0.00000000,0.00000000,0.00000000,0.00000000,NONE
MR00700[K,p],0.00000000,0.00000000,0.00000000,0.00000000,0.00000000,0.00000000,0.00000000,0.00000000,0.00000000,0.00000000,0.00000000,0.00000000,0.00000000,0.00000000,0.00000000,0.00000000,0.00000000,0.00000000,0.00000000,0.00000000,0.00000000,0.00000000,0.00000000,0.00000000,0.00000000,0.00000000,NONE
MR00701[K,p],0.00000000,0.00000000,0.00000000,0.00000000,0.00000000,0.00000000,0.00000000,0.00000000,0.00000000,0.00000000,0.00000000,0.00000000,0.00000000,0.00000000,0.00000000,0.00000000,0.00000000,0.00000000,0.00000000,0.00000000,0.00000000,0.00000000,0.00000000,0.00000000,0.00000000,0.00000000,NONE
MR00704[K,m],0.00000000,0.00000000,0.00000000,0.00000000,0.00000000,0.00000000,0.00000000,0.00000000,0.00000000,0.00000000,0.00000000,0.00000000,0.00000000,0.00000000,0.00000000,0.00000000,0.00000000,0.00000000,0.00000000,0.00000000,0.00000000,0.00000000,0.00000000,0.00000000,0.00000000,0.00000000,NONE
MR00707[K,c],0.00000000,0.00000000,0.00000000,0.00000000,0.00000000,0.00000000,0.00000000,0.00000000,0.00000000,0.00000000,0.00000000,0.00000000,0.00000000,0.00000000,0.00000000,0.00000000,0.00000000,0.00000000,0.00000000,0.00000000,0.00000000,0.00000000,0.00000000,0.00000000,0.00000000,0.00000000,NONE
MR00712[K,c],0.00000000,0.00000000,0.00000000,0.00000000,0.00000000,0.00000000,0.00000000,0.00000000,0.00000000,0.00000000,0.00000000,0.00000000,0.00000000,0.00000000,0.00000000,0.00000000,0.00000000,0.00000000,0.00000000,0.00000000,0.00000000,0.00000000,0.00000000,0.00000000,0.00000000,0.00000000,NONE
MR00715[K,c],0.00000000,0.00000000,0.00000000,0.00000000,0.00000000,0.00000000,0.00000000,0.00000000,0.00000000,0.00000000,0.00000000,0.00000000,0.00000000,0.00000000,0.00000000,0.00000000,0.00000000,0.00000000,0.00000000,0.00000000,0.00000000,0.00000000,0.00000000,0.00000000,0.00000000,0.00000000,NONE
MR00716[K,p],0.00000000,0.00000000,0.00000000,0.00000000,0.00000000,0.00000000,0.00000000,0.00000000,0.00000000,0.00000000,0.00000000,0.00000000,0.00000000,0.00000000,0.00000000,0.00000000,0.00000000,0.00000000,0.00000000,0.00000000,0.00000000,0.00000000,0.00000000,0.00000000,0.00000000,0.00000000,NONE
MR00718[K,m],0.00000000,0.00000000,0.00000000,0.00000000,0.00000000,0.00000000,0.00000000,0.00000000,0.00000000,0.00000000,0.00000000,0.00000000,0.00000000,0.00000000,0.00000000,0.00000000,0.00000000,0.00000000,0.00000000,0.00000000,0.00000000,0.00000000,0.00000000,0.00000000,0.00000000,0.00000000,NONE
MR00719[K,c],0.00000000,0.00000000,0.00000000,0.00000000,0.00000000,0.00000000,0.00000000,0.00000000,0.00000000,0.00000000,0.00000000,0.00000000,0.00000000,0.00000000,0.00000000,0.00000000,0.00000000,0.00000000,0.00000000,0.00000000,0.00000000,0.00000000,0.00000000,0.00000000,0.00000000,0.00000000,NONE
MR00720[K,c],0.00000000,0.00000000,0.00000000,0.00000000,0.00000000,0.00000000,0.00000000,0.00000000,0.00000000,0.00000000,0.00000000,0.00000000,0.00000000,0.00000000,0.00000000,0.00000000,0.00000000,0.00000000,0.00000000,0.00000000,0.00000000,0.00000000,0.00000000,0.00000000,0.00000000,0.00000000,NONE
MR00723[K,c],0.00000000,0.00000000,0.00000000,0.00000000,0.00000000,0.00000000,0.00000000,0.00000000,0.00000000,0.00000000,0.00000000,0.00000000,0.00000000,0.00000000,0.00000000,0.00000000,0.00000000,0.00000000,0.00000000,0.00000000,0.00000000,0.00000000,0.00000000,0.00000000,0.00000000,0.00000000,NONE
MR00725[K,c],0.00000000,0.00000000,0.00000000,0.00000000,0.00000000,0.00000000,0.00000000,0.00000000,0.00000000,0.00000000,0.00000000,0.00000000,0.00000000,0.00000000,0.00000000,0.00000000,0.00000000,0.00000000,0.00000000,0.00000000,0.00000000,0.00000000,0.00000000,0.00000000,0.00000000,0.00000000,NONE
MR00726[K,c],0.00000000,0.00000000,0.00000000,0.00000000,0.00000000,0.00000000,0.00000000,0.00000000,0.00000000,0.00000000,0.00000000,0.00000000,0.00000000,0.00000000,0.00000000,0.00000000,0.00000000,0.00000000,0.00000000,0.00000000,0.00000000,0.00000000,0.00000000,0.00000000,0.00000000,0.00000000,NONE
MR00730[K,c],0.00000000,0.00000000,0.00000000,0.00000000,0.00000000,0.00000000,0.00000000,0.00000000,0.00000000,0.00000000,0.00000000,0.00000000,0.00000000,0.00000000,0.00000000,0.00000000,0.00000000,0.00000000,0.00000000,0.00000000,0.00000000,0.00000000,0.00000000,0.00000000,0.00000000,0.00000000,NONE
MR00731[K,c],0.00000000,0.00000000,0.00000000,0.00000000,0.00000000,0.00000000,0.00000000,0.00000000,0.00000000,0.00000000,0.00000000,0.00000000,0.00000000,0.00000000,0.00000000,0.00000000,0.00000000,0.00000000,0.00000000,0.00000000,0.00000000,0.00000000,0.00000000,0.00000000,0.00000000,0.00000000,NONE
MR00732[K,m],0.00000000,0.00000000,0.00000000,0.00000000,0.00000000,0.00000000,0.00000000,0.00000000,0.00000000,0.00000000,0.00000000,0.00000000,0.00000000,0.00000000,0.00000000,0.00000000,0.00000000,0.00000000,0.00000000,0.00000000,0.00000000,0.00000000,0.00000000,0.00000000,0.00000000,0.00000000,NONE
MR00733[K,c],0.00000000,0.00000000,0.00000000,0.00000000,0.00000000,0.00000000,0.00000000,0.00000000,0.00000000,0.00000000,0.00000000,0.00000000,0.00000000,0.00000000,0.00000000,0.00000000,0.00000000,0.00000000,0.00000000,0.00000000,0.00000000,0.00000000,0.00000000,0.00000000,0.00000000,0.00000000,NONE
MR00734[K,c],0.00000000,0.00000000,0.00000000,0.00000000,0.00000000,0.00000000,0.00000000,0.00000000,0.00000000,0.00000000,0.00000000,0.00000000,0.00000000,0.00000000,0.00000000,0.00000000,0.00000000,0.00000000,0.00000000,0.00000000,0.00000000,0.00000000,0.00000000,0.00000000,0.00000000,0.00000000,NONE
MR00734[K,m],0.00000000,0.00000000,0.00000000,0.00000000,0.00000000,0.00000000,0.00000000,0.00000000,0.00000000,0.00000000,0.00000000,0.00000000,0.00000000,0.00000000,0.00000000,0.00000000,0.00000000,0.00000000,0.00000000,0.00000000,0.00000000,0.00000000,0.00000000,0.00000000,0.00000000,0.00000000,NONE
MR00734[K,p],0.00000000,0.00000000,0.00000000,0.00000000,0.00000000,0.00000000,0.00000000,0.00000000,0.00000000,0.00000000,0.00000000,0.00000000,0.00000000,0.00000000,0.00000000,0.00000000,0.00000000,0.00000000,0.00000000,0.00000000,0.00000000,0.00000000,0.00000000,0.00000000,0.00000000,0.00000000,NONE
MR00735[K,c],0.00000000,0.00000000,0.00000000,0.00000000,0.00000000,0.00000000,0.00000000,0.00000000,0.00000000,0.00000000,0.00000000,0.00000000,0.00000000,0.00000000,0.00000000,0.00000000,0.00000000,0.00000000,0.00000000,0.00000000,0.00000000,0.00000000,0.00000000,0.00000000,0.00000000,0.00000000,NONE
MR00735[K,p],0.00000000,0.00000000,0.00000000,0.00000000,0.00000000,0.00000000,0.00000000,0.00000000,0.00000000,0.00000000,0.00000000,0.00000000,0.00000000,0.00000000,0.00000000,0.00000000,0.00000000,0.00000000,0.00000000,0.00000000,0.00000000,0.00000000,0.00000000,0.00000000,0.00000000,0.00000000,NONE
MR00736[K,c],0.00000000,0.00000000,0.00000000,0.00000000,0.00000000,0.00000000,0.00000000,0.00000000,0.00000000,0.00000000,0.00000000,0.00000000,0.00000000,0.00000000,0.00000000,0.00000000,0.00000000,0.00000000,0.00000000,0.00000000,0.00000000,0.00000000,0.00000000,0.00000000,0.00000000,0.00000000,NONE
MR00736[K,p],0.00000000,0.00000000,0.00000000,0.00000000,0.00000000,0.00000000,0.00000000,0.00000000,0.00000000,0.00000000,0.00000000,0.00000000,0.00000000,0.00000000,0.00000000,0.00000000,0.00000000,0.00000000,0.00000000,0.00000000,0.00000000,0.00000000,0.00000000,0.00000000,0.00000000,0.00000000,NONE
MR00738[K,c],0.00000000,0.00000000,0.00000000,0.00000000,0.00000000,0.00000000,0.00000000,0.00000000,0.00000000,0.00000000,0.00000000,0.00000000,0.00000000,0.00000000,0.00000000,0.00000000,0.00000000,0.00000000,0.00000000,0.00000000,0.00000000,0.00000000,0.00000000,0.00000000,0.00000000,0.00000000,NONE
MR00739[K,c],0.00000000,0.00000000,0.00000000,0.00000000,0.00000000,0.00000000,0.00000000,0.00000000,0.00000000,0.00000000,0.00000000,0.00000000,0.00000000,0.00000000,0.00000000,0.00000000,0.00000000,0.00000000,0.00000000,0.00000000,0.00000000,0.00000000,0.00000000,0.00000000,0.00000000,0.00000000,NONE
MR00741[K,x],0.00000000,0.00000000,0.00000000,0.00000000,0.00000000,0.00000000,0.00000000,0.00000000,0.00000000,0.00000000,0.00000000,0.00000000,0.00000000,0.00000000,0.00000000,0.00000000,0.00000000,0.00000000,0.00000000,0.00000000,0.00000000,0.00000000,0.00000000,0.00000000,0.00000000,0.00000000,NONE
MR00743[K,c],0.00000000,0.00000000,0.00000000,0.00000000,0.00000000,0.00000000,0.00000000,0.00000000,0.00000000,0.00000000,0.00000000,0.00000000,0.00000000,0.00000000,0.00000000,0.00000000,0.00000000,0.00000000,0.00000000,0.00000000,0.00000000,0.00000000,0.00000000,0.00000000,0.00000000,0.00000000,NONE
MR00743[K,m],0.00000000,0.00000000,0.00000000,0.00000000,0.00000000,0.00000000,0.00000000,0.00000000,0.00000000,0.00000000,0.00000000,0.00000000,0.00000000,0.00000000,0.00000000,0.00000000,0.00000000,0.00000000,0.00000000,0.00000000,0.00000000,0.00000000,0.00000000,0.00000000,0.00000000,0.00000000,NONE
MR00748[K,p],0.00000000,0.00000000,0.00000000,0.00000000,0.00000000,0.00000000,0.00000000,0.00000000,0.00000000,0.00000000,0.00000000,0.00000000,0.00000000,0.00000000,0.00000000,0.00000000,0.00000000,0.00000000,0.00000000,0.00000000,0.00000000,0.00000000,0.00000000,0.00000000,0.00000000,0.00000000,NONE
MR00749[K,p],0.00000000,0.00000000,0.00000000,0.00000000,0.00000000,0.00000000,0.00000000,0.00000000,0.00000000,0.00000000,0.00000000,0.00000000,0.00000000,0.00000000,0.00000000,0.00000000,0.00000000,0.00000000,0.00000000,0.00000000,0.00000000,0.00000000,0.00000000,0.00000000,0.00000000,0.00000000,NONE
MR00750[K,c],0.00000000,0.00000000,0.00000000,0.00000000,0.00000000,0.00000000,0.00000000,0.00000000,0.00000000,0.00000000,0.00000000,0.00000000,0.00000000,0.00000000,0.00000000,0.00000000,0.00000000,0.00000000,0.00000000,0.00000000,0.00000000,0.00000000,0.00000000,0.00000000,0.00000000,0.00000000,NONE
MR00751[K,c],0.00000000,0.00000000,0.00000000,0.00000000,0.00000000,0.00000000,0.00000000,0.00000000,0.00000000,0.00000000,0.00000000,0.00000000,0.00000000,0.00000000,0.00000000,0.00000000,0.00000000,0.00000000,0.00000000,0.00000000,0.00000000,0.00000000,0.00000000,0.00000000,0.00000000,0.00000000,NONE
MR00757[K,p],0.00000000,0.00000000,0.00000000,0.00000000,0.00000000,0.00000000,0.00000000,0.00000000,0.00000000,0.00000000,0.00000000,0.00000000,0.00000000,0.00000000,0.00000000,0.00000000,0.00000000,0.00000000,0.00000000,0.00000000,0.00000000,0.00000000,0.00000000,0.00000000,0.00000000,0.00000000,NONE
MR00758[K,c],0.00000000,0.00000000,0.00000000,0.00000000,0.00000000,0.00000000,0.00000000,0.00000000,0.00000000,0.00000000,0.00000000,0.00000000,0.00000000,0.00000000,0.00000000,0.00000000,0.00000000,0.00000000,0.00000000,0.00000000,0.00000000,0.00000000,0.00000000,0.00000000,0.00000000,0.00000000,NONE
MR00759[K,p],0.00000000,0.00000000,0.00000000,0.00000000,0.00000000,0.00000000,0.00000000,0.00000000,0.00000000,0.00000000,0.00000000,0.00000000,0.00000000,0.00000000,0.00000000,0.00000000,0.00000000,0.00000000,0.00000000,0.00000000,0.00000000,0.00000000,0.00000000,0.00000000,0.00000000,0.00000000,NONE
MR00765[K,c],0.00000000,0.00000000,0.00000000,0.00000000,0.00000000,0.00000000,0.00000000,0.00000000,0.00000000,0.00000000,0.00000000,0.00000000,0.00000000,0.00000000,0.00000000,0.00000000,0.00000000,0.00000000,0.00000000,0.00000000,0.00000000,0.00000000,0.00000000,0.00000000,0.00000000,0.00000000,NONE
MR00769[K,c],0.00000000,0.00000000,0.00000000,0.00000000,0.00000000,0.00000000,0.00000000,0.00000000,0.00000000,0.00000000,0.00000000,0.00000000,0.00000000,0.00000000,0.00000000,0.00000000,0.00000000,0.00000000,0.00000000,0.00000000,0.00000000,0.00000000,0.00000000,0.00000000,0.00000000,0.00000000,NONE
MR00770[K,c],0.00000000,0.00000000,0.00000000,0.00000000,0.00000000,0.00000000,0.00000000,0.00000000,0.00000000,0.00000000,0.00000000,0.00000000,0.00000000,0.00000000,0.00000000,0.00000000,0.00000000,0.00000000,0.00000000,0.00000000,0.00000000,0.00000000,0.00000000,0.00000000,0.00000000,0.00000000,NONE
MR00771[K,c],0.00000000,0.00000000,0.00000000,0.00000000,0.00000000,0.00000000,0.00000000,0.00000000,0.00000000,0.00000000,0.00000000,0.00000000,0.00000000,0.00000000,0.00000000,0.00000000,0.00000000,0.00000000,0.00000000,0.00000000,0.00000000,0.00000000,0.00000000,0.00000000,0.00000000,0.00000000,NONE
MR00772[K,c],0.00000000,0.00000000,0.00000000,0.00000000,0.00000000,0.00000000,0.00000000,0.00000000,0.00000000,0.00000000,0.00000000,0.00000000,0.00000000,0.00000000,0.00000000,0.00000000,0.00000000,0.00000000,0.00000000,0.00000000,0.00000000,0.00000000,0.00000000,0.00000000,0.00000000,0.00000000,NONE
MR00773[K,c],0.00000000,0.00000000,0.00000000,0.00000000,0.00000000,0.00000000,0.00000000,0.00000000,0.00000000,0.00000000,0.00000000,0.00000000,0.00000000,0.00000000,0.00000000,0.00000000,0.00000000,0.00000000,0.00000000,0.00000000,0.00000000,0.00000000,0.00000000,0.00000000,0.00000000,0.00000000,NONE
MR00774[K,c],0.00000000,0.00000000,0.00000000,0.00000000,0.00000000,0.00000000,0.00000000,0.00000000,0.00000000,0.00000000,0.00000000,0.00000000,0.00000000,0.00000000,0.00000000,0.00000000,0.00000000,0.00000000,0.00000000,0.00000000,0.00000000,0.00000000,0.00000000,0.00000000,0.00000000,0.00000000,NONE
MR00775[K,c],0.00000000,0.00000000,0.00000000,0.00000000,0.00000000,0.00000000,0.00000000,0.00000000,0.00000000,0.00000000,0.00000000,0.00000000,0.00000000,0.00000000,0.00000000,0.00000000,0.00000000,0.00000000,0.00000000,0.00000000,0.00000000,0.00000000,0.00000000,0.00000000,0.00000000,0.00000000,NONE
MR00776[K,c],0.00000000,0.00000000,0.00000000,0.00000000,0.00000000,0.00000000,0.00000000,0.00000000,0.00000000,0.00000000,0.00000000,0.00000000,0.00000000,0.00000000,0.00000000,0.00000000,0.00000000,0.00000000,0.00000000,0.00000000,0.00000000,0.00000000,0.00000000,0.00000000,0.00000000,0.00000000,NONE
MR00777[K,c],0.00000000,0.00000000,0.00000000,0.00000000,0.00000000,0.00000000,0.00000000,0.00000000,0.00000000,0.00000000,0.00000000,0.00000000,0.00000000,0.00000000,0.00000000,0.00000000,0.00000000,0.00000000,0.00000000,0.00000000,0.00000000,0.00000000,0.00000000,0.00000000,0.00000000,0.00000000,NONE
MR00778[K,c],0.00000000,0.00000000,0.00000000,0.00000000,0.00000000,0.00000000,0.00000000,0.00000000,0.00000000,0.00000000,0.00000000,0.00000000,0.00000000,0.00000000,0.00000000,0.00000000,0.00000000,0.00000000,0.00000000,0.00000000,0.00000000,0.00000000,0.00000000,0.00000000,0.00000000,0.00000000,NONE
MR00779[K,c],0.00000000,0.00000000,0.00000000,0.00000000,0.00000000,0.00000000,0.00000000,0.00000000,0.00000000,0.00000000,0.00000000,0.00000000,0.00000000,0.00000000,0.00000000,0.00000000,0.00000000,0.00000000,0.00000000,0.00000000,0.00000000,0.00000000,0.00000000,0.00000000,0.00000000,0.00000000,NONE
MR00780[K,c],0.00000000,0.00000000,0.00000000,0.00000000,0.00000000,0.00000000,0.00000000,0.00000000,0.00000000,0.00000000,0.00000000,0.00000000,0.00000000,0.00000000,0.00000000,0.00000000,0.00000000,0.00000000,0.00000000,0.00000000,0.00000000,0.00000000,0.00000000,0.00000000,0.00000000,0.00000000,NONE
MR00781[K,c],0.00000000,0.00000000,0.00000000,0.00000000,0.00000000,0.00000000,0.00000000,0.00000000,0.00000000,0.00000000,0.00000000,0.00000000,0.00000000,0.00000000,0.00000000,0.00000000,0.00000000,0.00000000,0.00000000,0.00000000,0.00000000,0.00000000,0.00000000,0.00000000,0.00000000,0.00000000,NONE
MR00782[K,c],0.00000000,0.00000000,0.00000000,0.00000000,0.00000000,0.00000000,0.00000000,0.00000000,0.00000000,0.00000000,0.00000000,0.00000000,0.00000000,0.00000000,0.00000000,0.00000000,0.00000000,0.00000000,0.00000000,0.00000000,0.00000000,0.00000000,0.00000000,0.00000000,0.00000000,0.00000000,NONE
MR00783[K,c],0.00000000,0.00000000,0.00000000,0.00000000,0.00000000,0.00000000,0.00000000,0.00000000,0.00000000,0.00000000,0.00000000,0.00000000,0.00000000,0.00000000,0.00000000,0.00000000,0.00000000,0.00000000,0.00000000,0.00000000,0.00000000,0.00000000,0.00000000,0.00000000,0.00000000,0.00000000,NONE
MR00784[K,c],0.00000000,0.00000000,0.00000000,0.00000000,0.00000000,0.00000000,0.00000000,0.00000000,0.00000000,0.00000000,0.00000000,0.00000000,0.00000000,0.00000000,0.00000000,0.00000000,0.00000000,0.00000000,0.00000000,0.00000000,0.00000000,0.00000000,0.00000000,0.00000000,0.00000000,0.00000000,NONE
MR00785[K,c],0.00000000,0.00000000,0.00000000,0.00000000,0.00000000,0.00000000,0.00000000,0.00000000,0.00000000,0.00000000,0.00000000,0.00000000,0.00000000,0.00000000,0.00000000,0.00000000,0.00000000,0.00000000,0.00000000,0.00000000,0.00000000,0.00000000,0.00000000,0.00000000,0.00000000,0.00000000,NONE
MR00791[K,c],0.00000000,0.00000000,0.00000000,0.00000000,0.00000000,0.00000000,0.00000000,0.00000000,0.00000000,0.00000000,0.00000000,0.00000000,0.00000000,0.00000000,0.00000000,0.00000000,0.00000000,0.00000000,0.00000000,0.00000000,0.00000000,0.00000000,0.00000000,0.00000000,0.00000000,0.00000000,NONE
MR00792[K,c],0.00000000,0.00000000,0.00000000,0.00000000,0.00000000,0.00000000,0.00000000,0.00000000,0.00000000,0.00000000,0.00000000,0.00000000,0.00000000,0.00000000,0.00000000,0.00000000,0.00000000,0.00000000,0.00000000,0.00000000,0.00000000,0.00000000,0.00000000,0.00000000,0.00000000,0.00000000,NONE
MR00793[K,c],0.00000000,0.00000000,0.00000000,0.00000000,0.00000000,0.00000000,0.00000000,0.00000000,0.00000000,0.00000000,0.00000000,0.00000000,0.00000000,0.00000000,0.00000000,0.00000000,0.00000000,0.00000000,0.00000000,0.00000000,0.00000000,0.00000000,0.00000000,0.00000000,0.00000000,0.00000000,NONE
MR00794[K,c],0.00000000,0.00000000,0.00000000,0.00000000,0.00000000,0.00000000,0.00000000,0.00000000,0.00000000,0.00000000,0.00000000,0.00000000,0.00000000,0.00000000,0.00000000,0.00000000,0.00000000,0.00000000,0.00000000,0.00000000,0.00000000,0.00000000,0.00000000,0.00000000,0.00000000,0.00000000,NONE
MR00795[K,c],0.00000000,0.00000000,0.00000000,0.00000000,0.00000000,0.00000000,0.00000000,0.00000000,0.00000000,0.00000000,0.00000000,0.00000000,0.00000000,0.00000000,0.00000000,0.00000000,0.00000000,0.00000000,0.00000000,0.00000000,0.00000000,0.00000000,0.00000000,0.00000000,0.00000000,0.00000000,NONE
MR00796[K,c],0.00000000,0.00000000,0.00000000,0.00000000,0.00000000,0.00000000,0.00000000,0.00000000,0.00000000,0.00000000,0.00000000,0.00000000,0.00000000,0.00000000,0.00000000,0.00000000,0.00000000,0.00000000,0.00000000,0.00000000,0.00000000,0.00000000,0.00000000,0.00000000,0.00000000,0.00000000,NONE
MR00797[K,c],0.00000000,0.00000000,0.00000000,0.00000000,0.00000000,0.00000000,0.00000000,0.00000000,0.00000000,0.00000000,0.00000000,0.00000000,0.00000000,0.00000000,0.00000000,0.00000000,0.00000000,0.00000000,0.00000000,0.00000000,0.00000000,0.00000000,0.00000000,0.00000000,0.00000000,0.00000000,NONE
MR00798[K,c],0.00000000,0.00000000,0.00000000,0.00000000,0.00000000,0.00000000,0.00000000,0.00000000,0.00000000,0.00000000,0.00000000,0.00000000,0.00000000,0.00000000,0.00000000,0.00000000,0.00000000,0.00000000,0.00000000,0.00000000,0.00000000,0.00000000,0.00000000,0.00000000,0.00000000,0.00000000,NONE
MR00799[K,c],0.00000000,0.00000000,0.00000000,0.00000000,0.00000000,0.00000000,0.00000000,0.00000000,0.00000000,0.00000000,0.00000000,0.00000000,0.00000000,0.00000000,0.00000000,0.00000000,0.00000000,0.00000000,0.00000000,0.00000000,0.00000000,0.00000000,0.00000000,0.00000000,0.00000000,0.00000000,NONE
MR00800[K,c],0.00000000,0.00000000,0.00000000,0.00000000,0.00000000,0.00000000,0.00000000,0.00000000,0.00000000,0.00000000,0.00000000,0.00000000,0.00000000,0.00000000,0.00000000,0.00000000,0.00000000,0.00000000,0.00000000,0.00000000,0.00000000,0.00000000,0.00000000,0.00000000,0.00000000,0.00000000,NONE
MR00801[K,c],0.00000000,0.00000000,0.00000000,0.00000000,0.00000000,0.00000000,0.00000000,0.00000000,0.00000000,0.00000000,0.00000000,0.00000000,0.00000000,0.00000000,0.00000000,0.00000000,0.00000000,0.00000000,0.00000000,0.00000000,0.00000000,0.00000000,0.00000000,0.00000000,0.00000000,0.00000000,NONE
MR00802[K,c],0.00000000,0.00000000,0.00000000,0.00000000,0.00000000,0.00000000,0.00000000,0.00000000,0.00000000,0.00000000,0.00000000,0.00000000,0.00000000,0.00000000,0.00000000,0.00000000,0.00000000,0.00000000,0.00000000,0.00000000,0.00000000,0.00000000,0.00000000,0.00000000,0.00000000,0.00000000,NONE
MR00803[K,c],0.00000000,0.00000000,0.00000000,0.00000000,0.00000000,0.00000000,0.00000000,0.00000000,0.00000000,0.00000000,0.00000000,0.00000000,0.00000000,0.00000000,0.00000000,0.00000000,0.00000000,0.00000000,0.00000000,0.00000000,0.00000000,0.00000000,0.00000000,0.00000000,0.00000000,0.00000000,NONE
MR00804[K,c],0.00000000,0.00000000,0.00000000,0.00000000,0.00000000,0.00000000,0.00000000,0.00000000,0.00000000,0.00000000,0.00000000,0.00000000,0.00000000,0.00000000,0.00000000,0.00000000,0.00000000,0.00000000,0.00000000,0.00000000,0.00000000,0.00000000,0.00000000,0.00000000,0.00000000,0.00000000,NONE
MR00805[K,c],0.00000000,0.00000000,0.00000000,0.00000000,0.00000000,0.00000000,0.00000000,0.00000000,0.00000000,0.00000000,0.00000000,0.00000000,0.00000000,0.00000000,0.00000000,0.00000000,0.00000000,0.00000000,0.00000000,0.00000000,0.00000000,0.00000000,0.00000000,0.00000000,0.00000000,0.00000000,NONE
MR00806[K,c],0.00000000,0.00000000,0.00000000,0.00000000,0.00000000,0.00000000,0.00000000,0.00000000,0.00000000,0.00000000,0.00000000,0.00000000,0.00000000,0.00000000,0.00000000,0.00000000,0.00000000,0.00000000,0.00000000,0.00000000,0.00000000,0.00000000,0.00000000,0.00000000,0.00000000,0.00000000,NONE
MR00807[K,c],0.00000000,0.00000000,0.00000000,0.00000000,0.00000000,0.00000000,0.00000000,0.00000000,0.00000000,0.00000000,0.00000000,0.00000000,0.00000000,0.00000000,0.00000000,0.00000000,0.00000000,0.00000000,0.00000000,0.00000000,0.00000000,0.00000000,0.00000000,0.00000000,0.00000000,0.00000000,NONE
MR00808[K,c],0.00000000,0.00000000,0.00000000,0.00000000,0.00000000,0.00000000,0.00000000,0.00000000,0.00000000,0.00000000,0.00000000,0.00000000,0.00000000,0.00000000,0.00000000,0.00000000,0.00000000,0.00000000,0.00000000,0.00000000,0.00000000,0.00000000,0.00000000,0.00000000,0.00000000,0.00000000,NONE
MR00809[K,c],0.00000000,0.00000000,0.00000000,0.00000000,0.00000000,0.00000000,0.00000000,0.00000000,0.00000000,0.00000000,0.00000000,0.00000000,0.00000000,0.00000000,0.00000000,0.00000000,0.00000000,0.00000000,0.00000000,0.00000000,0.00000000,0.00000000,0.00000000,0.00000000,0.00000000,0.00000000,NONE
MR00810[K,c],0.00000000,0.00000000,0.00000000,0.00000000,0.00000000,0.00000000,0.00000000,0.00000000,0.00000000,0.00000000,0.00000000,0.00000000,0.00000000,0.00000000,0.00000000,0.00000000,0.00000000,0.00000000,0.00000000,0.00000000,0.00000000,0.00000000,0.00000000,0.00000000,0.00000000,0.00000000,NONE
MR00811[K,c],0.00000000,0.00000000,0.00000000,0.00000000,0.00000000,0.00000000,0.00000000,0.00000000,0.00000000,0.00000000,0.00000000,0.00000000,0.00000000,0.00000000,0.00000000,0.00000000,0.00000000,0.00000000,0.00000000,0.00000000,0.00000000,0.00000000,0.00000000,0.00000000,0.00000000,0.00000000,NONE
MR00812[K,c],0.00000000,0.00000000,0.00000000,0.00000000,0.00000000,0.00000000,0.00000000,0.00000000,0.00000000,0.00000000,0.00000000,0.00000000,0.00000000,0.00000000,0.00000000,0.00000000,0.00000000,0.00000000,0.00000000,0.00000000,0.00000000,0.00000000,0.00000000,0.00000000,0.00000000,0.00000000,NONE
MR00813[K,c],0.00000000,0.00000000,0.00000000,0.00000000,0.00000000,0.00000000,0.00000000,0.00000000,0.00000000,0.00000000,0.00000000,0.00000000,0.00000000,0.00000000,0.00000000,0.00000000,0.00000000,0.00000000,0.00000000,0.00000000,0.00000000,0.00000000,0.00000000,0.00000000,0.00000000,0.00000000,NONE
MR00814[K,c],0.00000000,0.00000000,0.00000000,0.00000000,0.00000000,0.00000000,0.00000000,0.00000000,0.00000000,0.00000000,0.00000000,0.00000000,0.00000000,0.00000000,0.00000000,0.00000000,0.00000000,0.00000000,0.00000000,0.00000000,0.00000000,0.00000000,0.00000000,0.00000000,0.00000000,0.00000000,NONE
MR00815[K,c],0.00000000,0.00000000,0.00000000,0.00000000,0.00000000,0.00000000,0.00000000,0.00000000,0.00000000,0.00000000,0.00000000,0.00000000,0.00000000,0.00000000,0.00000000,0.00000000,0.00000000,0.00000000,0.00000000,0.00000000,0.00000000,0.00000000,0.00000000,0.00000000,0.00000000,0.00000000,NONE
MR00816[K,c],0.00000000,0.00000000,0.00000000,0.00000000,0.00000000,0.00000000,0.00000000,0.00000000,0.00000000,0.00000000,0.00000000,0.00000000,0.00000000,0.00000000,0.00000000,0.00000000,0.00000000,0.00000000,0.00000000,0.00000000,0.00000000,0.00000000,0.00000000,0.00000000,0.00000000,0.00000000,NONE
MR00817[K,c],0.00000000,0.00000000,0.00000000,0.00000000,0.00000000,0.00000000,0.00000000,0.00000000,0.00000000,0.00000000,0.00000000,0.00000000,0.00000000,0.00000000,0.00000000,0.00000000,0.00000000,0.00000000,0.00000000,0.00000000,0.00000000,0.00000000,0.00000000,0.00000000,0.00000000,0.00000000,NONE
MR00818[K,c],0.00000000,0.00000000,0.00000000,0.00000000,0.00000000,0.00000000,0.00000000,0.00000000,0.00000000,0.00000000,0.00000000,0.00000000,0.00000000,0.00000000,0.00000000,0.00000000,0.00000000,0.00000000,0.00000000,0.00000000,0.00000000,0.00000000,0.00000000,0.00000000,0.00000000,0.00000000,NONE
MR00819[K,c],0.00000000,0.00000000,0.00000000,0.00000000,0.00000000,0.00000000,0.00000000,0.00000000,0.00000000,0.00000000,0.00000000,0.00000000,0.00000000,0.00000000,0.00000000,0.00000000,0.00000000,0.00000000,0.00000000,0.00000000,0.00000000,0.00000000,0.00000000,0.00000000,0.00000000,0.00000000,NONE
MR00820[K,c],0.00000000,0.00000000,0.00000000,0.00000000,0.00000000,0.00000000,0.00000000,0.00000000,0.00000000,0.00000000,0.00000000,0.00000000,0.00000000,0.00000000,0.00000000,0.00000000,0.00000000,0.00000000,0.00000000,0.00000000,0.00000000,0.00000000,0.00000000,0.00000000,0.00000000,0.00000000,NONE
MR00822[K,c],0.00000000,0.00000000,0.00000000,0.00000000,0.00000000,0.00000000,0.00000000,0.00000000,0.00000000,0.00000000,0.00000000,0.00000000,0.00000000,0.00000000,0.00000000,0.00000000,0.00000000,0.00000000,0.00000000,0.00000000,0.00000000,0.00000000,0.00000000,0.00000000,0.00000000,0.00000000,NONE
MR00823[K,c],0.00000000,0.00000000,0.00000000,0.00000000,0.00000000,0.00000000,0.00000000,0.00000000,0.00000000,0.00000000,0.00000000,0.00000000,0.00000000,0.00000000,0.00000000,0.00000000,0.00000000,0.00000000,0.00000000,0.00000000,0.00000000,0.00000000,0.00000000,0.00000000,0.00000000,0.00000000,NONE
MR00825[K,c],0.00000000,0.00000000,0.00000000,0.00000000,0.00000000,0.00000000,0.00000000,0.00000000,0.00000000,0.00000000,0.00000000,0.00000000,0.00000000,0.00000000,0.00000000,0.00000000,0.00000000,0.00000000,0.00000000,0.00000000,0.00000000,0.00000000,0.00000000,0.00000000,0.00000000,0.00000000,NONE
MR00826[K,c],0.00000000,0.00000000,0.00000000,0.00000000,0.00000000,0.00000000,0.00000000,0.00000000,0.00000000,0.00000000,0.00000000,0.00000000,0.00000000,0.00000000,0.00000000,0.00000000,0.00000000,0.00000000,0.00000000,0.00000000,0.00000000,0.00000000,0.00000000,0.00000000,0.00000000,0.00000000,NONE
MR00827[K,c],0.00000000,0.00000000,0.00000000,0.00000000,0.00000000,0.00000000,0.00000000,0.00000000,0.00000000,0.00000000,0.00000000,0.00000000,0.00000000,0.00000000,0.00000000,0.00000000,0.00000000,0.00000000,0.00000000,0.00000000,0.00000000,0.00000000,0.00000000,0.00000000,0.00000000,0.00000000,NONE
MR00828[K,c],0.00000000,0.00000000,0.00000000,0.00000000,0.00000000,0.00000000,0.00000000,0.00000000,0.00000000,0.00000000,0.00000000,0.00000000,0.00000000,0.00000000,0.00000000,0.00000000,0.00000000,0.00000000,0.00000000,0.00000000,0.00000000,0.00000000,0.00000000,0.00000000,0.00000000,0.00000000,NONE
MR00829[K,c],0.00000000,0.00000000,0.00000000,0.00000000,0.00000000,0.00000000,0.00000000,0.00000000,0.00000000,0.00000000,0.00000000,0.00000000,0.00000000,0.00000000,0.00000000,0.00000000,0.00000000,0.00000000,0.00000000,0.00000000,0.00000000,0.00000000,0.00000000,0.00000000,0.00000000,0.00000000,NONE
MR00830[K,c],0.00000000,0.00000000,0.00000000,0.00000000,0.00000000,0.00000000,0.00000000,0.00000000,0.00000000,0.00000000,0.00000000,0.00000000,0.00000000,0.00000000,0.00000000,0.00000000,0.00000000,0.00000000,0.00000000,0.00000000,0.00000000,0.00000000,0.00000000,0.00000000,0.00000000,0.00000000,NONE
MR00831[K,c],0.00000000,0.00000000,0.00000000,0.00000000,0.00000000,0.00000000,0.00000000,0.00000000,0.00000000,0.00000000,0.00000000,0.00000000,0.00000000,0.00000000,0.00000000,0.00000000,0.00000000,0.00000000,0.00000000,0.00000000,0.00000000,0.00000000,0.00000000,0.00000000,0.00000000,0.00000000,NONE
MR00832[K,c],0.00000000,0.00000000,0.00000000,0.00000000,0.00000000,0.00000000,0.00000000,0.00000000,0.00000000,0.00000000,0.00000000,0.00000000,0.00000000,0.00000000,0.00000000,0.00000000,0.00000000,0.00000000,0.00000000,0.00000000,0.00000000,0.00000000,0.00000000,0.00000000,0.00000000,0.00000000,NONE
MR00833[K,c],0.00000000,0.00000000,0.00000000,0.00000000,0.00000000,0.00000000,0.00000000,0.00000000,0.00000000,0.00000000,0.00000000,0.00000000,0.00000000,0.00000000,0.00000000,0.00000000,0.00000000,0.00000000,0.00000000,0.00000000,0.00000000,0.00000000,0.00000000,0.00000000,0.00000000,0.00000000,NONE
MR00834[K,c],0.00000000,0.00000000,0.00000000,0.00000000,0.00000000,0.00000000,0.00000000,0.00000000,0.00000000,0.00000000,0.00000000,0.00000000,0.00000000,0.00000000,0.00000000,0.00000000,0.00000000,0.00000000,0.00000000,0.00000000,0.00000000,0.00000000,0.00000000,0.00000000,0.00000000,0.00000000,NONE
MR00835[K,c],0.00000000,0.00000000,0.00000000,0.00000000,0.00000000,0.00000000,0.00000000,0.00000000,0.00000000,0.00000000,0.00000000,0.00000000,0.00000000,0.00000000,0.00000000,0.00000000,0.00000000,0.00000000,0.00000000,0.00000000,0.00000000,0.00000000,0.00000000,0.00000000,0.00000000,0.00000000,NONE
MR00841[K,c],0.00000000,0.00000000,0.00000000,0.00000000,0.00000000,0.00000000,0.00000000,0.00000000,0.00000000,0.00000000,0.00000000,0.00000000,0.00000000,0.00000000,0.00000000,0.00000000,0.00000000,0.00000000,0.00000000,0.00000000,0.00000000,0.00000000,0.00000000,0.00000000,0.00000000,0.00000000,NONE
MR00842[K,c],0.00000000,0.00000000,0.00000000,0.00000000,0.00000000,0.00000000,0.00000000,0.00000000,0.00000000,0.00000000,0.00000000,0.00000000,0.00000000,0.00000000,0.00000000,0.00000000,0.00000000,0.00000000,0.00000000,0.00000000,0.00000000,0.00000000,0.00000000,0.00000000,0.00000000,0.00000000,NONE
MR00843[K,c],0.00000000,0.00000000,0.00000000,0.00000000,0.00000000,0.00000000,0.00000000,0.00000000,0.00000000,0.00000000,0.00000000,0.00000000,0.00000000,0.00000000,0.00000000,0.00000000,0.00000000,0.00000000,0.00000000,0.00000000,0.00000000,0.00000000,0.00000000,0.00000000,0.00000000,0.00000000,NONE
MR00844[K,c],0.00000000,0.00000000,0.00000000,0.00000000,0.00000000,0.00000000,0.00000000,0.00000000,0.00000000,0.00000000,0.00000000,0.00000000,0.00000000,0.00000000,0.00000000,0.00000000,0.00000000,0.00000000,0.00000000,0.00000000,0.00000000,0.00000000,0.00000000,0.00000000,0.00000000,0.00000000,NONE
MR00845[K,c],0.00000000,0.00000000,0.00000000,0.00000000,0.00000000,0.00000000,0.00000000,0.00000000,0.00000000,0.00000000,0.00000000,0.00000000,0.00000000,0.00000000,0.00000000,0.00000000,0.00000000,0.00000000,0.00000000,0.00000000,0.00000000,0.00000000,0.00000000,0.00000000,0.00000000,0.00000000,NONE
MR00846[K,c],0.00000000,0.00000000,0.00000000,0.00000000,0.00000000,0.00000000,0.00000000,0.00000000,0.00000000,0.00000000,0.00000000,0.00000000,0.00000000,0.00000000,0.00000000,0.00000000,0.00000000,0.00000000,0.00000000,0.00000000,0.00000000,0.00000000,0.00000000,0.00000000,0.00000000,0.00000000,NONE
MR00847[K,c],0.00000000,0.00000000,0.00000000,0.00000000,0.00000000,0.00000000,0.00000000,0.00000000,0.00000000,0.00000000,0.00000000,0.00000000,0.00000000,0.00000000,0.00000000,0.00000000,0.00000000,0.00000000,0.00000000,0.00000000,0.00000000,0.00000000,0.00000000,0.00000000,0.00000000,0.00000000,NONE
MR00848[K,c],0.00000000,0.00000000,0.00000000,0.00000000,0.00000000,0.00000000,0.00000000,0.00000000,0.00000000,0.00000000,0.00000000,0.00000000,0.00000000,0.00000000,0.00000000,0.00000000,0.00000000,0.00000000,0.00000000,0.00000000,0.00000000,0.00000000,0.00000000,0.00000000,0.00000000,0.00000000,NONE
MR00849[K,c],0.00000000,0.00000000,0.00000000,0.00000000,0.00000000,0.00000000,0.00000000,0.00000000,0.00000000,0.00000000,0.00000000,0.00000000,0.00000000,0.00000000,0.00000000,0.00000000,0.00000000,0.00000000,0.00000000,0.00000000,0.00000000,0.00000000,0.00000000,0.00000000,0.00000000,0.00000000,NONE
MR00850[K,c],0.00000000,0.00000000,0.00000000,0.00000000,0.00000000,0.00000000,0.00000000,0.00000000,0.00000000,0.00000000,0.00000000,0.00000000,0.00000000,0.00000000,0.00000000,0.00000000,0.00000000,0.00000000,0.00000000,0.00000000,0.00000000,0.00000000,0.00000000,0.00000000,0.00000000,0.00000000,NONE
MR00852[K,c],0.00000000,0.00000000,0.00000000,0.00000000,0.00000000,0.00000000,0.00000000,0.00000000,0.00000000,0.00000000,0.00000000,0.00000000,0.00000000,0.00000000,0.00000000,0.00000000,0.00000000,0.00000000,0.00000000,0.00000000,0.00000000,0.00000000,0.00000000,0.00000000,0.00000000,0.00000000,NONE
MR00854[K,c],0.00000000,0.00000000,0.00000000,0.00000000,0.00000000,0.00000000,0.00000000,0.00000000,0.00000000,0.00000000,0.00000000,0.00000000,0.00000000,0.00000000,0.00000000,0.00000000,0.00000000,0.00000000,0.00000000,0.00000000,0.00000000,0.00000000,0.00000000,0.00000000,0.00000000,0.00000000,NONE
MR00855[K,c],0.00000000,0.00000000,0.00000000,0.00000000,0.00000000,0.00000000,0.00000000,0.00000000,0.00000000,0.00000000,0.00000000,0.00000000,0.00000000,0.00000000,0.00000000,0.00000000,0.00000000,0.00000000,0.00000000,0.00000000,0.00000000,0.00000000,0.00000000,0.00000000,0.00000000,0.00000000,NONE
MR00856[K,x],0.00000000,0.00000000,0.00000000,0.00000000,0.00000000,0.00000000,0.00000000,0.00000000,0.00000000,0.00000000,0.00000000,0.00000000,0.00000000,0.00000000,0.00000000,0.00000000,0.00000000,0.00000000,0.00000000,0.00000000,0.00000000,0.00000000,0.00000000,0.00000000,0.00000000,0.00000000,NONE
MR00857[K,m],0.00000000,0.00000000,0.00000000,0.00000000,0.00000000,0.00000000,0.00000000,0.00000000,0.00000000,0.00000000,0.00000000,0.00000000,0.00000000,0.00000000,0.00000000,0.00000000,0.00000000,0.00000000,0.00000000,0.00000000,0.00000000,0.00000000,0.00000000,0.00000000,0.00000000,0.00000000,NONE
MR00857[K,p],0.00000000,0.00000000,0.00000000,0.00000000,0.00000000,0.00000000,0.00000000,0.00000000,0.00000000,0.00000000,0.00000000,0.00000000,0.00000000,0.00000000,0.00000000,0.00000000,0.00000000,0.00000000,0.00000000,0.00000000,0.00000000,0.00000000,0.00000000,0.00000000,0.00000000,0.00000000,NONE
MR00858[K,c],0.00000000,0.00000000,0.00000000,0.00000000,0.00000000,0.00000000,0.00000000,0.00000000,0.00000000,0.00000000,0.00000000,0.00000000,0.00000000,0.00000000,0.00000000,0.00000000,0.00000000,0.00000000,0.00000000,0.00000000,0.00000000,0.00000000,0.00000000,0.00000000,0.00000000,0.00000000,NONE
MR00859[K,c],0.00000000,0.00000000,0.00000000,0.00000000,0.00000000,0.00000000,0.00000000,0.00000000,0.00000000,0.00000000,0.00000000,0.00000000,0.00000000,0.00000000,0.00000000,0.00000000,0.00000000,0.00000000,0.00000000,0.00000000,0.00000000,0.00000000,0.00000000,0.00000000,0.00000000,0.00000000,NONE
MR00860[K,c],0.00000000,0.00000000,0.00000000,0.00000000,0.00000000,0.00000000,0.00000000,0.00000000,0.00000000,0.00000000,0.00000000,0.00000000,0.00000000,0.00000000,0.00000000,0.00000000,0.00000000,0.00000000,0.00000000,0.00000000,0.00000000,0.00000000,0.00000000,0.00000000,0.00000000,0.00000000,NONE
MR00861[K,c],0.00000000,0.00000000,0.00000000,0.00000000,0.00000000,0.00000000,0.00000000,0.00000000,0.00000000,0.00000000,0.00000000,0.00000000,0.00000000,0.00000000,0.00000000,0.00000000,0.00000000,0.00000000,0.00000000,0.00000000,0.00000000,0.00000000,0.00000000,0.00000000,0.00000000,0.00000000,NONE
MR00862[K,c],0.00000000,0.00000000,0.00000000,0.00000000,0.00000000,0.00000000,0.00000000,0.00000000,0.00000000,0.00000000,0.00000000,0.00000000,0.00000000,0.00000000,0.00000000,0.00000000,0.00000000,0.00000000,0.00000000,0.00000000,0.00000000,0.00000000,0.00000000,0.00000000,0.00000000,0.00000000,NONE
MR00864[K,m],0.00000000,0.00000000,0.00000000,0.00000000,0.00000000,0.00000000,0.00000000,0.00000000,0.00000000,0.00000000,0.00000000,0.00000000,0.00000000,0.00000000,0.00000000,0.00000000,0.00000000,0.00000000,0.00000000,0.00000000,0.00000000,0.00000000,0.00000000,0.00000000,0.00000000,0.00000000,NONE
MR00864[K,p],0.00000000,0.00000000,0.00000000,0.00000000,0.00000000,0.00000000,0.00000000,0.00000000,0.00000000,0.00000000,0.00000000,0.00000000,0.00000000,0.00000000,0.00000000,0.00000000,0.00000000,0.00000000,0.00000000,0.00000000,0.00000000,0.00000000,0.00000000,0.00000000,0.00000000,0.00000000,NONE
MR00865[K,p],0.00000000,0.00000000,0.00000000,0.00000000,0.00000000,0.00000000,0.00000000,0.00000000,0.00000000,0.00000000,0.00000000,0.00000000,0.00000000,0.00000000,0.00000000,0.00000000,0.00000000,0.00000000,0.00000000,0.00000000,0.00000000,0.00000000,0.00000000,0.00000000,0.00000000,0.00000000,NONE
MR00881[K,c],0.00000000,0.00000000,0.00000000,0.00000000,0.00000000,0.00000000,0.00000000,0.00000000,0.00000000,0.00000000,0.00000000,0.00000000,0.00000000,0.00000000,0.00000000,0.00000000,0.00000000,0.00000000,0.00000000,0.00000000,0.00000000,0.00000000,0.00000000,0.00000000,0.00000000,0.00000000,NONE
MR00886[K,m],0.00000000,0.00000000,0.00000000,0.00000000,0.00000000,0.00000000,0.00000000,0.00000000,0.00000000,0.00000000,0.00000000,0.00000000,0.00000000,0.00000000,0.00000000,0.00000000,0.00000000,0.00000000,0.00000000,0.00000000,0.00000000,0.00000000,0.00000000,0.00000000,0.00000000,0.00000000,NONE
MR00887[K,c],0.00000000,0.00000000,0.00000000,0.00000000,0.00000000,0.00000000,0.00000000,0.00000000,0.00000000,0.00000000,0.00000000,0.00000000,0.00000000,0.00000000,0.00000000,0.00000000,0.00000000,0.00000000,0.00000000,0.00000000,0.00000000,0.00000000,0.00000000,0.00000000,0.00000000,0.00000000,NONE
MR00889[K,p],0.00000000,0.00000000,0.00000000,0.00000000,0.00000000,0.00000000,0.00000000,0.00000000,0.00000000,0.00000000,0.00000000,0.00000000,0.00000000,0.00000000,0.00000000,0.00000000,0.00000000,0.00000000,0.00000000,0.00000000,0.00000000,0.00000000,0.00000000,0.00000000,0.00000000,0.00000000,NONE
MR00892[K,c],0.00000000,0.00000000,0.00000000,0.00000000,0.00000000,0.00000000,0.00000000,0.00000000,0.00000000,0.00000000,0.00000000,0.00000000,0.00000000,0.00000000,0.00000000,0.00000000,0.00000000,0.00000000,0.00000000,0.00000000,0.00000000,0.00000000,0.00000000,0.00000000,0.00000000,0.00000000,NONE
MR00901[K,x],0.00000000,0.00000000,0.00000000,0.00000000,0.00000000,0.00000000,0.00000000,0.00000000,0.00000000,0.00000000,0.00000000,0.00000000,0.00000000,0.00000000,0.00000000,0.00000000,0.00000000,0.00000000,0.00000000,0.00000000,0.00000000,0.00000000,0.00000000,0.00000000,0.00000000,0.00000000,NONE
MR00904[K,c],0.00000000,0.00000000,0.00000000,0.00000000,0.00000000,0.00000000,0.00000000,0.00000000,0.00000000,0.00000000,0.00000000,0.00000000,0.00000000,0.00000000,0.00000000,0.00000000,0.00000000,0.00000000,0.00000000,0.00000000,0.00000000,0.00000000,0.00000000,0.00000000,0.00000000,0.00000000,NONE
MR00905[K,c],0.00000000,0.00000000,0.00000000,0.00000000,0.00000000,0.00000000,0.00000000,0.00000000,0.00000000,0.00000000,0.00000000,0.00000000,0.00000000,0.00000000,0.00000000,0.00000000,0.00000000,0.00000000,0.00000000,0.00000000,0.00000000,0.00000000,0.00000000,0.00000000,0.00000000,0.00000000,NONE
MR00907[K,c],0.00000000,0.00000000,0.00000000,0.00000000,0.00000000,0.00000000,0.00000000,0.00000000,0.00000000,0.00000000,0.00000000,0.00000000,0.00000000,0.00000000,0.00000000,0.00000000,0.00000000,0.00000000,0.00000000,0.00000000,0.00000000,0.00000000,0.00000000,0.00000000,0.00000000,0.00000000,NONE
MR00908[K,c],0.00000000,0.00000000,0.00000000,0.00000000,0.00000000,0.00000000,0.00000000,0.00000000,0.00000000,0.00000000,0.00000000,0.00000000,0.00000000,0.00000000,0.00000000,0.00000000,0.00000000,0.00000000,0.00000000,0.00000000,0.00000000,0.00000000,0.00000000,0.00000000,0.00000000,0.00000000,NONE
MR00914[K,p],0.00000000,0.00000000,0.00000000,0.00000000,0.00000000,0.00000000,0.00000000,0.00000000,0.00000000,0.00000000,0.00000000,0.00000000,0.00000000,0.00000000,0.00000000,0.00000000,0.00000000,0.00000000,0.00000000,0.00000000,0.00000000,0.00000000,0.00000000,0.00000000,0.00000000,0.00000000,NONE
MR00916[K,c],0.00000000,0.00000000,0.00000000,0.00000000,0.00000000,0.00000000,0.00000000,0.00000000,0.00000000,0.00000000,0.00000000,0.00000000,0.00000000,0.00000000,0.00000000,0.00000000,0.00000000,0.00000000,0.00000000,0.00000000,0.00000000,0.00000000,0.00000000,0.00000000,0.00000000,0.00000000,NONE
MR00919[K,c],0.00000000,0.00000000,0.00000000,0.00000000,0.00000000,0.00000000,0.00000000,0.00000000,0.00000000,0.00000000,0.00000000,0.00000000,0.00000000,0.00000000,0.00000000,0.00000000,0.00000000,0.00000000,0.00000000,0.00000000,0.00000000,0.00000000,0.00000000,0.00000000,0.00000000,0.00000000,NONE
MR00922[K,c],0.00000000,0.00000000,0.00000000,0.00000000,0.00000000,0.00000000,0.00000000,0.00000000,0.00000000,0.00000000,0.00000000,0.00000000,0.00000000,0.00000000,0.00000000,0.00000000,0.00000000,0.00000000,0.00000000,0.00000000,0.00000000,0.00000000,0.00000000,0.00000000,0.00000000,0.00000000,NONE
MR00931[K,c],0.00000000,0.00000000,0.00000000,0.00000000,0.00000000,0.00000000,0.00000000,0.00000000,0.00000000,0.00000000,0.00000000,0.00000000,0.00000000,0.00000000,0.00000000,0.00000000,0.00000000,0.00000000,0.00000000,0.00000000,0.00000000,0.00000000,0.00000000,0.00000000,0.00000000,0.00000000,NONE
MR00950[K,c],0.00000000,0.00000000,0.00000000,0.00000000,0.00000000,0.00000000,0.00000000,0.00000000,0.00000000,0.00000000,0.00000000,0.00000000,0.00000000,0.00000000,0.00000000,0.00000000,0.00000000,0.00000000,0.00000000,0.00000000,0.00000000,0.00000000,0.00000000,0.00000000,0.00000000,0.00000000,NONE
MR00950[K,m],0.00000000,0.00000000,0.00000000,0.00000000,0.00000000,0.00000000,0.00000000,0.00000000,0.00000000,0.00000000,0.00000000,0.00000000,0.00000000,0.00000000,0.00000000,0.00000000,0.00000000,0.00000000,0.00000000,0.00000000,0.00000000,0.00000000,0.00000000,0.00000000,0.00000000,0.00000000,NONE
MR00950[K,p],0.00000000,0.00000000,0.00000000,0.00000000,0.00000000,0.00000000,0.00000000,0.00000000,0.00000000,0.00000000,0.00000000,0.00000000,0.00000000,0.00000000,0.00000000,0.00000000,0.00000000,0.00000000,0.00000000,0.00000000,0.00000000,0.00000000,0.00000000,0.00000000,0.00000000,0.00000000,NONE
MR00951[K,c],0.00000000,0.00000000,0.00000000,0.00000000,0.00000000,0.00000000,0.00000000,0.00000000,0.00000000,0.00000000,0.00000000,0.00000000,0.00000000,0.00000000,0.00000000,0.00000000,0.00000000,0.00000000,0.00000000,0.00000000,0.00000000,0.00000000,0.00000000,0.00000000,0.00000000,0.00000000,NONE
MR00951[K,p],0.00000000,0.00000000,0.00000000,0.00000000,0.00000000,0.00000000,0.00000000,0.00000000,0.00000000,0.00000000,0.00000000,0.00000000,0.00000000,0.00000000,0.00000000,0.00000000,0.00000000,0.00000000,0.00000000,0.00000000,0.00000000,0.00000000,0.00000000,0.00000000,0.00000000,0.00000000,NONE
MR00952[K,m],0.00000000,0.00000000,0.00000000,0.00000000,0.00000000,0.00000000,0.00000000,0.00000000,0.00000000,0.00000000,0.00000000,0.00000000,0.00000000,0.00000000,0.00000000,0.00000000,0.00000000,0.00000000,0.00000000,0.00000000,0.00000000,0.00000000,0.00000000,0.00000000,0.00000000,0.00000000,NONE
MR00969[K,c],0.00000000,0.00000000,0.00000000,0.00000000,0.00000000,0.00000000,0.00000000,0.00000000,0.00000000,0.00000000,0.00000000,0.00000000,0.00000000,0.00000000,0.00000000,0.00000000,0.00000000,0.00000000,0.00000000,0.00000000,0.00000000,0.00000000,0.00000000,0.00000000,0.00000000,0.00000000,NONE
MR00970[K,c],0.00000000,0.00000000,0.00000000,0.00000000,0.00000000,0.00000000,0.00000000,0.00000000,0.00000000,0.00000000,0.00000000,0.00000000,0.00000000,0.00000000,0.00000000,0.00000000,0.00000000,0.00000000,0.00000000,0.00000000,0.00000000,0.00000000,0.00000000,0.00000000,0.00000000,0.00000000,NONE
MR00978[K,c],0.00000000,0.00000000,0.00000000,0.00000000,0.00000000,0.00000000,0.00000000,0.00000000,0.00000000,0.00000000,0.00000000,0.00000000,0.00000000,0.00000000,0.00000000,0.00000000,0.00000000,0.00000000,0.00000000,0.00000000,0.00000000,0.00000000,0.00000000,0.00000000,0.00000000,0.00000000,NONE
MR00980[K,c],0.00000000,0.00000000,0.00000000,0.00000000,0.00000000,0.00000000,0.00000000,0.00000000,0.00000000,0.00000000,0.00000000,0.00000000,0.00000000,0.00000000,0.00000000,0.00000000,0.00000000,0.00000000,0.00000000,0.00000000,0.00000000,0.00000000,0.00000000,0.00000000,0.00000000,0.00000000,NONE
MR00981[K,c],0.00000000,0.00000000,0.00000000,0.00000000,0.00000000,0.00000000,0.00000000,0.00000000,0.00000000,0.00000000,0.00000000,0.00000000,0.00000000,0.00000000,0.00000000,0.00000000,0.00000000,0.00000000,0.00000000,0.00000000,0.00000000,0.00000000,0.00000000,0.00000000,0.00000000,0.00000000,NONE
MR01028[K,c],0.00000000,0.00000000,0.00000000,0.00000000,0.00000000,0.00000000,0.00000000,0.00000000,0.00000000,0.00000000,0.00000000,0.00000000,0.00000000,0.00000000,0.00000000,0.00000000,0.00000000,0.00000000,0.00000000,0.00000000,0.00000000,0.00000000,0.00000000,0.00000000,0.00000000,0.00000000,NONE
MR01029[K,c],0.00000000,0.00000000,0.00000000,0.00000000,0.00000000,0.00000000,0.00000000,0.00000000,0.00000000,0.00000000,0.00000000,0.00000000,0.00000000,0.00000000,0.00000000,0.00000000,0.00000000,0.00000000,0.00000000,0.00000000,0.00000000,0.00000000,0.00000000,0.00000000,0.00000000,0.00000000,NONE
MR01030[K,x],0.00000000,0.00000000,0.00000000,0.00000000,0.00000000,0.00000000,0.00000000,0.00000000,0.00000000,0.00000000,0.00000000,0.00000000,0.00000000,0.00000000,0.00000000,0.00000000,0.00000000,0.00000000,0.00000000,0.00000000,0.00000000,0.00000000,0.00000000,0.00000000,0.00000000,0.00000000,NONE
MR01035[K,c],0.00000000,0.00000000,0.00000000,0.00000000,0.00000000,0.00000000,0.00000000,0.00000000,0.00000000,0.00000000,0.00000000,0.00000000,0.00000000,0.00000000,0.00000000,0.00000000,0.00000000,0.00000000,0.00000000,0.00000000,0.00000000,0.00000000,0.00000000,0.00000000,0.00000000,0.00000000,NONE
MR01037[K,c],0.00000000,0.00000000,0.00000000,0.00000000,0.00000000,0.00000000,0.00000000,0.00000000,0.00000000,0.00000000,0.00000000,0.00000000,0.00000000,0.00000000,0.00000000,0.00000000,0.00000000,0.00000000,0.00000000,0.00000000,0.00000000,0.00000000,0.00000000,0.00000000,0.00000000,0.00000000,NONE
MR01038[K,c],0.00000000,0.00000000,0.00000000,0.00000000,0.00000000,0.00000000,0.00000000,0.00000000,0.00000000,0.00000000,0.00000000,0.00000000,0.00000000,0.00000000,0.00000000,0.00000000,0.00000000,0.00000000,0.00000000,0.00000000,0.00000000,0.00000000,0.00000000,0.00000000,0.00000000,0.00000000,NONE
MR01040[K,c],0.00000000,0.00000000,0.00000000,0.00000000,0.00000000,0.00000000,0.00000000,0.00000000,0.00000000,0.00000000,0.00000000,0.00000000,0.00000000,0.00000000,0.00000000,0.00000000,0.00000000,0.00000000,0.00000000,0.00000000,0.00000000,0.00000000,0.00000000,0.00000000,0.00000000,0.00000000,NONE
MR01075[K,c],0.00000000,0.00000000,0.00000000,0.00000000,0.00000000,0.00000000,0.00000000,0.00000000,0.00000000,0.00000000,0.00000000,0.00000000,0.00000000,0.00000000,0.00000000,0.00000000,0.00000000,0.00000000,0.00000000,0.00000000,0.00000000,0.00000000,0.00000000,0.00000000,0.00000000,0.00000000,NONE
MR01086[K,p],0.00000000,0.00000000,0.00000000,0.00000000,0.00000000,0.00000000,0.00000000,0.00000000,0.00000000,0.00000000,0.00000000,0.00000000,0.00000000,0.00000000,0.00000000,0.00000000,0.00000000,0.00000000,0.00000000,0.00000000,0.00000000,0.00000000,0.00000000,0.00000000,0.00000000,0.00000000,NONE
MR01087[K,c],0.00000000,0.00000000,0.00000000,0.00000000,0.00000000,0.00000000,0.00000000,0.00000000,0.00000000,0.00000000,0.00000000,0.00000000,0.00000000,0.00000000,0.00000000,0.00000000,0.00000000,0.00000000,0.00000000,0.00000000,0.00000000,0.00000000,0.00000000,0.00000000,0.00000000,0.00000000,NONE
MR01088[K,p],0.00000000,0.00000000,0.00000000,0.00000000,0.00000000,0.00000000,0.00000000,0.00000000,0.00000000,0.00000000,0.00000000,0.00000000,0.00000000,0.00000000,0.00000000,0.00000000,0.00000000,0.00000000,0.00000000,0.00000000,0.00000000,0.00000000,0.00000000,0.00000000,0.00000000,0.00000000,NONE
MR01089[K,c],0.00000000,0.00000000,0.00000000,0.00000000,0.00000000,0.00000000,0.00000000,0.00000000,0.00000000,0.00000000,0.00000000,0.00000000,0.00000000,0.00000000,0.00000000,0.00000000,0.00000000,0.00000000,0.00000000,0.00000000,0.00000000,0.00000000,0.00000000,0.00000000,0.00000000,0.00000000,NONE
MR01090[K,c],0.00000000,0.00000000,0.00000000,0.00000000,0.00000000,0.00000000,0.00000000,0.00000000,0.00000000,0.00000000,0.00000000,0.00000000,0.00000000,0.00000000,0.00000000,0.00000000,0.00000000,0.00000000,0.00000000,0.00000000,0.00000000,0.00000000,0.00000000,0.00000000,0.00000000,0.00000000,NONE
MR01090[K,p],0.00000000,0.00000000,0.00000000,0.00000000,0.00000000,0.00000000,0.00000000,0.00000000,0.00000000,0.00000000,0.00000000,0.00000000,0.00000000,0.00000000,0.00000000,0.00000000,0.00000000,0.00000000,0.00000000,0.00000000,0.00000000,0.00000000,0.00000000,0.00000000,0.00000000,0.00000000,NONE
MR01091[K,p],0.00000000,0.00000000,0.00000000,0.00000000,0.00000000,0.00000000,0.00000000,0.00000000,0.00000000,0.00000000,0.00000000,0.00000000,0.00000000,0.00000000,0.00000000,0.00000000,0.00000000,0.00000000,0.00000000,0.00000000,0.00000000,0.00000000,0.00000000,0.00000000,0.00000000,0.00000000,NONE
MR01092[K,c],0.00000000,0.00000000,0.00000000,0.00000000,0.00000000,0.00000000,0.00000000,0.00000000,0.00000000,0.00000000,0.00000000,0.00000000,0.00000000,0.00000000,0.00000000,0.00000000,0.00000000,0.00000000,0.00000000,0.00000000,0.00000000,0.00000000,0.00000000,0.00000000,0.00000000,0.00000000,NONE
MR01092[K,p],0.00000000,0.00000000,0.00000000,0.00000000,0.00000000,0.00000000,0.00000000,0.00000000,0.00000000,0.00000000,0.00000000,0.00000000,0.00000000,0.00000000,0.00000000,0.00000000,0.00000000,0.00000000,0.00000000,0.00000000,0.00000000,0.00000000,0.00000000,0.00000000,0.00000000,0.00000000,NONE
MR01093[K,c],0.00000000,0.00000000,0.00000000,0.00000000,0.00000000,0.00000000,0.00000000,0.00000000,0.00000000,0.00000000,0.00000000,0.00000000,0.00000000,0.00000000,0.00000000,0.00000000,0.00000000,0.00000000,0.00000000,0.00000000,0.00000000,0.00000000,0.00000000,0.00000000,0.00000000,0.00000000,NONE
MR01095[K,p],0.00000000,0.00000000,0.00000000,0.00000000,0.00000000,0.00000000,0.00000000,0.00000000,0.00000000,0.00000000,0.00000000,0.00000000,0.00000000,0.00000000,0.00000000,0.00000000,0.00000000,0.00000000,0.00000000,0.00000000,0.00000000,0.00000000,0.00000000,0.00000000,0.00000000,0.00000000,NONE
MR01098[K,p],0.00000000,0.00000000,0.00000000,0.00000000,0.00000000,0.00000000,0.00000000,0.00000000,0.00000000,0.00000000,0.00000000,0.00000000,0.00000000,0.00000000,0.00000000,0.00000000,0.00000000,0.00000000,0.00000000,0.00000000,0.00000000,0.00000000,0.00000000,0.00000000,0.00000000,0.00000000,NONE
MR01099[K,c],0.00000000,0.00000000,0.00000000,0.00000000,0.00000000,0.00000000,0.00000000,0.00000000,0.00000000,0.00000000,0.00000000,0.00000000,0.00000000,0.00000000,0.00000000,0.00000000,0.00000000,0.00000000,0.00000000,0.00000000,0.00000000,0.00000000,0.00000000,0.00000000,0.00000000,0.00000000,NONE
MR01100[K,p],0.00000000,0.00000000,0.00000000,0.00000000,0.00000000,0.00000000,0.00000000,0.00000000,0.00000000,0.00000000,0.00000000,0.00000000,0.00000000,0.00000000,0.00000000,0.00000000,0.00000000,0.00000000,0.00000000,0.00000000,0.00000000,0.00000000,0.00000000,0.00000000,0.00000000,0.00000000,NONE
MR01101[K,c],0.00000000,0.00000000,0.00000000,0.00000000,0.00000000,0.00000000,0.00000000,0.00000000,0.00000000,0.00000000,0.00000000,0.00000000,0.00000000,0.00000000,0.00000000,0.00000000,0.00000000,0.00000000,0.00000000,0.00000000,0.00000000,0.00000000,0.00000000,0.00000000,0.00000000,0.00000000,NONE
MR01103[K,p],0.00000000,0.00000000,0.00000000,0.00000000,0.00000000,0.00000000,0.00000000,0.00000000,0.00000000,0.00000000,0.00000000,0.00000000,0.00000000,0.00000000,0.00000000,0.00000000,0.00000000,0.00000000,0.00000000,0.00000000,0.00000000,0.00000000,0.00000000,0.00000000,0.00000000,0.00000000,NONE
MR01106[K,c],0.00000000,0.00000000,0.00000000,0.00000000,0.00000000,0.00000000,0.00000000,0.00000000,0.00000000,0.00000000,0.00000000,0.00000000,0.00000000,0.00000000,0.00000000,0.00000000,0.00000000,0.00000000,0.00000000,0.00000000,0.00000000,0.00000000,0.00000000,0.00000000,0.00000000,0.00000000,NONE
MR01106[K,p],0.00000000,0.00000000,0.00000000,0.00000000,0.00000000,0.00000000,0.00000000,0.00000000,0.00000000,0.00000000,0.00000000,0.00000000,0.00000000,0.00000000,0.00000000,0.00000000,0.00000000,0.00000000,0.00000000,0.00000000,0.00000000,0.00000000,0.00000000,0.00000000,0.00000000,0.00000000,NONE
MR01114[K,c],0.00000000,0.00000000,0.00000000,0.00000000,0.00000000,0.00000000,0.00000000,0.00000000,0.00000000,0.00000000,0.00000000,0.00000000,0.00000000,0.00000000,0.00000000,0.00000000,0.00000000,0.00000000,0.00000000,0.00000000,0.00000000,0.00000000,0.00000000,0.00000000,0.00000000,0.00000000,NONE
MR01115[K,c],0.00000000,0.00000000,0.00000000,0.00000000,0.00000000,0.00000000,0.00000000,0.00000000,0.00000000,0.00000000,0.00000000,0.00000000,0.00000000,0.00000000,0.00000000,0.00000000,0.00000000,0.00000000,0.00000000,0.00000000,0.00000000,0.00000000,0.00000000,0.00000000,0.00000000,0.00000000,NONE
MR01117[K,c],0.00000000,0.00000000,0.00000000,0.00000000,0.00000000,0.00000000,0.00000000,0.00000000,0.00000000,0.00000000,0.00000000,0.00000000,0.00000000,0.00000000,0.00000000,0.00000000,0.00000000,0.00000000,0.00000000,0.00000000,0.00000000,0.00000000,0.00000000,0.00000000,0.00000000,0.00000000,NONE
MR01118[K,c],0.00000000,0.00000000,0.00000000,0.00000000,0.00000000,0.00000000,0.00000000,0.00000000,0.00000000,0.00000000,0.00000000,0.00000000,0.00000000,0.00000000,0.00000000,0.00000000,0.00000000,0.00000000,0.00000000,0.00000000,0.00000000,0.00000000,0.00000000,0.00000000,0.00000000,0.00000000,NONE
MR01119[K,c],0.00000000,0.00000000,0.00000000,0.00000000,0.00000000,0.00000000,0.00000000,0.00000000,0.00000000,0.00000000,0.00000000,0.00000000,0.00000000,0.00000000,0.00000000,0.00000000,0.00000000,0.00000000,0.00000000,0.00000000,0.00000000,0.00000000,0.00000000,0.00000000,0.00000000,0.00000000,NONE
MR01120[K,c],0.00000000,0.00000000,0.00000000,0.00000000,0.00000000,0.00000000,0.00000000,0.00000000,0.00000000,0.00000000,0.00000000,0.00000000,0.00000000,0.00000000,0.00000000,0.00000000,0.00000000,0.00000000,0.00000000,0.00000000,0.00000000,0.00000000,0.00000000,0.00000000,0.00000000,0.00000000,NONE
MR01150[K,c],0.00000000,0.00000000,0.00000000,0.00000000,0.00000000,0.00000000,0.00000000,0.00000000,0.00000000,0.00000000,0.00000000,0.00000000,0.00000000,0.00000000,0.00000000,0.00000000,0.00000000,0.00000000,0.00000000,0.00000000,0.00000000,0.00000000,0.00000000,0.00000000,0.00000000,0.00000000,NONE
MR01151[K,c],0.00000000,0.00000000,0.00000000,0.00000000,0.00000000,0.00000000,0.00000000,0.00000000,0.00000000,0.00000000,0.00000000,0.00000000,0.00000000,0.00000000,0.00000000,0.00000000,0.00000000,0.00000000,0.00000000,0.00000000,0.00000000,0.00000000,0.00000000,0.00000000,0.00000000,0.00000000,NONE
MR01152[K,c],0.00000000,0.00000000,0.00000000,0.00000000,0.00000000,0.00000000,0.00000000,0.00000000,0.00000000,0.00000000,0.00000000,0.00000000,0.00000000,0.00000000,0.00000000,0.00000000,0.00000000,0.00000000,0.00000000,0.00000000,0.00000000,0.00000000,0.00000000,0.00000000,0.00000000,0.00000000,NONE
MR01153[K,c],0.00000000,0.00000000,0.00000000,0.00000000,0.00000000,0.00000000,0.00000000,0.00000000,0.00000000,0.00000000,0.00000000,0.00000000,0.00000000,0.00000000,0.00000000,0.00000000,0.00000000,0.00000000,0.00000000,0.00000000,0.00000000,0.00000000,0.00000000,0.00000000,0.00000000,0.00000000,NONE
MR01154[K,c],0.00000000,0.00000000,0.00000000,0.00000000,0.00000000,0.00000000,0.00000000,0.00000000,0.00000000,0.00000000,0.00000000,0.00000000,0.00000000,0.00000000,0.00000000,0.00000000,0.00000000,0.00000000,0.00000000,0.00000000,0.00000000,0.00000000,0.00000000,0.00000000,0.00000000,0.00000000,NONE
MR01155[K,c],0.00000000,0.00000000,0.00000000,0.00000000,0.00000000,0.00000000,0.00000000,0.00000000,0.00000000,0.00000000,0.00000000,0.00000000,0.00000000,0.00000000,0.00000000,0.00000000,0.00000000,0.00000000,0.00000000,0.00000000,0.00000000,0.00000000,0.00000000,0.00000000,0.00000000,0.00000000,NONE
MR01170[K,c],0.00000000,0.00000000,0.00000000,0.00000000,0.00000000,0.00000000,0.00000000,0.00000000,0.00000000,0.00000000,0.00000000,0.00000000,0.00000000,0.00000000,0.00000000,0.00000000,0.00000000,0.00000000,0.00000000,0.00000000,0.00000000,0.00000000,0.00000000,0.00000000,0.00000000,0.00000000,NONE
MR01171[K,c],0.00000000,0.00000000,0.00000000,0.00000000,0.00000000,0.00000000,0.00000000,0.00000000,0.00000000,0.00000000,0.00000000,0.00000000,0.00000000,0.00000000,0.00000000,0.00000000,0.00000000,0.00000000,0.00000000,0.00000000,0.00000000,0.00000000,0.00000000,0.00000000,0.00000000,0.00000000,NONE
MR01172[K,c],0.00000000,0.00000000,0.00000000,0.00000000,0.00000000,0.00000000,0.00000000,0.00000000,0.00000000,0.00000000,0.00000000,0.00000000,0.00000000,0.00000000,0.00000000,0.00000000,0.00000000,0.00000000,0.00000000,0.00000000,0.00000000,0.00000000,0.00000000,0.00000000,0.00000000,0.00000000,NONE
MR01173[K,c],0.00000000,0.00000000,0.00000000,0.00000000,0.00000000,0.00000000,0.00000000,0.00000000,0.00000000,0.00000000,0.00000000,0.00000000,0.00000000,0.00000000,0.00000000,0.00000000,0.00000000,0.00000000,0.00000000,0.00000000,0.00000000,0.00000000,0.00000000,0.00000000,0.00000000,0.00000000,NONE
MR01174[K,c],0.00000000,0.00000000,0.00000000,0.00000000,0.00000000,0.00000000,0.00000000,0.00000000,0.00000000,0.00000000,0.00000000,0.00000000,0.00000000,0.00000000,0.00000000,0.00000000,0.00000000,0.00000000,0.00000000,0.00000000,0.00000000,0.00000000,0.00000000,0.00000000,0.00000000,0.00000000,NONE
MR01175[K,c],0.00000000,0.00000000,0.00000000,0.00000000,0.00000000,0.00000000,0.00000000,0.00000000,0.00000000,0.00000000,0.00000000,0.00000000,0.00000000,0.00000000,0.00000000,0.00000000,0.00000000,0.00000000,0.00000000,0.00000000,0.00000000,0.00000000,0.00000000,0.00000000,0.00000000,0.00000000,NONE
MR01176[K,c],0.00000000,0.00000000,0.00000000,0.00000000,0.00000000,0.00000000,0.00000000,0.00000000,0.00000000,0.00000000,0.00000000,0.00000000,0.00000000,0.00000000,0.00000000,0.00000000,0.00000000,0.00000000,0.00000000,0.00000000,0.00000000,0.00000000,0.00000000,0.00000000,0.00000000,0.00000000,NONE
MR01177[K,c],0.00000000,0.00000000,0.00000000,0.00000000,0.00000000,0.00000000,0.00000000,0.00000000,0.00000000,0.00000000,0.00000000,0.00000000,0.00000000,0.00000000,0.00000000,0.00000000,0.00000000,0.00000000,0.00000000,0.00000000,0.00000000,0.00000000,0.00000000,0.00000000,0.00000000,0.00000000,NONE
MR01178[K,c],0.00000000,0.00000000,0.00000000,0.00000000,0.00000000,0.00000000,0.00000000,0.00000000,0.00000000,0.00000000,0.00000000,0.00000000,0.00000000,0.00000000,0.00000000,0.00000000,0.00000000,0.00000000,0.00000000,0.00000000,0.00000000,0.00000000,0.00000000,0.00000000,0.00000000,0.00000000,NONE
MR01179[K,c],0.00000000,0.00000000,0.00000000,0.00000000,0.00000000,0.00000000,0.00000000,0.00000000,0.00000000,0.00000000,0.00000000,0.00000000,0.00000000,0.00000000,0.00000000,0.00000000,0.00000000,0.00000000,0.00000000,0.00000000,0.00000000,0.00000000,0.00000000,0.00000000,0.00000000,0.00000000,NONE
MR01180[K,c],0.00000000,0.00000000,0.00000000,0.00000000,0.00000000,0.00000000,0.00000000,0.00000000,0.00000000,0.00000000,0.00000000,0.00000000,0.00000000,0.00000000,0.00000000,0.00000000,0.00000000,0.00000000,0.00000000,0.00000000,0.00000000,0.00000000,0.00000000,0.00000000,0.00000000,0.00000000,NONE
MR01181[K,c],0.00000000,0.00000000,0.00000000,0.00000000,0.00000000,0.00000000,0.00000000,0.00000000,0.00000000,0.00000000,0.00000000,0.00000000,0.00000000,0.00000000,0.00000000,0.00000000,0.00000000,0.00000000,0.00000000,0.00000000,0.00000000,0.00000000,0.00000000,0.00000000,0.00000000,0.00000000,NONE
MR01182[K,c],0.00000000,0.00000000,0.00000000,0.00000000,0.00000000,0.00000000,0.00000000,0.00000000,0.00000000,0.00000000,0.00000000,0.00000000,0.00000000,0.00000000,0.00000000,0.00000000,0.00000000,0.00000000,0.00000000,0.00000000,0.00000000,0.00000000,0.00000000,0.00000000,0.00000000,0.00000000,NONE
MR01183[K,c],0.00000000,0.00000000,0.00000000,0.00000000,0.00000000,0.00000000,0.00000000,0.00000000,0.00000000,0.00000000,0.00000000,0.00000000,0.00000000,0.00000000,0.00000000,0.00000000,0.00000000,0.00000000,0.00000000,0.00000000,0.00000000,0.00000000,0.00000000,0.00000000,0.00000000,0.00000000,NONE
MR01184[K,c],0.00000000,0.00000000,0.00000000,0.00000000,0.00000000,0.00000000,0.00000000,0.00000000,0.00000000,0.00000000,0.00000000,0.00000000,0.00000000,0.00000000,0.00000000,0.00000000,0.00000000,0.00000000,0.00000000,0.00000000,0.00000000,0.00000000,0.00000000,0.00000000,0.00000000,0.00000000,NONE
MR01185[K,c],0.00000000,0.00000000,0.00000000,0.00000000,0.00000000,0.00000000,0.00000000,0.00000000,0.00000000,0.00000000,0.00000000,0.00000000,0.00000000,0.00000000,0.00000000,0.00000000,0.00000000,0.00000000,0.00000000,0.00000000,0.00000000,0.00000000,0.00000000,0.00000000,0.00000000,0.00000000,NONE
MR01188[K,c],0.00000000,0.00000000,0.00000000,0.00000000,0.00000000,0.00000000,0.00000000,0.00000000,0.00000000,0.00000000,0.00000000,0.00000000,0.00000000,0.00000000,0.00000000,0.00000000,0.00000000,0.00000000,0.00000000,0.00000000,0.00000000,0.00000000,0.00000000,0.00000000,0.00000000,0.00000000,NONE
MR01189[K,c],0.00000000,0.00000000,0.00000000,0.00000000,0.00000000,0.00000000,0.00000000,0.00000000,0.00000000,0.00000000,0.00000000,0.00000000,0.00000000,0.00000000,0.00000000,0.00000000,0.00000000,0.00000000,0.00000000,0.00000000,0.00000000,0.00000000,0.00000000,0.00000000,0.00000000,0.00000000,NONE
MR01190[K,c],0.00000000,0.00000000,0.00000000,0.00000000,0.00000000,0.00000000,0.00000000,0.00000000,0.00000000,0.00000000,0.00000000,0.00000000,0.00000000,0.00000000,0.00000000,0.00000000,0.00000000,0.00000000,0.00000000,0.00000000,0.00000000,0.00000000,0.00000000,0.00000000,0.00000000,0.00000000,NONE
MR01191[K,c],0.00000000,0.00000000,0.00000000,0.00000000,0.00000000,0.00000000,0.00000000,0.00000000,0.00000000,0.00000000,0.00000000,0.00000000,0.00000000,0.00000000,0.00000000,0.00000000,0.00000000,0.00000000,0.00000000,0.00000000,0.00000000,0.00000000,0.00000000,0.00000000,0.00000000,0.00000000,NONE
MR01194[K,c],0.00000000,0.00000000,0.00000000,0.00000000,0.00000000,0.00000000,0.00000000,0.00000000,0.00000000,0.00000000,0.00000000,0.00000000,0.00000000,0.00000000,0.00000000,0.00000000,0.00000000,0.00000000,0.00000000,0.00000000,0.00000000,0.00000000,0.00000000,0.00000000,0.00000000,0.00000000,NONE
MR01195[K,c],0.00000000,0.00000000,0.00000000,0.00000000,0.00000000,0.00000000,0.00000000,0.00000000,0.00000000,0.00000000,0.00000000,0.00000000,0.00000000,0.00000000,0.00000000,0.00000000,0.00000000,0.00000000,0.00000000,0.00000000,0.00000000,0.00000000,0.00000000,0.00000000,0.00000000,0.00000000,NONE
MR01196[K,c],0.00000000,0.00000000,0.00000000,0.00000000,0.00000000,0.00000000,0.00000000,0.00000000,0.00000000,0.00000000,0.00000000,0.00000000,0.00000000,0.00000000,0.00000000,0.00000000,0.00000000,0.00000000,0.00000000,0.00000000,0.00000000,0.00000000,0.00000000,0.00000000,0.00000000,0.00000000,NONE
MR01197[K,c],0.00000000,0.00000000,0.00000000,0.00000000,0.00000000,0.00000000,0.00000000,0.00000000,0.00000000,0.00000000,0.00000000,0.00000000,0.00000000,0.00000000,0.00000000,0.00000000,0.00000000,0.00000000,0.00000000,0.00000000,0.00000000,0.00000000,0.00000000,0.00000000,0.00000000,0.00000000,NONE
MR01198[K,c],0.00000000,0.00000000,0.00000000,0.00000000,0.00000000,0.00000000,0.00000000,0.00000000,0.00000000,0.00000000,0.00000000,0.00000000,0.00000000,0.00000000,0.00000000,0.00000000,0.00000000,0.00000000,0.00000000,0.00000000,0.00000000,0.00000000,0.00000000,0.00000000,0.00000000,0.00000000,NONE
MR01199[K,c],0.00000000,0.00000000,0.00000000,0.00000000,0.00000000,0.00000000,0.00000000,0.00000000,0.00000000,0.00000000,0.00000000,0.00000000,0.00000000,0.00000000,0.00000000,0.00000000,0.00000000,0.00000000,0.00000000,0.00000000,0.00000000,0.00000000,0.00000000,0.00000000,0.00000000,0.00000000,NONE
MR01200[K,c],0.00000000,0.00000000,0.00000000,0.00000000,0.00000000,0.00000000,0.00000000,0.00000000,0.00000000,0.00000000,0.00000000,0.00000000,0.00000000,0.00000000,0.00000000,0.00000000,0.00000000,0.00000000,0.00000000,0.00000000,0.00000000,0.00000000,0.00000000,0.00000000,0.00000000,0.00000000,NONE
MR01202[K,c],0.00000000,0.00000000,0.00000000,0.00000000,0.00000000,0.00000000,0.00000000,0.00000000,0.00000000,0.00000000,0.00000000,0.00000000,0.00000000,0.00000000,0.00000000,0.00000000,0.00000000,0.00000000,0.00000000,0.00000000,0.00000000,0.00000000,0.00000000,0.00000000,0.00000000,0.00000000,NONE
MR01202[K,p],0.00000000,0.00000000,0.00000000,0.00000000,0.00000000,0.00000000,0.00000000,0.00000000,0.00000000,0.00000000,0.00000000,0.00000000,0.00000000,0.00000000,0.00000000,0.00000000,0.00000000,0.00000000,0.00000000,0.00000000,0.00000000,0.00000000,0.00000000,0.00000000,0.00000000,0.00000000,NONE
MR01203[K,p],0.00000000,0.00000000,0.00000000,0.00000000,0.00000000,0.00000000,0.00000000,0.00000000,0.00000000,0.00000000,0.00000000,0.00000000,0.00000000,0.00000000,0.00000000,0.00000000,0.00000000,0.00000000,0.00000000,0.00000000,0.00000000,0.00000000,0.00000000,0.00000000,0.00000000,0.00000000,NONE
MR01204[K,c],0.00000000,0.00000000,0.00000000,0.00000000,0.00000000,0.00000000,0.00000000,0.00000000,0.00000000,0.00000000,0.00000000,0.00000000,0.00000000,0.00000000,0.00000000,0.00000000,0.00000000,0.00000000,0.00000000,0.00000000,0.00000000,0.00000000,0.00000000,0.00000000,0.00000000,0.00000000,NONE
MR01205[K,c],0.00000000,0.00000000,0.00000000,0.00000000,0.00000000,0.00000000,0.00000000,0.00000000,0.00000000,0.00000000,0.00000000,0.00000000,0.00000000,0.00000000,0.00000000,0.00000000,0.00000000,0.00000000,0.00000000,0.00000000,0.00000000,0.00000000,0.00000000,0.00000000,0.00000000,0.00000000,NONE
MR01205[K,p],0.00000000,0.00000000,0.00000000,0.00000000,0.00000000,0.00000000,0.00000000,0.00000000,0.00000000,0.00000000,0.00000000,0.00000000,0.00000000,0.00000000,0.00000000,0.00000000,0.00000000,0.00000000,0.00000000,0.00000000,0.00000000,0.00000000,0.00000000,0.00000000,0.00000000,0.00000000,NONE
MR01206[K,c],0.00000000,0.00000000,0.00000000,0.00000000,0.00000000,0.00000000,0.00000000,0.00000000,0.00000000,0.00000000,0.00000000,0.00000000,0.00000000,0.00000000,0.00000000,0.00000000,0.00000000,0.00000000,0.00000000,0.00000000,0.00000000,0.00000000,0.00000000,0.00000000,0.00000000,0.00000000,NONE
MR01207[K,c],0.00000000,0.00000000,0.00000000,0.00000000,0.00000000,0.00000000,0.00000000,0.00000000,0.00000000,0.00000000,0.00000000,0.00000000,0.00000000,0.00000000,0.00000000,0.00000000,0.00000000,0.00000000,0.00000000,0.00000000,0.00000000,0.00000000,0.00000000,0.00000000,0.00000000,0.00000000,NONE
MR01207[K,p],0.00000000,0.00000000,0.00000000,0.00000000,0.00000000,0.00000000,0.00000000,0.00000000,0.00000000,0.00000000,0.00000000,0.00000000,0.00000000,0.00000000,0.00000000,0.00000000,0.00000000,0.00000000,0.00000000,0.00000000,0.00000000,0.00000000,0.00000000,0.00000000,0.00000000,0.00000000,NONE
MR01208[K,c],0.00000000,0.00000000,0.00000000,0.00000000,0.00000000,0.00000000,0.00000000,0.00000000,0.00000000,0.00000000,0.00000000,0.00000000,0.00000000,0.00000000,0.00000000,0.00000000,0.00000000,0.00000000,0.00000000,0.00000000,0.00000000,0.00000000,0.00000000,0.00000000,0.00000000,0.00000000,NONE
MR01208[K,p],0.00000000,0.00000000,0.00000000,0.00000000,0.00000000,0.00000000,0.00000000,0.00000000,0.00000000,0.00000000,0.00000000,0.00000000,0.00000000,0.00000000,0.00000000,0.00000000,0.00000000,0.00000000,0.00000000,0.00000000,0.00000000,0.00000000,0.00000000,0.00000000,0.00000000,0.00000000,NONE
MR01209[K,c],0.00000000,0.00000000,0.00000000,0.00000000,0.00000000,0.00000000,0.00000000,0.00000000,0.00000000,0.00000000,0.00000000,0.00000000,0.00000000,0.00000000,0.00000000,0.00000000,0.00000000,0.00000000,0.00000000,0.00000000,0.00000000,0.00000000,0.00000000,0.00000000,0.00000000,0.00000000,NONE
MR01209[K,p],0.00000000,0.00000000,0.00000000,0.00000000,0.00000000,0.00000000,0.00000000,0.00000000,0.00000000,0.00000000,0.00000000,0.00000000,0.00000000,0.00000000,0.00000000,0.00000000,0.00000000,0.00000000,0.00000000,0.00000000,0.00000000,0.00000000,0.00000000,0.00000000,0.00000000,0.00000000,NONE
MR01210[K,p],0.00000000,0.00000000,0.00000000,0.00000000,0.00000000,0.00000000,0.00000000,0.00000000,0.00000000,0.00000000,0.00000000,0.00000000,0.00000000,0.00000000,0.00000000,0.00000000,0.00000000,0.00000000,0.00000000,0.00000000,0.00000000,0.00000000,0.00000000,0.00000000,0.00000000,0.00000000,NONE
MR01211[K,c],0.00000000,0.00000000,0.00000000,0.00000000,0.00000000,0.00000000,0.00000000,0.00000000,0.00000000,0.00000000,0.00000000,0.00000000,0.00000000,0.00000000,0.00000000,0.00000000,0.00000000,0.00000000,0.00000000,0.00000000,0.00000000,0.00000000,0.00000000,0.00000000,0.00000000,0.00000000,NONE
MR01211[K,p],0.00000000,0.00000000,0.00000000,0.00000000,0.00000000,0.00000000,0.00000000,0.00000000,0.00000000,0.00000000,0.00000000,0.00000000,0.00000000,0.00000000,0.00000000,0.00000000,0.00000000,0.00000000,0.00000000,0.00000000,0.00000000,0.00000000,0.00000000,0.00000000,0.00000000,0.00000000,NONE
MR01212[K,p],0.00000000,0.00000000,0.00000000,0.00000000,0.00000000,0.00000000,0.00000000,0.00000000,0.00000000,0.00000000,0.00000000,0.00000000,0.00000000,0.00000000,0.00000000,0.00000000,0.00000000,0.00000000,0.00000000,0.00000000,0.00000000,0.00000000,0.00000000,0.00000000,0.00000000,0.00000000,NONE
MR01213[K,c],0.00000000,0.00000000,0.00000000,0.00000000,0.00000000,0.00000000,0.00000000,0.00000000,0.00000000,0.00000000,0.00000000,0.00000000,0.00000000,0.00000000,0.00000000,0.00000000,0.00000000,0.00000000,0.00000000,0.00000000,0.00000000,0.00000000,0.00000000,0.00000000,0.00000000,0.00000000,NONE
MR01214[K,c],0.00000000,0.00000000,0.00000000,0.00000000,0.00000000,0.00000000,0.00000000,0.00000000,0.00000000,0.00000000,0.00000000,0.00000000,0.00000000,0.00000000,0.00000000,0.00000000,0.00000000,0.00000000,0.00000000,0.00000000,0.00000000,0.00000000,0.00000000,0.00000000,0.00000000,0.00000000,NONE
MR01214[K,p],0.00000000,0.00000000,0.00000000,0.00000000,0.00000000,0.00000000,0.00000000,0.00000000,0.00000000,0.00000000,0.00000000,0.00000000,0.00000000,0.00000000,0.00000000,0.00000000,0.00000000,0.00000000,0.00000000,0.00000000,0.00000000,0.00000000,0.00000000,0.00000000,0.00000000,0.00000000,NONE
MR01215[K,c],0.00000000,0.00000000,0.00000000,0.00000000,0.00000000,0.00000000,0.00000000,0.00000000,0.00000000,0.00000000,0.00000000,0.00000000,0.00000000,0.00000000,0.00000000,0.00000000,0.00000000,0.00000000,0.00000000,0.00000000,0.00000000,0.00000000,0.00000000,0.00000000,0.00000000,0.00000000,NONE
MR01216[K,c],0.00000000,0.00000000,0.00000000,0.00000000,0.00000000,0.00000000,0.00000000,0.00000000,0.00000000,0.00000000,0.00000000,0.00000000,0.00000000,0.00000000,0.00000000,0.00000000,0.00000000,0.00000000,0.00000000,0.00000000,0.00000000,0.00000000,0.00000000,0.00000000,0.00000000,0.00000000,NONE
MR01216[K,p],0.00000000,0.00000000,0.00000000,0.00000000,0.00000000,0.00000000,0.00000000,0.00000000,0.00000000,0.00000000,0.00000000,0.00000000,0.00000000,0.00000000,0.00000000,0.00000000,0.00000000,0.00000000,0.00000000,0.00000000,0.00000000,0.00000000,0.00000000,0.00000000,0.00000000,0.00000000,NONE
MR01217[K,c],0.00000000,0.00000000,0.00000000,0.00000000,0.00000000,0.00000000,0.00000000,0.00000000,0.00000000,0.00000000,0.00000000,0.00000000,0.00000000,0.00000000,0.00000000,0.00000000,0.00000000,0.00000000,0.00000000,0.00000000,0.00000000,0.00000000,0.00000000,0.00000000,0.00000000,0.00000000,NONE
MR01217[K,p],0.00000000,0.00000000,0.00000000,0.00000000,0.00000000,0.00000000,0.00000000,0.00000000,0.00000000,0.00000000,0.00000000,0.00000000,0.00000000,0.00000000,0.00000000,0.00000000,0.00000000,0.00000000,0.00000000,0.00000000,0.00000000,0.00000000,0.00000000,0.00000000,0.00000000,0.00000000,NONE
MR01218[K,c],0.00000000,0.00000000,0.00000000,0.00000000,0.00000000,0.00000000,0.00000000,0.00000000,0.00000000,0.00000000,0.00000000,0.00000000,0.00000000,0.00000000,0.00000000,0.00000000,0.00000000,0.00000000,0.00000000,0.00000000,0.00000000,0.00000000,0.00000000,0.00000000,0.00000000,0.00000000,NONE
MR01218[K,p],0.00000000,0.00000000,0.00000000,0.00000000,0.00000000,0.00000000,0.00000000,0.00000000,0.00000000,0.00000000,0.00000000,0.00000000,0.00000000,0.00000000,0.00000000,0.00000000,0.00000000,0.00000000,0.00000000,0.00000000,0.00000000,0.00000000,0.00000000,0.00000000,0.00000000,0.00000000,NONE
MR01219[K,p],0.00000000,0.00000000,0.00000000,0.00000000,0.00000000,0.00000000,0.00000000,0.00000000,0.00000000,0.00000000,0.00000000,0.00000000,0.00000000,0.00000000,0.00000000,0.00000000,0.00000000,0.00000000,0.00000000,0.00000000,0.00000000,0.00000000,0.00000000,0.00000000,0.00000000,0.00000000,NONE
MR01220[K,c],0.00000000,0.00000000,0.00000000,0.00000000,0.00000000,0.00000000,0.00000000,0.00000000,0.00000000,0.00000000,0.00000000,0.00000000,0.00000000,0.00000000,0.00000000,0.00000000,0.00000000,0.00000000,0.00000000,0.00000000,0.00000000,0.00000000,0.00000000,0.00000000,0.00000000,0.00000000,NONE
MR01220[K,p],0.00000000,0.00000000,0.00000000,0.00000000,0.00000000,0.00000000,0.00000000,0.00000000,0.00000000,0.00000000,0.00000000,0.00000000,0.00000000,0.00000000,0.00000000,0.00000000,0.00000000,0.00000000,0.00000000,0.00000000,0.00000000,0.00000000,0.00000000,0.00000000,0.00000000,0.00000000,NONE
MR01221[K,p],0.00000000,0.00000000,0.00000000,0.00000000,0.00000000,0.00000000,0.00000000,0.00000000,0.00000000,0.00000000,0.00000000,0.00000000,0.00000000,0.00000000,0.00000000,0.00000000,0.00000000,0.00000000,0.00000000,0.00000000,0.00000000,0.00000000,0.00000000,0.00000000,0.00000000,0.00000000,NONE
MR01222[K,c],0.00000000,0.00000000,0.00000000,0.00000000,0.00000000,0.00000000,0.00000000,0.00000000,0.00000000,0.00000000,0.00000000,0.00000000,0.00000000,0.00000000,0.00000000,0.00000000,0.00000000,0.00000000,0.00000000,0.00000000,0.00000000,0.00000000,0.00000000,0.00000000,0.00000000,0.00000000,NONE
MR01223[K,c],0.00000000,0.00000000,0.00000000,0.00000000,0.00000000,0.00000000,0.00000000,0.00000000,0.00000000,0.00000000,0.00000000,0.00000000,0.00000000,0.00000000,0.00000000,0.00000000,0.00000000,0.00000000,0.00000000,0.00000000,0.00000000,0.00000000,0.00000000,0.00000000,0.00000000,0.00000000,NONE
MR01223[K,p],0.00000000,0.00000000,0.00000000,0.00000000,0.00000000,0.00000000,0.00000000,0.00000000,0.00000000,0.00000000,0.00000000,0.00000000,0.00000000,0.00000000,0.00000000,0.00000000,0.00000000,0.00000000,0.00000000,0.00000000,0.00000000,0.00000000,0.00000000,0.00000000,0.00000000,0.00000000,NONE
MR01224[K,c],0.00000000,0.00000000,0.00000000,0.00000000,0.00000000,0.00000000,0.00000000,0.00000000,0.00000000,0.00000000,0.00000000,0.00000000,0.00000000,0.00000000,0.00000000,0.00000000,0.00000000,0.00000000,0.00000000,0.00000000,0.00000000,0.00000000,0.00000000,0.00000000,0.00000000,0.00000000,NONE
MR01225[K,c],0.00000000,0.00000000,0.00000000,0.00000000,0.00000000,0.00000000,0.00000000,0.00000000,0.00000000,0.00000000,0.00000000,0.00000000,0.00000000,0.00000000,0.00000000,0.00000000,0.00000000,0.00000000,0.00000000,0.00000000,0.00000000,0.00000000,0.00000000,0.00000000,0.00000000,0.00000000,NONE
MR01225[K,p],0.00000000,0.00000000,0.00000000,0.00000000,0.00000000,0.00000000,0.00000000,0.00000000,0.00000000,0.00000000,0.00000000,0.00000000,0.00000000,0.00000000,0.00000000,0.00000000,0.00000000,0.00000000,0.00000000,0.00000000,0.00000000,0.00000000,0.00000000,0.00000000,0.00000000,0.00000000,NONE
MR01226[K,c],0.00000000,0.00000000,0.00000000,0.00000000,0.00000000,0.00000000,0.00000000,0.00000000,0.00000000,0.00000000,0.00000000,0.00000000,0.00000000,0.00000000,0.00000000,0.00000000,0.00000000,0.00000000,0.00000000,0.00000000,0.00000000,0.00000000,0.00000000,0.00000000,0.00000000,0.00000000,NONE
MR01226[K,p],0.00000000,0.00000000,0.00000000,0.00000000,0.00000000,0.00000000,0.00000000,0.00000000,0.00000000,0.00000000,0.00000000,0.00000000,0.00000000,0.00000000,0.00000000,0.00000000,0.00000000,0.00000000,0.00000000,0.00000000,0.00000000,0.00000000,0.00000000,0.00000000,0.00000000,0.00000000,NONE
MR01227[K,c],0.00000000,0.00000000,0.00000000,0.00000000,0.00000000,0.00000000,0.00000000,0.00000000,0.00000000,0.00000000,0.00000000,0.00000000,0.00000000,0.00000000,0.00000000,0.00000000,0.00000000,0.00000000,0.00000000,0.00000000,0.00000000,0.00000000,0.00000000,0.00000000,0.00000000,0.00000000,NONE
MR01227[K,p],0.00000000,0.00000000,0.00000000,0.00000000,0.00000000,0.00000000,0.00000000,0.00000000,0.00000000,0.00000000,0.00000000,0.00000000,0.00000000,0.00000000,0.00000000,0.00000000,0.00000000,0.00000000,0.00000000,0.00000000,0.00000000,0.00000000,0.00000000,0.00000000,0.00000000,0.00000000,NONE
MR01228[K,p],0.00000000,0.00000000,0.00000000,0.00000000,0.00000000,0.00000000,0.00000000,0.00000000,0.00000000,0.00000000,0.00000000,0.00000000,0.00000000,0.00000000,0.00000000,0.00000000,0.00000000,0.00000000,0.00000000,0.00000000,0.00000000,0.00000000,0.00000000,0.00000000,0.00000000,0.00000000,NONE
MR01229[K,c],0.00000000,0.00000000,0.00000000,0.00000000,0.00000000,0.00000000,0.00000000,0.00000000,0.00000000,0.00000000,0.00000000,0.00000000,0.00000000,0.00000000,0.00000000,0.00000000,0.00000000,0.00000000,0.00000000,0.00000000,0.00000000,0.00000000,0.00000000,0.00000000,0.00000000,0.00000000,NONE
MR01229[K,p],0.00000000,0.00000000,0.00000000,0.00000000,0.00000000,0.00000000,0.00000000,0.00000000,0.00000000,0.00000000,0.00000000,0.00000000,0.00000000,0.00000000,0.00000000,0.00000000,0.00000000,0.00000000,0.00000000,0.00000000,0.00000000,0.00000000,0.00000000,0.00000000,0.00000000,0.00000000,NONE
MR01230[K,c],0.00000000,0.00000000,0.00000000,0.00000000,0.00000000,0.00000000,0.00000000,0.00000000,0.00000000,0.00000000,0.00000000,0.00000000,0.00000000,0.00000000,0.00000000,0.00000000,0.00000000,0.00000000,0.00000000,0.00000000,0.00000000,0.00000000,0.00000000,0.00000000,0.00000000,0.00000000,NONE
MR01230[K,p],0.00000000,0.00000000,0.00000000,0.00000000,0.00000000,0.00000000,0.00000000,0.00000000,0.00000000,0.00000000,0.00000000,0.00000000,0.00000000,0.00000000,0.00000000,0.00000000,0.00000000,0.00000000,0.00000000,0.00000000,0.00000000,0.00000000,0.00000000,0.00000000,0.00000000,0.00000000,NONE
MR01231[K,c],0.00000000,0.00000000,0.00000000,0.00000000,0.00000000,0.00000000,0.00000000,0.00000000,0.00000000,0.00000000,0.00000000,0.00000000,0.00000000,0.00000000,0.00000000,0.00000000,0.00000000,0.00000000,0.00000000,0.00000000,0.00000000,0.00000000,0.00000000,0.00000000,0.00000000,0.00000000,NONE
MR01231[K,p],0.00000000,0.00000000,0.00000000,0.00000000,0.00000000,0.00000000,0.00000000,0.00000000,0.00000000,0.00000000,0.00000000,0.00000000,0.00000000,0.00000000,0.00000000,0.00000000,0.00000000,0.00000000,0.00000000,0.00000000,0.00000000,0.00000000,0.00000000,0.00000000,0.00000000,0.00000000,NONE
MR01232[K,c],0.00000000,0.00000000,0.00000000,0.00000000,0.00000000,0.00000000,0.00000000,0.00000000,0.00000000,0.00000000,0.00000000,0.00000000,0.00000000,0.00000000,0.00000000,0.00000000,0.00000000,0.00000000,0.00000000,0.00000000,0.00000000,0.00000000,0.00000000,0.00000000,0.00000000,0.00000000,NONE
MR01232[K,p],0.00000000,0.00000000,0.00000000,0.00000000,0.00000000,0.00000000,0.00000000,0.00000000,0.00000000,0.00000000,0.00000000,0.00000000,0.00000000,0.00000000,0.00000000,0.00000000,0.00000000,0.00000000,0.00000000,0.00000000,0.00000000,0.00000000,0.00000000,0.00000000,0.00000000,0.00000000,NONE
MR01233[K,c],0.00000000,0.00000000,0.00000000,0.00000000,0.00000000,0.00000000,0.00000000,0.00000000,0.00000000,0.00000000,0.00000000,0.00000000,0.00000000,0.00000000,0.00000000,0.00000000,0.00000000,0.00000000,0.00000000,0.00000000,0.00000000,0.00000000,0.00000000,0.00000000,0.00000000,0.00000000,NONE
MR01233[K,p],0.00000000,0.00000000,0.00000000,0.00000000,0.00000000,0.00000000,0.00000000,0.00000000,0.00000000,0.00000000,0.00000000,0.00000000,0.00000000,0.00000000,0.00000000,0.00000000,0.00000000,0.00000000,0.00000000,0.00000000,0.00000000,0.00000000,0.00000000,0.00000000,0.00000000,0.00000000,NONE
MR01234[K,c],0.00000000,0.00000000,0.00000000,0.00000000,0.00000000,0.00000000,0.00000000,0.00000000,0.00000000,0.00000000,0.00000000,0.00000000,0.00000000,0.00000000,0.00000000,0.00000000,0.00000000,0.00000000,0.00000000,0.00000000,0.00000000,0.00000000,0.00000000,0.00000000,0.00000000,0.00000000,NONE
MR01234[K,p],0.00000000,0.00000000,0.00000000,0.00000000,0.00000000,0.00000000,0.00000000,0.00000000,0.00000000,0.00000000,0.00000000,0.00000000,0.00000000,0.00000000,0.00000000,0.00000000,0.00000000,0.00000000,0.00000000,0.00000000,0.00000000,0.00000000,0.00000000,0.00000000,0.00000000,0.00000000,NONE
MR01235[K,c],0.00000000,0.00000000,0.00000000,0.00000000,0.00000000,0.00000000,0.00000000,0.00000000,0.00000000,0.00000000,0.00000000,0.00000000,0.00000000,0.00000000,0.00000000,0.00000000,0.00000000,0.00000000,0.00000000,0.00000000,0.00000000,0.00000000,0.00000000,0.00000000,0.00000000,0.00000000,NONE
MR01236[K,c],0.00000000,0.00000000,0.00000000,0.00000000,0.00000000,0.00000000,0.00000000,0.00000000,0.00000000,0.00000000,0.00000000,0.00000000,0.00000000,0.00000000,0.00000000,0.00000000,0.00000000,0.00000000,0.00000000,0.00000000,0.00000000,0.00000000,0.00000000,0.00000000,0.00000000,0.00000000,NONE
MR01236[K,p],0.00000000,0.00000000,0.00000000,0.00000000,0.00000000,0.00000000,0.00000000,0.00000000,0.00000000,0.00000000,0.00000000,0.00000000,0.00000000,0.00000000,0.00000000,0.00000000,0.00000000,0.00000000,0.00000000,0.00000000,0.00000000,0.00000000,0.00000000,0.00000000,0.00000000,0.00000000,NONE
MR01239[K,p],0.00000000,0.00000000,0.00000000,0.00000000,0.00000000,0.00000000,0.00000000,0.00000000,0.00000000,0.00000000,0.00000000,0.00000000,0.00000000,0.00000000,0.00000000,0.00000000,0.00000000,0.00000000,0.00000000,0.00000000,0.00000000,0.00000000,0.00000000,0.00000000,0.00000000,0.00000000,NONE
MR01240[K,p],0.00000000,0.00000000,0.00000000,0.00000000,0.00000000,0.00000000,0.00000000,0.00000000,0.00000000,0.00000000,0.00000000,0.00000000,0.00000000,0.00000000,0.00000000,0.00000000,0.00000000,0.00000000,0.00000000,0.00000000,0.00000000,0.00000000,0.00000000,0.00000000,0.00000000,0.00000000,NONE
MR01242[K,c],0.00000000,0.00000000,0.00000000,0.00000000,0.00000000,0.00000000,0.00000000,0.00000000,0.00000000,0.00000000,0.00000000,0.00000000,0.00000000,0.00000000,0.00000000,0.00000000,0.00000000,0.00000000,0.00000000,0.00000000,0.00000000,0.00000000,0.00000000,0.00000000,0.00000000,0.00000000,NONE
MR01242[K,p],0.00000000,0.00000000,0.00000000,0.00000000,0.00000000,0.00000000,0.00000000,0.00000000,0.00000000,0.00000000,0.00000000,0.00000000,0.00000000,0.00000000,0.00000000,0.00000000,0.00000000,0.00000000,0.00000000,0.00000000,0.00000000,0.00000000,0.00000000,0.00000000,0.00000000,0.00000000,NONE
MR01243[K,c],0.00000000,0.00000000,0.00000000,0.00000000,0.00000000,0.00000000,0.00000000,0.00000000,0.00000000,0.00000000,0.00000000,0.00000000,0.00000000,0.00000000,0.00000000,0.00000000,0.00000000,0.00000000,0.00000000,0.00000000,0.00000000,0.00000000,0.00000000,0.00000000,0.00000000,0.00000000,NONE
MR01243[K,p],0.00000000,0.00000000,0.00000000,0.00000000,0.00000000,0.00000000,0.00000000,0.00000000,0.00000000,0.00000000,0.00000000,0.00000000,0.00000000,0.00000000,0.00000000,0.00000000,0.00000000,0.00000000,0.00000000,0.00000000,0.00000000,0.00000000,0.00000000,0.00000000,0.00000000,0.00000000,NONE
MR01244[K,c],0.00000000,0.00000000,0.00000000,0.00000000,0.00000000,0.00000000,0.00000000,0.00000000,0.00000000,0.00000000,0.00000000,0.00000000,0.00000000,0.00000000,0.00000000,0.00000000,0.00000000,0.00000000,0.00000000,0.00000000,0.00000000,0.00000000,0.00000000,0.00000000,0.00000000,0.00000000,NONE
MR01244[K,p],0.00000000,0.00000000,0.00000000,0.00000000,0.00000000,0.00000000,0.00000000,0.00000000,0.00000000,0.00000000,0.00000000,0.00000000,0.00000000,0.00000000,0.00000000,0.00000000,0.00000000,0.00000000,0.00000000,0.00000000,0.00000000,0.00000000,0.00000000,0.00000000,0.00000000,0.00000000,NONE
MR01250[K,c],0.00000000,0.00000000,0.00000000,0.00000000,0.00000000,0.00000000,0.00000000,0.00000000,0.00000000,0.00000000,0.00000000,0.00000000,0.00000000,0.00000000,0.00000000,0.00000000,0.00000000,0.00000000,0.00000000,0.00000000,0.00000000,0.00000000,0.00000000,0.00000000,0.00000000,0.00000000,NONE
MR01250[K,p],0.00000000,0.00000000,0.00000000,0.00000000,0.00000000,0.00000000,0.00000000,0.00000000,0.00000000,0.00000000,0.00000000,0.00000000,0.00000000,0.00000000,0.00000000,0.00000000,0.00000000,0.00000000,0.00000000,0.00000000,0.00000000,0.00000000,0.00000000,0.00000000,0.00000000,0.00000000,NONE
MR01251[K,c],0.00000000,0.00000000,0.00000000,0.00000000,0.00000000,0.00000000,0.00000000,0.00000000,0.00000000,0.00000000,0.00000000,0.00000000,0.00000000,0.00000000,0.00000000,0.00000000,0.00000000,0.00000000,0.00000000,0.00000000,0.00000000,0.00000000,0.00000000,0.00000000,0.00000000,0.00000000,NONE
MR01251[K,p],0.00000000,0.00000000,0.00000000,0.00000000,0.00000000,0.00000000,0.00000000,0.00000000,0.00000000,0.00000000,0.00000000,0.00000000,0.00000000,0.00000000,0.00000000,0.00000000,0.00000000,0.00000000,0.00000000,0.00000000,0.00000000,0.00000000,0.00000000,0.00000000,0.00000000,0.00000000,NONE
MR01254[K,c],0.00000000,0.00000000,0.00000000,0.00000000,0.00000000,0.00000000,0.00000000,0.00000000,0.00000000,0.00000000,0.00000000,0.00000000,0.00000000,0.00000000,0.00000000,0.00000000,0.00000000,0.00000000,0.00000000,0.00000000,0.00000000,0.00000000,0.00000000,0.00000000,0.00000000,0.00000000,NONE
MR01254[K,p],0.00000000,0.00000000,0.00000000,0.00000000,0.00000000,0.00000000,0.00000000,0.00000000,0.00000000,0.00000000,0.00000000,0.00000000,0.00000000,0.00000000,0.00000000,0.00000000,0.00000000,0.00000000,0.00000000,0.00000000,0.00000000,0.00000000,0.00000000,0.00000000,0.00000000,0.00000000,NONE
MR01255[K,c],0.00000000,0.00000000,0.00000000,0.00000000,0.00000000,0.00000000,0.00000000,0.00000000,0.00000000,0.00000000,0.00000000,0.00000000,0.00000000,0.00000000,0.00000000,0.00000000,0.00000000,0.00000000,0.00000000,0.00000000,0.00000000,0.00000000,0.00000000,0.00000000,0.00000000,0.00000000,NONE
MR01255[K,p],0.00000000,0.00000000,0.00000000,0.00000000,0.00000000,0.00000000,0.00000000,0.00000000,0.00000000,0.00000000,0.00000000,0.00000000,0.00000000,0.00000000,0.00000000,0.00000000,0.00000000,0.00000000,0.00000000,0.00000000,0.00000000,0.00000000,0.00000000,0.00000000,0.00000000,0.00000000,NONE
MR01256[K,c],0.00000000,0.00000000,0.00000000,0.00000000,0.00000000,0.00000000,0.00000000,0.00000000,0.00000000,0.00000000,0.00000000,0.00000000,0.00000000,0.00000000,0.00000000,0.00000000,0.00000000,0.00000000,0.00000000,0.00000000,0.00000000,0.00000000,0.00000000,0.00000000,0.00000000,0.00000000,NONE
MR01256[K,p],0.00000000,0.00000000,0.00000000,0.00000000,0.00000000,0.00000000,0.00000000,0.00000000,0.00000000,0.00000000,0.00000000,0.00000000,0.00000000,0.00000000,0.00000000,0.00000000,0.00000000,0.00000000,0.00000000,0.00000000,0.00000000,0.00000000,0.00000000,0.00000000,0.00000000,0.00000000,NONE
MR01257[K,c],0.00000000,0.00000000,0.00000000,0.00000000,0.00000000,0.00000000,0.00000000,0.00000000,0.00000000,0.00000000,0.00000000,0.00000000,0.00000000,0.00000000,0.00000000,0.00000000,0.00000000,0.00000000,0.00000000,0.00000000,0.00000000,0.00000000,0.00000000,0.00000000,0.00000000,0.00000000,NONE
MR01257[K,p],0.00000000,0.00000000,0.00000000,0.00000000,0.00000000,0.00000000,0.00000000,0.00000000,0.00000000,0.00000000,0.00000000,0.00000000,0.00000000,0.00000000,0.00000000,0.00000000,0.00000000,0.00000000,0.00000000,0.00000000,0.00000000,0.00000000,0.00000000,0.00000000,0.00000000,0.00000000,NONE
MR01258[K,c],0.00000000,0.00000000,0.00000000,0.00000000,0.00000000,0.00000000,0.00000000,0.00000000,0.00000000,0.00000000,0.00000000,0.00000000,0.00000000,0.00000000,0.00000000,0.00000000,0.00000000,0.00000000,0.00000000,0.00000000,0.00000000,0.00000000,0.00000000,0.00000000,0.00000000,0.00000000,NONE
MR01258[K,p],0.00000000,0.00000000,0.00000000,0.00000000,0.00000000,0.00000000,0.00000000,0.00000000,0.00000000,0.00000000,0.00000000,0.00000000,0.00000000,0.00000000,0.00000000,0.00000000,0.00000000,0.00000000,0.00000000,0.00000000,0.00000000,0.00000000,0.00000000,0.00000000,0.00000000,0.00000000,NONE
MR01263[K,c],0.00000000,0.00000000,0.00000000,0.00000000,0.00000000,0.00000000,0.00000000,0.00000000,0.00000000,0.00000000,0.00000000,0.00000000,0.00000000,0.00000000,0.00000000,0.00000000,0.00000000,0.00000000,0.00000000,0.00000000,0.00000000,0.00000000,0.00000000,0.00000000,0.00000000,0.00000000,NONE
MR01263[K,p],0.00000000,0.00000000,0.00000000,0.00000000,0.00000000,0.00000000,0.00000000,0.00000000,0.00000000,0.00000000,0.00000000,0.00000000,0.00000000,0.00000000,0.00000000,0.00000000,0.00000000,0.00000000,0.00000000,0.00000000,0.00000000,0.00000000,0.00000000,0.00000000,0.00000000,0.00000000,NONE
MR01265[K,c],0.00000000,0.00000000,0.00000000,0.00000000,0.00000000,0.00000000,0.00000000,0.00000000,0.00000000,0.00000000,0.00000000,0.00000000,0.00000000,0.00000000,0.00000000,0.00000000,0.00000000,0.00000000,0.00000000,0.00000000,0.00000000,0.00000000,0.00000000,0.00000000,0.00000000,0.00000000,NONE
MR01265[K,p],0.00000000,0.00000000,0.00000000,0.00000000,0.00000000,0.00000000,0.00000000,0.00000000,0.00000000,0.00000000,0.00000000,0.00000000,0.00000000,0.00000000,0.00000000,0.00000000,0.00000000,0.00000000,0.00000000,0.00000000,0.00000000,0.00000000,0.00000000,0.00000000,0.00000000,0.00000000,NONE
MR01266[K,c],0.00000000,0.00000000,0.00000000,0.00000000,0.00000000,0.00000000,0.00000000,0.00000000,0.00000000,0.00000000,0.00000000,0.00000000,0.00000000,0.00000000,0.00000000,0.00000000,0.00000000,0.00000000,0.00000000,0.00000000,0.00000000,0.00000000,0.00000000,0.00000000,0.00000000,0.00000000,NONE
MR01266[K,p],0.00000000,0.00000000,0.00000000,0.00000000,0.00000000,0.00000000,0.00000000,0.00000000,0.00000000,0.00000000,0.00000000,0.00000000,0.00000000,0.00000000,0.00000000,0.00000000,0.00000000,0.00000000,0.00000000,0.00000000,0.00000000,0.00000000,0.00000000,0.00000000,0.00000000,0.00000000,NONE
MR01267[K,c],0.00000000,0.00000000,0.00000000,0.00000000,0.00000000,0.00000000,0.00000000,0.00000000,0.00000000,0.00000000,0.00000000,0.00000000,0.00000000,0.00000000,0.00000000,0.00000000,0.00000000,0.00000000,0.00000000,0.00000000,0.00000000,0.00000000,0.00000000,0.00000000,0.00000000,0.00000000,NONE
MR01267[K,p],0.00000000,0.00000000,0.00000000,0.00000000,0.00000000,0.00000000,0.00000000,0.00000000,0.00000000,0.00000000,0.00000000,0.00000000,0.00000000,0.00000000,0.00000000,0.00000000,0.00000000,0.00000000,0.00000000,0.00000000,0.00000000,0.00000000,0.00000000,0.00000000,0.00000000,0.00000000,NONE
MR01269[K,c],0.00000000,0.00000000,0.00000000,0.00000000,0.00000000,0.00000000,0.00000000,0.00000000,0.00000000,0.00000000,0.00000000,0.00000000,0.00000000,0.00000000,0.00000000,0.00000000,0.00000000,0.00000000,0.00000000,0.00000000,0.00000000,0.00000000,0.00000000,0.00000000,0.00000000,0.00000000,NONE
MR01269[K,p],0.00000000,0.00000000,0.00000000,0.00000000,0.00000000,0.00000000,0.00000000,0.00000000,0.00000000,0.00000000,0.00000000,0.00000000,0.00000000,0.00000000,0.00000000,0.00000000,0.00000000,0.00000000,0.00000000,0.00000000,0.00000000,0.00000000,0.00000000,0.00000000,0.00000000,0.00000000,NONE
MR01271[K,c],0.00000000,0.00000000,0.00000000,0.00000000,0.00000000,0.00000000,0.00000000,0.00000000,0.00000000,0.00000000,0.00000000,0.00000000,0.00000000,0.00000000,0.00000000,0.00000000,0.00000000,0.00000000,0.00000000,0.00000000,0.00000000,0.00000000,0.00000000,0.00000000,0.00000000,0.00000000,NONE
MR01271[K,p],0.00000000,0.00000000,0.00000000,0.00000000,0.00000000,0.00000000,0.00000000,0.00000000,0.00000000,0.00000000,0.00000000,0.00000000,0.00000000,0.00000000,0.00000000,0.00000000,0.00000000,0.00000000,0.00000000,0.00000000,0.00000000,0.00000000,0.00000000,0.00000000,0.00000000,0.00000000,NONE
MR01272[K,c],0.00000000,0.00000000,0.00000000,0.00000000,0.00000000,0.00000000,0.00000000,0.00000000,0.00000000,0.00000000,0.00000000,0.00000000,0.00000000,0.00000000,0.00000000,0.00000000,0.00000000,0.00000000,0.00000000,0.00000000,0.00000000,0.00000000,0.00000000,0.00000000,0.00000000,0.00000000,NONE
MR01272[K,p],0.00000000,0.00000000,0.00000000,0.00000000,0.00000000,0.00000000,0.00000000,0.00000000,0.00000000,0.00000000,0.00000000,0.00000000,0.00000000,0.00000000,0.00000000,0.00000000,0.00000000,0.00000000,0.00000000,0.00000000,0.00000000,0.00000000,0.00000000,0.00000000,0.00000000,0.00000000,NONE
MR01273[K,c],0.00000000,0.00000000,0.00000000,0.00000000,0.00000000,0.00000000,0.00000000,0.00000000,0.00000000,0.00000000,0.00000000,0.00000000,0.00000000,0.00000000,0.00000000,0.00000000,0.00000000,0.00000000,0.00000000,0.00000000,0.00000000,0.00000000,0.00000000,0.00000000,0.00000000,0.00000000,NONE
MR01273[K,p],0.00000000,0.00000000,0.00000000,0.00000000,0.00000000,0.00000000,0.00000000,0.00000000,0.00000000,0.00000000,0.00000000,0.00000000,0.00000000,0.00000000,0.00000000,0.00000000,0.00000000,0.00000000,0.00000000,0.00000000,0.00000000,0.00000000,0.00000000,0.00000000,0.00000000,0.00000000,NONE
MR01277[K,c],0.00000000,0.00000000,0.00000000,0.00000000,0.00000000,0.00000000,0.00000000,0.00000000,0.00000000,0.00000000,0.00000000,0.00000000,0.00000000,0.00000000,0.00000000,0.00000000,0.00000000,0.00000000,0.00000000,0.00000000,0.00000000,0.00000000,0.00000000,0.00000000,0.00000000,0.00000000,NONE
MR01278[K,c],0.00000000,0.00000000,0.00000000,0.00000000,0.00000000,0.00000000,0.00000000,0.00000000,0.00000000,0.00000000,0.00000000,0.00000000,0.00000000,0.00000000,0.00000000,0.00000000,0.00000000,0.00000000,0.00000000,0.00000000,0.00000000,0.00000000,0.00000000,0.00000000,0.00000000,0.00000000,NONE
MR01279[K,c],0.00000000,0.00000000,0.00000000,0.00000000,0.00000000,0.00000000,0.00000000,0.00000000,0.00000000,0.00000000,0.00000000,0.00000000,0.00000000,0.00000000,0.00000000,0.00000000,0.00000000,0.00000000,0.00000000,0.00000000,0.00000000,0.00000000,0.00000000,0.00000000,0.00000000,0.00000000,NONE
MR01280[K,c],0.00000000,0.00000000,0.00000000,0.00000000,0.00000000,0.00000000,0.00000000,0.00000000,0.00000000,0.00000000,0.00000000,0.00000000,0.00000000,0.00000000,0.00000000,0.00000000,0.00000000,0.00000000,0.00000000,0.00000000,0.00000000,0.00000000,0.00000000,0.00000000,0.00000000,0.00000000,NONE
MR01283[K,c],0.00000000,0.00000000,0.00000000,0.00000000,0.00000000,0.00000000,0.00000000,0.00000000,0.00000000,0.00000000,0.00000000,0.00000000,0.00000000,0.00000000,0.00000000,0.00000000,0.00000000,0.00000000,0.00000000,0.00000000,0.00000000,0.00000000,0.00000000,0.00000000,0.00000000,0.00000000,NONE
MR01291[K,c],0.00000000,0.00000000,0.00000000,0.00000000,0.00000000,0.00000000,0.00000000,0.00000000,0.00000000,0.00000000,0.00000000,0.00000000,0.00000000,0.00000000,0.00000000,0.00000000,0.00000000,0.00000000,0.00000000,0.00000000,0.00000000,0.00000000,0.00000000,0.00000000,0.00000000,0.00000000,NONE
MR01296[K,p],0.00000000,0.00000000,0.00000000,0.00000000,0.00000000,0.00000000,0.00000000,0.00000000,0.00000000,0.00000000,0.00000000,0.00000000,0.00000000,0.00000000,0.00000000,0.00000000,0.00000000,0.00000000,0.00000000,0.00000000,0.00000000,0.00000000,0.00000000,0.00000000,0.00000000,0.00000000,NONE
PhloemImport_C00001[K,c],0.00000000,0.00000000,0.00000000,0.00000000,0.00000000,0.00000000,0.00000000,0.00000000,0.00000000,0.00000000,0.00000000,0.00000000,0.00000000,0.00000000,0.00000000,0.00000000,0.00000000,0.00000000,0.00000000,0.00000000,0.00000000,0.00000000,0.00000000,0.00000000,0.00000000,0.00000000,NONE
PhloemImport_C00002_E[K,c],0.00000000,0.00000000,0.00000000,0.00000000,0.00000000,0.00000000,0.00000000,0.00000000,0.00000000,0.00000000,0.00000000,0.00000000,0.00000000,0.00000000,0.00000000,0.00000000,0.00000000,0.00000000,0.00000000,0.00000000,0.00000000,0.00000000,0.00000000,0.00000000,0.00000000,0.00000000,NONE
PhloemImport_C00007[K,c],0.00000000,0.00000000,0.00000000,0.00000000,0.00000000,0.00000000,0.00000000,0.00000000,0.00000000,0.00000000,0.00000000,0.00000000,0.00000000,0.00000000,0.00000000,0.00000000,0.00000000,0.00000000,0.00000000,0.00000000,0.00000000,0.00000000,0.00000000,0.00000000,0.00000000,0.00000000,NONE
PhloemImport_C00008_E[K,c],0.00000000,0.00000000,0.00000000,0.00000000,0.00000000,0.00000000,0.00000000,0.00000000,0.00000000,0.00000000,0.00000000,0.00000000,0.00000000,0.00000000,0.00000000,0.00000000,0.00000000,0.00000000,0.00000000,0.00000000,0.00000000,0.00000000,0.00000000,0.00000000,0.00000000,0.00000000,NONE
PhloemImport_C00009[K,c],0.00000000,0.00000000,0.00000000,0.00000000,0.00000000,0.00000000,0.00000000,0.00000000,0.00000000,0.00000000,0.00000000,0.00000000,0.00000000,0.00000000,0.00000000,0.00000000,0.00000000,0.00000000,0.00000000,0.00000000,0.00000000,0.00000000,0.00000000,0.00000000,0.00000000,0.00000000,NONE
PhloemImport_C00015_E[K,c],0.00000000,0.00000000,0.00000000,0.00000000,0.00000000,0.00000000,0.00000000,0.00000000,0.00000000,0.00000000,0.00000000,0.00000000,0.00000000,0.00000000,0.00000000,0.00000000,0.00000000,0.00000000,0.00000000,0.00000000,0.00000000,0.00000000,0.00000000,0.00000000,0.00000000,0.00000000,NONE
PhloemImport_C00020_E[K,c],0.00000000,0.00000000,0.00000000,0.00000000,0.00000000,0.00000000,0.00000000,0.00000000,0.00000000,0.00000000,0.00000000,0.00000000,0.00000000,0.00000000,0.00000000,0.00000000,0.00000000,0.00000000,0.00000000,0.00000000,0.00000000,0.00000000,0.00000000,0.00000000,0.00000000,0.00000000,NONE
PhloemImport_C00031[K,c],0.00000000,0.00000000,0.00000000,0.00000000,0.00000000,0.00000000,0.00000000,0.00000000,0.00000000,0.00000000,0.00000000,0.00000000,0.00000000,0.00000000,0.00000000,0.00000000,0.00000000,0.00000000,0.00000000,0.00000000,0.00000000,0.00000000,0.00000000,0.00000000,0.00000000,0.00000000,NONE
PhloemImport_C00035_E[K,c],0.00000000,0.00000000,0.00000000,0.00000000,0.00000000,0.00000000,0.00000000,0.00000000,0.00000000,0.00000000,0.00000000,0.00000000,0.00000000,0.00000000,0.00000000,0.00000000,0.00000000,0.00000000,0.00000000,0.00000000,0.00000000,0.00000000,0.00000000,0.00000000,0.00000000,0.00000000,NONE
PhloemImport_C00041[K,c],0.00000000,0.00000000,0.00000000,0.00000000,0.00000000,0.00000000,0.00000000,0.00000000,0.00000000,0.00000000,0.00000000,0.00000000,0.00000000,0.00000000,0.00000000,0.00000000,0.00000000,0.00000000,0.00000000,0.00000000,0.00000000,0.00000000,0.00000000,0.00000000,0.00000000,0.00000000,NONE
PhloemImport_C00044_E[K,c],0.00000000,0.00000000,0.00000000,0.00000000,0.00000000,0.00000000,0.00000000,0.00000000,0.00000000,0.00000000,0.00000000,0.00000000,0.00000000,0.00000000,0.00000000,0.00000000,0.00000000,0.00000000,0.00000000,0.00000000,0.00000000,0.00000000,0.00000000,0.00000000,0.00000000,0.00000000,NONE
PhloemImport_C00055_E[K,c],0.00000000,0.00000000,0.00000000,0.00000000,0.00000000,0.00000000,0.00000000,0.00000000,0.00000000,0.00000000,0.00000000,0.00000000,0.00000000,0.00000000,0.00000000,0.00000000,0.00000000,0.00000000,0.00000000,0.00000000,0.00000000,0.00000000,0.00000000,0.00000000,0.00000000,0.00000000,NONE
PhloemImport_C00059[K,c],0.00000000,0.00000000,0.00000000,0.00000000,0.00000000,0.00000000,0.00000000,0.00000000,0.00000000,0.00000000,0.00000000,0.00000000,0.00000000,0.00000000,0.00000000,0.00000000,0.00000000,0.00000000,0.00000000,0.00000000,0.00000000,0.00000000,0.00000000,0.00000000,0.00000000,0.00000000,NONE
PhloemImport_C00063_E[K,c],0.00000000,0.00000000,0.00000000,0.00000000,0.00000000,0.00000000,0.00000000,0.00000000,0.00000000,0.00000000,0.00000000,0.00000000,0.00000000,0.00000000,0.00000000,0.00000000,0.00000000,0.00000000,0.00000000,0.00000000,0.00000000,0.00000000,0.00000000,0.00000000,0.00000000,0.00000000,NONE
PhloemImport_C00073[K,c],0.00000000,0.00000000,0.00000000,0.00000000,0.00000000,0.00000000,0.00000000,0.00000000,0.00000000,0.00000000,0.00000000,0.00000000,0.00000000,0.00000000,0.00000000,0.00000000,0.00000000,0.00000000,0.00000000,0.00000000,0.00000000,0.00000000,0.00000000,0.00000000,0.00000000,0.00000000,NONE
PhloemImport_C00075_E[K,c],0.00000000,0.00000000,0.00000000,0.00000000,0.00000000,0.00000000,0.00000000,0.00000000,0.00000000,0.00000000,0.00000000,0.00000000,0.00000000,0.00000000,0.00000000,0.00000000,0.00000000,0.00000000,0.00000000,0.00000000,0.00000000,0.00000000,0.00000000,0.00000000,0.00000000,0.00000000,NONE
PhloemImport_C00089_I[K,c],1000.00000000,1000.00000000,0.00000000,1000.00000000,1000.00000000,0.00000000,1000.00000000,1000.00000000,0.00000000,1000.00000000,1000.00000000,0.00000000,1000.00000000,1000.00000000,0.00000000,1000.00000000,1000.00000000,0.00000000,1000.00000000,1000.00000000,0.00000000,1000.00000000,1000.00000000,0.00000000,0.00000000,0.00000000,NONE
PhloemImport_C00105_E[K,c],0.00000000,0.00000000,0.00000000,0.00000000,0.00000000,0.00000000,0.00000000,0.00000000,0.00000000,0.00000000,0.00000000,0.00000000,0.00000000,0.00000000,0.00000000,0.00000000,0.00000000,0.00000000,0.00000000,0.00000000,0.00000000,0.00000000,0.00000000,0.00000000,0.00000000,0.00000000,NONE
PhloemImport_C00112_E[K,c],0.00000000,0.00000000,0.00000000,0.00000000,0.00000000,0.00000000,0.00000000,0.00000000,0.00000000,0.00000000,0.00000000,0.00000000,0.00000000,0.00000000,0.00000000,0.00000000,0.00000000,0.00000000,0.00000000,0.00000000,0.00000000,0.00000000,0.00000000,0.00000000,0.00000000,0.00000000,NONE
PhloemImport_C00130_E[K,c],0.00000000,0.00000000,0.00000000,0.00000000,0.00000000,0.00000000,0.00000000,0.00000000,0.00000000,0.00000000,0.00000000,0.00000000,0.00000000,0.00000000,0.00000000,0.00000000,0.00000000,0.00000000,0.00000000,0.00000000,0.00000000,0.00000000,0.00000000,0.00000000,0.00000000,0.00000000,NONE
PhloemImport_C00130_I[K,c],0.00000000,0.00000000,0.00000000,0.00000000,0.00000000,0.00000000,0.00000000,0.00000000,0.00000000,0.00000000,0.00000000,0.00000000,0.00000000,0.00000000,0.00000000,0.00000000,0.00000000,0.00000000,0.00000000,0.00000000,0.00000000,0.00000000,0.00000000,0.00000000,0.00000000,0.00000000,NONE
PhloemImport_C00135[K,c],1000.00000000,1000.00000000,0.00000000,1000.00000000,1000.00000000,0.00000000,1000.00000000,1000.00000000,0.00000000,1000.00000000,1000.00000000,0.00000000,1000.00000000,1000.00000000,0.00000000,1000.00000000,1000.00000000,0.00000000,1000.00000000,1000.00000000,0.00000000,1000.00000000,1000.00000000,0.00000000,0.00000000,0.00000000,NONE
PhloemImport_C00137_E[K,c],0.00000000,0.00000000,0.00000000,0.00000000,0.00000000,0.00000000,0.00000000,0.00000000,0.00000000,0.00000000,0.00000000,0.00000000,0.00000000,0.00000000,0.00000000,0.00000000,0.00000000,0.00000000,0.00000000,0.00000000,0.00000000,0.00000000,0.00000000,0.00000000,0.00000000,0.00000000,NONE
PhloemImport_C00144_E[K,c],0.00000000,0.00000000,0.00000000,0.00000000,0.00000000,0.00000000,0.00000000,0.00000000,0.00000000,0.00000000,0.00000000,0.00000000,0.00000000,0.00000000,0.00000000,0.00000000,0.00000000,0.00000000,0.00000000,0.00000000,0.00000000,0.00000000,0.00000000,0.00000000,0.00000000,0.00000000,NONE
PhloemImport_C00188[K,c],0.00000000,0.00000000,0.00000000,0.00000000,0.00000000,0.00000000,0.00000000,0.00000000,0.00000000,0.00000000,0.00000000,0.00000000,0.00000000,0.00000000,0.00000000,0.00000000,0.00000000,0.00000000,0.00000000,0.00000000,0.00000000,0.00000000,0.00000000,0.00000000,0.00000000,0.00000000,NONE
PhloemImport_C00238[K,c],0.00000000,0.00000000,0.00000000,0.00000000,0.00000000,0.00000000,0.00000000,0.00000000,0.00000000,0.00000000,0.00000000,0.00000000,0.00000000,0.00000000,0.00000000,0.00000000,0.00000000,0.00000000,0.00000000,0.00000000,0.00000000,0.00000000,0.00000000,0.00000000,0.00000000,0.00000000,NONE
PhloemImport_C00283[K,c],0.00000000,0.00000000,0.00000000,0.00000000,0.00000000,0.00000000,0.00000000,0.00000000,0.00000000,0.00000000,0.00000000,0.00000000,0.00000000,0.00000000,0.00000000,0.00000000,0.00000000,0.00000000,0.00000000,0.00000000,0.00000000,0.00000000,0.00000000,0.00000000,0.00000000,0.00000000,NONE
PhloemImport_C00288[K,c],0.00000000,0.00000000,0.00000000,0.00000000,0.00000000,0.00000000,0.00000000,0.00000000,0.00000000,0.00000000,0.00000000,0.00000000,0.00000000,0.00000000,0.00000000,0.00000000,0.00000000,0.00000000,0.00000000,0.00000000,0.00000000,0.00000000,0.00000000,0.00000000,0.00000000,0.00000000,NONE
PhloemImport_C00305[K,c],0.00000000,0.00000000,0.00000000,0.00000000,0.00000000,0.00000000,0.00000000,0.00000000,0.00000000,0.00000000,0.00000000,0.00000000,0.00000000,0.00000000,0.00000000,0.00000000,0.00000000,0.00000000,0.00000000,0.00000000,0.00000000,0.00000000,0.00000000,0.00000000,0.00000000,0.00000000,NONE
PhloemImport_C00698[K,c],0.00000000,0.00000000,0.00000000,0.00000000,0.00000000,0.00000000,0.00000000,0.00000000,0.00000000,0.00000000,0.00000000,0.00000000,0.00000000,0.00000000,0.00000000,0.00000000,0.00000000,0.00000000,0.00000000,0.00000000,0.00000000,0.00000000,0.00000000,0.00000000,0.00000000,0.00000000,NONE
PhloemImport_C00954[K,c],0.00000000,0.00000000,0.00000000,0.00000000,0.00000000,0.00000000,0.00000000,0.00000000,0.00000000,0.00000000,0.00000000,0.00000000,0.00000000,0.00000000,0.00000000,0.00000000,0.00000000,0.00000000,0.00000000,0.00000000,0.00000000,0.00000000,0.00000000,0.00000000,0.00000000,0.00000000,NONE
PhloemTransport_C00001[K,c],0.00000000,0.00000000,0.00000000,0.00000000,0.00000000,0.00000000,0.00000000,0.00000000,0.00000000,0.00000000,0.00000000,0.00000000,0.00000000,0.00000000,0.00000000,0.00000000,0.00000000,0.00000000,0.00000000,0.00000000,0.00000000,0.00000000,0.00000000,0.00000000,0.00000000,0.00000000,NONE
PhloemTransport_C00031[K,c],0.00000000,0.00000000,0.00000000,0.00000000,0.00000000,0.00000000,0.00000000,0.00000000,0.00000000,0.00000000,0.00000000,0.00000000,0.00000000,0.00000000,0.00000000,0.00000000,0.00000000,0.00000000,0.00000000,0.00000000,0.00000000,0.00000000,0.00000000,0.00000000,0.00000000,0.00000000,NONE
PhloemTransport_C00041[K,c],0.00000000,0.00000000,0.00000000,0.00000000,0.00000000,0.00000000,0.00000000,0.00000000,0.00000000,0.00000000,0.00000000,0.00000000,0.00000000,0.00000000,0.00000000,0.00000000,0.00000000,0.00000000,0.00000000,0.00000000,0.00000000,0.00000000,0.00000000,0.00000000,0.00000000,0.00000000,NONE
PhloemTransport_C00059[K,c],0.00000000,0.00000000,0.00000000,0.00000000,0.00000000,0.00000000,0.00000000,0.00000000,0.00000000,0.00000000,0.00000000,0.00000000,0.00000000,0.00000000,0.00000000,0.00000000,0.00000000,0.00000000,0.00000000,0.00000000,0.00000000,0.00000000,0.00000000,0.00000000,0.00000000,0.00000000,NONE
PhloemTransport_C00073[K,c],0.00000000,0.00000000,0.00000000,0.00000000,0.00000000,0.00000000,0.00000000,0.00000000,0.00000000,0.00000000,0.00000000,0.00000000,0.00000000,0.00000000,0.00000000,0.00000000,0.00000000,0.00000000,0.00000000,0.00000000,0.00000000,0.00000000,0.00000000,0.00000000,0.00000000,0.00000000,NONE
PhloemTransport_C00089[K,c],1000.00000000,1000.00000000,0.00000000,1000.00000000,1000.00000000,0.00000000,1000.00000000,1000.00000000,0.00000000,1000.00000000,1000.00000000,0.00000000,1000.00000000,1000.00000000,0.00000000,1000.00000000,1000.00000000,0.00000000,1000.00000000,1000.00000000,0.00000000,1000.00000000,1000.00000000,0.00000000,0.00000000,0.00000000,NONE
PhloemTransport_C00130[K,c],0.00000000,0.00000000,0.00000000,0.00000000,0.00000000,0.00000000,0.00000000,0.00000000,0.00000000,0.00000000,0.00000000,0.00000000,0.00000000,0.00000000,0.00000000,0.00000000,0.00000000,0.00000000,0.00000000,0.00000000,0.00000000,0.00000000,0.00000000,0.00000000,0.00000000,0.00000000,NONE
PhloemTransport_C00135[K,c],1000.00000000,1000.00000000,0.00000000,1000.00000000,1000.00000000,0.00000000,1000.00000000,1000.00000000,0.00000000,1000.00000000,1000.00000000,0.00000000,1000.00000000,1000.00000000,0.00000000,1000.00000000,1000.00000000,0.00000000,1000.00000000,1000.00000000,0.00000000,1000.00000000,1000.00000000,0.00000000,0.00000000,0.00000000,NONE
PhloemTransport_C00188[K,c],0.00000000,0.00000000,0.00000000,0.00000000,0.00000000,0.00000000,0.00000000,0.00000000,0.00000000,0.00000000,0.00000000,0.00000000,0.00000000,0.00000000,0.00000000,0.00000000,0.00000000,0.00000000,0.00000000,0.00000000,0.00000000,0.00000000,0.00000000,0.00000000,0.00000000,0.00000000,NONE
PhloemTransport_C00283[K,c],0.00000000,0.00000000,0.00000000,0.00000000,0.00000000,0.00000000,0.00000000,0.00000000,0.00000000,0.00000000,0.00000000,0.00000000,0.00000000,0.00000000,0.00000000,0.00000000,0.00000000,0.00000000,0.00000000,0.00000000,0.00000000,0.00000000,0.00000000,0.00000000,0.00000000,0.00000000,NONE
PhloemTransport_C00288[K,c],0.00000000,0.00000000,0.00000000,0.00000000,0.00000000,0.00000000,0.00000000,0.00000000,0.00000000,0.00000000,0.00000000,0.00000000,0.00000000,0.00000000,0.00000000,0.00000000,0.00000000,0.00000000,0.00000000,0.00000000,0.00000000,0.00000000,0.00000000,0.00000000,0.00000000,0.00000000,NONE
PhloemTransport_C00698[K,c],0.00000000,0.00000000,0.00000000,0.00000000,0.00000000,0.00000000,0.00000000,0.00000000,0.00000000,0.00000000,0.00000000,0.00000000,0.00000000,0.00000000,0.00000000,0.00000000,0.00000000,0.00000000,0.00000000,0.00000000,0.00000000,0.00000000,0.00000000,0.00000000,0.00000000,0.00000000,NONE
PhloemTransport_C00954[K,c],0.00000000,0.00000000,0.00000000,0.00000000,0.00000000,0.00000000,0.00000000,0.00000000,0.00000000,0.00000000,0.00000000,0.00000000,0.00000000,0.00000000,0.00000000,0.00000000,0.00000000,0.00000000,0.00000000,0.00000000,0.00000000,0.00000000,0.00000000,0.00000000,0.00000000,0.00000000,NONE
R00002[K,x],0.00000000,0.00000000,0.00000000,0.00000000,0.00000000,0.00000000,0.00000000,0.00000000,0.00000000,0.00000000,0.00000000,0.00000000,0.00000000,0.00000000,0.00000000,0.00000000,0.00000000,0.00000000,0.00000000,0.00000000,0.00000000,0.00000000,0.00000000,0.00000000,0.00000000,0.00000000,NONE
R00010[K,c],0.00000000,0.00000000,0.00000000,0.00000000,0.00000000,0.00000000,0.00000000,0.00000000,0.00000000,0.00000000,0.00000000,0.00000000,0.00000000,0.00000000,0.00000000,0.00000000,0.00000000,0.00000000,0.00000000,0.00000000,0.00000000,0.00000000,0.00000000,0.00000000,0.00000000,0.00000000,NONE
R00010[K,p],0.00000000,0.00000000,0.00000000,0.00000000,0.00000000,0.00000000,0.00000000,0.00000000,0.00000000,0.00000000,0.00000000,0.00000000,0.00000000,0.00000000,0.00000000,0.00000000,0.00000000,0.00000000,0.00000000,0.00000000,0.00000000,0.00000000,0.00000000,0.00000000,0.00000000,0.00000000,NONE
R00014[K,m],0.00000000,0.00000000,0.00000000,0.00000000,0.00000000,0.00000000,0.00000000,0.00000000,0.00000000,0.00000000,0.00000000,0.00000000,0.00000000,0.00000000,0.00000000,0.00000000,0.00000000,0.00000000,0.00000000,0.00000000,0.00000000,0.00000000,0.00000000,0.00000000,0.00000000,0.00000000,NONE
R00017[K,c],0.00000000,0.00000000,0.00000000,0.00000000,0.00000000,0.00000000,0.00000000,0.00000000,0.00000000,0.00000000,0.00000000,0.00000000,0.00000000,0.00000000,0.00000000,0.00000000,0.00000000,0.00000000,0.00000000,0.00000000,0.00000000,0.00000000,0.00000000,0.00000000,0.00000000,0.00000000,NONE
R00022[K,c],0.00000000,0.00000000,0.00000000,0.00000000,0.00000000,0.00000000,0.00000000,0.00000000,0.00000000,0.00000000,0.00000000,0.00000000,0.00000000,0.00000000,0.00000000,0.00000000,0.00000000,0.00000000,0.00000000,0.00000000,0.00000000,0.00000000,0.00000000,0.00000000,0.00000000,0.00000000,NONE
R00022[K,p],0.00000000,0.00000000,0.00000000,0.00000000,0.00000000,0.00000000,0.00000000,0.00000000,0.00000000,0.00000000,0.00000000,0.00000000,0.00000000,0.00000000,0.00000000,0.00000000,0.00000000,0.00000000,0.00000000,0.00000000,0.00000000,0.00000000,0.00000000,0.00000000,0.00000000,0.00000000,NONE
R00026_mod[K,p],0.00000000,0.00000000,0.00000000,0.00000000,0.00000000,0.00000000,0.00000000,0.00000000,0.00000000,0.00000000,0.00000000,0.00000000,0.00000000,0.00000000,0.00000000,0.00000000,0.00000000,0.00000000,0.00000000,0.00000000,0.00000000,0.00000000,0.00000000,0.00000000,0.00000000,0.00000000,NONE
R00028[K,p],0.00000000,0.00000000,0.00000000,0.00000000,0.00000000,0.00000000,0.00000000,0.00000000,0.00000000,0.00000000,0.00000000,0.00000000,0.00000000,0.00000000,0.00000000,0.00000000,0.00000000,0.00000000,0.00000000,0.00000000,0.00000000,0.00000000,0.00000000,0.00000000,0.00000000,0.00000000,NONE
R00036[K,p],0.00000000,0.00000000,0.00000000,0.00000000,0.00000000,0.00000000,0.00000000,0.00000000,0.00000000,0.00000000,0.00000000,0.00000000,0.00000000,0.00000000,0.00000000,0.00000000,0.00000000,0.00000000,0.00000000,0.00000000,0.00000000,0.00000000,0.00000000,0.00000000,0.00000000,0.00000000,NONE
R00047[K,p],0.00000000,0.00000000,0.00000000,0.00000000,0.00000000,0.00000000,0.00000000,0.00000000,0.00000000,0.00000000,0.00000000,0.00000000,0.00000000,0.00000000,0.00000000,0.00000000,0.00000000,0.00000000,0.00000000,0.00000000,0.00000000,0.00000000,0.00000000,0.00000000,0.00000000,0.00000000,NONE
R00056[K,c],0.00000000,0.00000000,0.00000000,0.00000000,0.00000000,0.00000000,0.00000000,0.00000000,0.00000000,0.00000000,0.00000000,0.00000000,0.00000000,0.00000000,0.00000000,0.00000000,0.00000000,0.00000000,0.00000000,0.00000000,0.00000000,0.00000000,0.00000000,0.00000000,0.00000000,0.00000000,NONE
R00063[K,c],0.00000000,0.00000000,0.00000000,0.00000000,0.00000000,0.00000000,0.00000000,0.00000000,0.00000000,0.00000000,0.00000000,0.00000000,0.00000000,0.00000000,0.00000000,0.00000000,0.00000000,0.00000000,0.00000000,0.00000000,0.00000000,0.00000000,0.00000000,0.00000000,0.00000000,0.00000000,NONE
R00078[K,p],0.00000000,0.00000000,0.00000000,0.00000000,0.00000000,0.00000000,0.00000000,0.00000000,0.00000000,0.00000000,0.00000000,0.00000000,0.00000000,0.00000000,0.00000000,0.00000000,0.00000000,0.00000000,0.00000000,0.00000000,0.00000000,0.00000000,0.00000000,0.00000000,0.00000000,0.00000000,NONE
R00081_mod[K,m],0.00000000,0.00000000,0.00000000,0.00000000,0.00000000,0.00000000,0.00000000,0.00000000,0.00000000,0.00000000,0.00000000,0.00000000,0.00000000,0.00000000,0.00000000,0.00000000,0.00000000,0.00000000,0.00000000,0.00000000,0.00000000,0.00000000,0.00000000,0.00000000,0.00000000,0.00000000,NONE
R00084[K,p],0.00000000,0.00000000,0.00000000,0.00000000,0.00000000,0.00000000,0.00000000,0.00000000,0.00000000,0.00000000,0.00000000,0.00000000,0.00000000,0.00000000,0.00000000,0.00000000,0.00000000,0.00000000,0.00000000,0.00000000,0.00000000,0.00000000,0.00000000,0.00000000,0.00000000,0.00000000,NONE
R00086[K,c],0.00000000,0.00000000,0.00000000,0.00000000,0.00000000,0.00000000,0.00000000,0.00000000,0.00000000,0.00000000,0.00000000,0.00000000,0.00000000,0.00000000,0.00000000,0.00000000,0.00000000,0.00000000,0.00000000,0.00000000,0.00000000,0.00000000,0.00000000,0.00000000,0.00000000,0.00000000,NONE
R00086[K,i],0.00000000,0.00000000,0.00000000,0.00000000,0.00000000,0.00000000,0.00000000,0.00000000,0.00000000,0.00000000,0.00000000,0.00000000,0.00000000,0.00000000,0.00000000,0.00000000,0.00000000,0.00000000,0.00000000,0.00000000,0.00000000,0.00000000,0.00000000,0.00000000,0.00000000,0.00000000,NONE
R00086[K,m],0.00000000,0.00000000,0.00000000,0.00000000,0.00000000,0.00000000,0.00000000,0.00000000,0.00000000,0.00000000,0.00000000,0.00000000,0.00000000,0.00000000,0.00000000,0.00000000,0.00000000,0.00000000,0.00000000,0.00000000,0.00000000,0.00000000,0.00000000,0.00000000,0.00000000,0.00000000,NONE
R00086[K,p],0.00000000,0.00000000,0.00000000,0.00000000,0.00000000,0.00000000,0.00000000,0.00000000,0.00000000,0.00000000,0.00000000,0.00000000,0.00000000,0.00000000,0.00000000,0.00000000,0.00000000,0.00000000,0.00000000,0.00000000,0.00000000,0.00000000,0.00000000,0.00000000,0.00000000,0.00000000,NONE
R00086[K,pm],0.00000000,0.00000000,0.00000000,0.00000000,0.00000000,0.00000000,0.00000000,0.00000000,0.00000000,0.00000000,0.00000000,0.00000000,0.00000000,0.00000000,0.00000000,0.00000000,0.00000000,0.00000000,0.00000000,0.00000000,0.00000000,0.00000000,0.00000000,0.00000000,0.00000000,0.00000000,NONE
R00086[K,v],0.00000000,0.00000000,0.00000000,0.00000000,0.00000000,0.00000000,0.00000000,0.00000000,0.00000000,0.00000000,0.00000000,0.00000000,0.00000000,0.00000000,0.00000000,0.00000000,0.00000000,0.00000000,0.00000000,0.00000000,0.00000000,0.00000000,0.00000000,0.00000000,0.00000000,0.00000000,NONE
R00089[K,c],0.00000000,0.00000000,0.00000000,0.00000000,0.00000000,0.00000000,0.00000000,0.00000000,0.00000000,0.00000000,0.00000000,0.00000000,0.00000000,0.00000000,0.00000000,0.00000000,0.00000000,0.00000000,0.00000000,0.00000000,0.00000000,0.00000000,0.00000000,0.00000000,0.00000000,0.00000000,NONE
R00089[K,m],0.00000000,0.00000000,0.00000000,0.00000000,0.00000000,0.00000000,0.00000000,0.00000000,0.00000000,0.00000000,0.00000000,0.00000000,0.00000000,0.00000000,0.00000000,0.00000000,0.00000000,0.00000000,0.00000000,0.00000000,0.00000000,0.00000000,0.00000000,0.00000000,0.00000000,0.00000000,NONE
R00089[K,x],0.00000000,0.00000000,0.00000000,0.00000000,0.00000000,0.00000000,0.00000000,0.00000000,0.00000000,0.00000000,0.00000000,0.00000000,0.00000000,0.00000000,0.00000000,0.00000000,0.00000000,0.00000000,0.00000000,0.00000000,0.00000000,0.00000000,0.00000000,0.00000000,0.00000000,0.00000000,NONE
R00095[K,p],0.00000000,0.00000000,0.00000000,0.00000000,0.00000000,0.00000000,0.00000000,0.00000000,0.00000000,0.00000000,0.00000000,0.00000000,0.00000000,0.00000000,0.00000000,0.00000000,0.00000000,0.00000000,0.00000000,0.00000000,0.00000000,0.00000000,0.00000000,0.00000000,0.00000000,0.00000000,NONE
R00095[K,x],0.00000000,0.00000000,0.00000000,0.00000000,0.00000000,0.00000000,0.00000000,0.00000000,0.00000000,0.00000000,0.00000000,0.00000000,0.00000000,0.00000000,0.00000000,0.00000000,0.00000000,0.00000000,0.00000000,0.00000000,0.00000000,0.00000000,0.00000000,0.00000000,0.00000000,0.00000000,NONE
R00100[K,c],0.00000000,0.00000000,0.00000000,0.00000000,0.00000000,0.00000000,0.00000000,0.00000000,0.00000000,0.00000000,0.00000000,0.00000000,0.00000000,0.00000000,0.00000000,0.00000000,0.00000000,0.00000000,0.00000000,0.00000000,0.00000000,0.00000000,0.00000000,0.00000000,0.00000000,0.00000000,NONE
R00104[K,c],0.00000000,0.00000000,0.00000000,0.00000000,0.00000000,0.00000000,0.00000000,0.00000000,0.00000000,0.00000000,0.00000000,0.00000000,0.00000000,0.00000000,0.00000000,0.00000000,0.00000000,0.00000000,0.00000000,0.00000000,0.00000000,0.00000000,0.00000000,0.00000000,0.00000000,0.00000000,NONE
R00104[K,p],0.00000000,0.00000000,0.00000000,0.00000000,0.00000000,0.00000000,0.00000000,0.00000000,0.00000000,0.00000000,0.00000000,0.00000000,0.00000000,0.00000000,0.00000000,0.00000000,0.00000000,0.00000000,0.00000000,0.00000000,0.00000000,0.00000000,0.00000000,0.00000000,0.00000000,0.00000000,NONE
R00105[K,m],0.00000000,0.00000000,0.00000000,0.00000000,0.00000000,0.00000000,0.00000000,0.00000000,0.00000000,0.00000000,0.00000000,0.00000000,0.00000000,0.00000000,0.00000000,0.00000000,0.00000000,0.00000000,0.00000000,0.00000000,0.00000000,0.00000000,0.00000000,0.00000000,0.00000000,0.00000000,NONE
R00112[K,c],0.00000000,0.00000000,0.00000000,0.00000000,0.00000000,0.00000000,0.00000000,0.00000000,0.00000000,0.00000000,0.00000000,0.00000000,0.00000000,0.00000000,0.00000000,0.00000000,0.00000000,0.00000000,0.00000000,0.00000000,0.00000000,0.00000000,0.00000000,0.00000000,0.00000000,0.00000000,NONE
R00112[K,p],0.00000000,0.00000000,0.00000000,0.00000000,0.00000000,0.00000000,0.00000000,0.00000000,0.00000000,0.00000000,0.00000000,0.00000000,0.00000000,0.00000000,0.00000000,0.00000000,0.00000000,0.00000000,0.00000000,0.00000000,0.00000000,0.00000000,0.00000000,0.00000000,0.00000000,0.00000000,NONE
R00118[K,c],0.00000000,0.00000000,0.00000000,0.00000000,0.00000000,0.00000000,0.00000000,0.00000000,0.00000000,0.00000000,0.00000000,0.00000000,0.00000000,0.00000000,0.00000000,0.00000000,0.00000000,0.00000000,0.00000000,0.00000000,0.00000000,0.00000000,0.00000000,0.00000000,0.00000000,0.00000000,NONE
R00118[K,p],0.00000000,0.00000000,0.00000000,0.00000000,0.00000000,0.00000000,0.00000000,0.00000000,0.00000000,0.00000000,0.00000000,0.00000000,0.00000000,0.00000000,0.00000000,0.00000000,0.00000000,0.00000000,0.00000000,0.00000000,0.00000000,0.00000000,0.00000000,0.00000000,0.00000000,0.00000000,NONE
R00127[K,m],0.00000000,0.00000000,0.00000000,0.00000000,0.00000000,0.00000000,0.00000000,0.00000000,0.00000000,0.00000000,0.00000000,0.00000000,0.00000000,0.00000000,0.00000000,0.00000000,0.00000000,0.00000000,0.00000000,0.00000000,0.00000000,0.00000000,0.00000000,0.00000000,0.00000000,0.00000000,NONE
R00130[K,p],0.00000000,0.00000000,0.00000000,0.00000000,0.00000000,0.00000000,0.00000000,0.00000000,0.00000000,0.00000000,0.00000000,0.00000000,0.00000000,0.00000000,0.00000000,0.00000000,0.00000000,0.00000000,0.00000000,0.00000000,0.00000000,0.00000000,0.00000000,0.00000000,0.00000000,0.00000000,NONE
R00132[K,c],0.00000000,0.00000000,0.00000000,0.00000000,0.00000000,0.00000000,0.00000000,0.00000000,0.00000000,0.00000000,0.00000000,0.00000000,0.00000000,0.00000000,0.00000000,0.00000000,0.00000000,0.00000000,0.00000000,0.00000000,0.00000000,0.00000000,0.00000000,0.00000000,0.00000000,0.00000000,NONE
R00134[K,p],0.00000000,0.00000000,0.00000000,0.00000000,0.00000000,0.00000000,0.00000000,0.00000000,0.00000000,0.00000000,0.00000000,0.00000000,0.00000000,0.00000000,0.00000000,0.00000000,0.00000000,0.00000000,0.00000000,0.00000000,0.00000000,0.00000000,0.00000000,0.00000000,0.00000000,0.00000000,NONE
R00155[K,p],0.00000000,0.00000000,0.00000000,0.00000000,0.00000000,0.00000000,0.00000000,0.00000000,0.00000000,0.00000000,0.00000000,0.00000000,0.00000000,0.00000000,0.00000000,0.00000000,0.00000000,0.00000000,0.00000000,0.00000000,0.00000000,0.00000000,0.00000000,0.00000000,0.00000000,0.00000000,NONE
R00161[K,p],0.00000000,0.00000000,0.00000000,0.00000000,0.00000000,0.00000000,0.00000000,0.00000000,0.00000000,0.00000000,0.00000000,0.00000000,0.00000000,0.00000000,0.00000000,0.00000000,0.00000000,0.00000000,0.00000000,0.00000000,0.00000000,0.00000000,0.00000000,0.00000000,0.00000000,0.00000000,NONE
R00164[K,c],0.00000000,0.00000000,0.00000000,0.00000000,0.00000000,0.00000000,0.00000000,0.00000000,0.00000000,0.00000000,0.00000000,0.00000000,0.00000000,0.00000000,0.00000000,0.00000000,0.00000000,0.00000000,0.00000000,0.00000000,0.00000000,0.00000000,0.00000000,0.00000000,0.00000000,0.00000000,NONE
R00174[K,p],0.00000000,0.00000000,0.00000000,0.00000000,0.00000000,0.00000000,0.00000000,0.00000000,0.00000000,0.00000000,0.00000000,0.00000000,0.00000000,0.00000000,0.00000000,0.00000000,0.00000000,0.00000000,0.00000000,0.00000000,0.00000000,0.00000000,0.00000000,0.00000000,0.00000000,0.00000000,NONE
R00175[K,c],0.00000000,0.00000000,0.00000000,0.00000000,0.00000000,0.00000000,0.00000000,0.00000000,0.00000000,0.00000000,0.00000000,0.00000000,0.00000000,0.00000000,0.00000000,0.00000000,0.00000000,0.00000000,0.00000000,0.00000000,0.00000000,0.00000000,0.00000000,0.00000000,0.00000000,0.00000000,NONE
R00175[K,m],0.00000000,0.00000000,0.00000000,0.00000000,0.00000000,0.00000000,0.00000000,0.00000000,0.00000000,0.00000000,0.00000000,0.00000000,0.00000000,0.00000000,0.00000000,0.00000000,0.00000000,0.00000000,0.00000000,0.00000000,0.00000000,0.00000000,0.00000000,0.00000000,0.00000000,0.00000000,NONE
R00175[K,p],0.00000000,0.00000000,0.00000000,0.00000000,0.00000000,0.00000000,0.00000000,0.00000000,0.00000000,0.00000000,0.00000000,0.00000000,0.00000000,0.00000000,0.00000000,0.00000000,0.00000000,0.00000000,0.00000000,0.00000000,0.00000000,0.00000000,0.00000000,0.00000000,0.00000000,0.00000000,NONE
R00178[K,c],0.00000000,0.00000000,0.00000000,0.00000000,0.00000000,0.00000000,0.00000000,0.00000000,0.00000000,0.00000000,0.00000000,0.00000000,0.00000000,0.00000000,0.00000000,0.00000000,0.00000000,0.00000000,0.00000000,0.00000000,0.00000000,0.00000000,0.00000000,0.00000000,0.00000000,0.00000000,NONE
R00178[K,m],0.00000000,0.00000000,0.00000000,0.00000000,0.00000000,0.00000000,0.00000000,0.00000000,0.00000000,0.00000000,0.00000000,0.00000000,0.00000000,0.00000000,0.00000000,0.00000000,0.00000000,0.00000000,0.00000000,0.00000000,0.00000000,0.00000000,0.00000000,0.00000000,0.00000000,0.00000000,NONE
R00178[K,p],0.00000000,0.00000000,0.00000000,0.00000000,0.00000000,0.00000000,0.00000000,0.00000000,0.00000000,0.00000000,0.00000000,0.00000000,0.00000000,0.00000000,0.00000000,0.00000000,0.00000000,0.00000000,0.00000000,0.00000000,0.00000000,0.00000000,0.00000000,0.00000000,0.00000000,0.00000000,NONE
R00179[K,p],0.00000000,0.00000000,0.00000000,0.00000000,0.00000000,0.00000000,0.00000000,0.00000000,0.00000000,0.00000000,0.00000000,0.00000000,0.00000000,0.00000000,0.00000000,0.00000000,0.00000000,0.00000000,0.00000000,0.00000000,0.00000000,0.00000000,0.00000000,0.00000000,0.00000000,0.00000000,NONE
R00181[K,c],0.00000000,0.00000000,0.00000000,0.00000000,0.00000000,0.00000000,0.00000000,0.00000000,0.00000000,0.00000000,0.00000000,0.00000000,0.00000000,0.00000000,0.00000000,0.00000000,0.00000000,0.00000000,0.00000000,0.00000000,0.00000000,0.00000000,0.00000000,0.00000000,0.00000000,0.00000000,NONE
R00187[K,c],0.00000000,0.00000000,0.00000000,0.00000000,0.00000000,0.00000000,0.00000000,0.00000000,0.00000000,0.00000000,0.00000000,0.00000000,0.00000000,0.00000000,0.00000000,0.00000000,0.00000000,0.00000000,0.00000000,0.00000000,0.00000000,0.00000000,0.00000000,0.00000000,0.00000000,0.00000000,NONE
R00187[K,m],0.00000000,0.00000000,0.00000000,0.00000000,0.00000000,0.00000000,0.00000000,0.00000000,0.00000000,0.00000000,0.00000000,0.00000000,0.00000000,0.00000000,0.00000000,0.00000000,0.00000000,0.00000000,0.00000000,0.00000000,0.00000000,0.00000000,0.00000000,0.00000000,0.00000000,0.00000000,NONE
R00187[K,p],0.00000000,0.00000000,0.00000000,0.00000000,0.00000000,0.00000000,0.00000000,0.00000000,0.00000000,0.00000000,0.00000000,0.00000000,0.00000000,0.00000000,0.00000000,0.00000000,0.00000000,0.00000000,0.00000000,0.00000000,0.00000000,0.00000000,0.00000000,0.00000000,0.00000000,0.00000000,NONE
R00187[K,pm],0.00000000,0.00000000,0.00000000,0.00000000,0.00000000,0.00000000,0.00000000,0.00000000,0.00000000,0.00000000,0.00000000,0.00000000,0.00000000,0.00000000,0.00000000,0.00000000,0.00000000,0.00000000,0.00000000,0.00000000,0.00000000,0.00000000,0.00000000,0.00000000,0.00000000,0.00000000,NONE
R00187[K,x],0.00000000,0.00000000,0.00000000,0.00000000,0.00000000,0.00000000,0.00000000,0.00000000,0.00000000,0.00000000,0.00000000,0.00000000,0.00000000,0.00000000,0.00000000,0.00000000,0.00000000,0.00000000,0.00000000,0.00000000,0.00000000,0.00000000,0.00000000,0.00000000,0.00000000,0.00000000,NONE
R00189[K,c],0.00000000,0.00000000,0.00000000,0.00000000,0.00000000,0.00000000,0.00000000,0.00000000,0.00000000,0.00000000,0.00000000,0.00000000,0.00000000,0.00000000,0.00000000,0.00000000,0.00000000,0.00000000,0.00000000,0.00000000,0.00000000,0.00000000,0.00000000,0.00000000,0.00000000,0.00000000,NONE
R00190[K,p],0.00000000,0.00000000,0.00000000,0.00000000,0.00000000,0.00000000,0.00000000,0.00000000,0.00000000,0.00000000,0.00000000,0.00000000,0.00000000,0.00000000,0.00000000,0.00000000,0.00000000,0.00000000,0.00000000,0.00000000,0.00000000,0.00000000,0.00000000,0.00000000,0.00000000,0.00000000,NONE
R00194[K,c],0.00000000,0.00000000,0.00000000,0.00000000,0.00000000,0.00000000,0.00000000,0.00000000,0.00000000,0.00000000,0.00000000,0.00000000,0.00000000,0.00000000,0.00000000,0.00000000,0.00000000,0.00000000,0.00000000,0.00000000,0.00000000,0.00000000,0.00000000,0.00000000,0.00000000,0.00000000,NONE
R00207[K,c],0.00000000,0.00000000,0.00000000,0.00000000,0.00000000,0.00000000,0.00000000,0.00000000,0.00000000,0.00000000,0.00000000,0.00000000,0.00000000,0.00000000,0.00000000,0.00000000,0.00000000,0.00000000,0.00000000,0.00000000,0.00000000,0.00000000,0.00000000,0.00000000,0.00000000,0.00000000,NONE
R00209[K,m],0.00000000,0.00000000,0.00000000,0.00000000,0.00000000,0.00000000,0.00000000,0.00000000,0.00000000,0.00000000,0.00000000,0.00000000,0.00000000,0.00000000,0.00000000,0.00000000,0.00000000,0.00000000,0.00000000,0.00000000,0.00000000,0.00000000,0.00000000,0.00000000,0.00000000,0.00000000,NONE
R00209[K,p],0.00000000,0.00000000,0.00000000,0.00000000,0.00000000,0.00000000,0.00000000,0.00000000,0.00000000,0.00000000,0.00000000,0.00000000,0.00000000,0.00000000,0.00000000,0.00000000,0.00000000,0.00000000,0.00000000,0.00000000,0.00000000,0.00000000,0.00000000,0.00000000,0.00000000,0.00000000,NONE
R00210[K,x],0.00000000,0.00000000,0.00000000,0.00000000,0.00000000,0.00000000,0.00000000,0.00000000,0.00000000,0.00000000,0.00000000,0.00000000,0.00000000,0.00000000,0.00000000,0.00000000,0.00000000,0.00000000,0.00000000,0.00000000,0.00000000,0.00000000,0.00000000,0.00000000,0.00000000,0.00000000,NONE
R00211[K,x],0.00000000,0.00000000,0.00000000,0.00000000,0.00000000,0.00000000,0.00000000,0.00000000,0.00000000,0.00000000,0.00000000,0.00000000,0.00000000,0.00000000,0.00000000,0.00000000,0.00000000,0.00000000,0.00000000,0.00000000,0.00000000,0.00000000,0.00000000,0.00000000,0.00000000,0.00000000,NONE
R00220[K,p],0.00000000,0.00000000,0.00000000,0.00000000,0.00000000,0.00000000,0.00000000,0.00000000,0.00000000,0.00000000,0.00000000,0.00000000,0.00000000,0.00000000,0.00000000,0.00000000,0.00000000,0.00000000,0.00000000,0.00000000,0.00000000,0.00000000,0.00000000,0.00000000,0.00000000,0.00000000,NONE
R00221[K,m],0.00000000,0.00000000,0.00000000,0.00000000,0.00000000,0.00000000,0.00000000,0.00000000,0.00000000,0.00000000,0.00000000,0.00000000,0.00000000,0.00000000,0.00000000,0.00000000,0.00000000,0.00000000,0.00000000,0.00000000,0.00000000,0.00000000,0.00000000,0.00000000,0.00000000,0.00000000,NONE
R00221[K,p],0.00000000,0.00000000,0.00000000,0.00000000,0.00000000,0.00000000,0.00000000,0.00000000,0.00000000,0.00000000,0.00000000,0.00000000,0.00000000,0.00000000,0.00000000,0.00000000,0.00000000,0.00000000,0.00000000,0.00000000,0.00000000,0.00000000,0.00000000,0.00000000,0.00000000,0.00000000,NONE
R00230[K,m],0.00000000,0.00000000,0.00000000,0.00000000,0.00000000,0.00000000,0.00000000,0.00000000,0.00000000,0.00000000,0.00000000,0.00000000,0.00000000,0.00000000,0.00000000,0.00000000,0.00000000,0.00000000,0.00000000,0.00000000,0.00000000,0.00000000,0.00000000,0.00000000,0.00000000,0.00000000,NONE
R00233[K,c],0.00000000,0.00000000,0.00000000,0.00000000,0.00000000,0.00000000,0.00000000,0.00000000,0.00000000,0.00000000,0.00000000,0.00000000,0.00000000,0.00000000,0.00000000,0.00000000,0.00000000,0.00000000,0.00000000,0.00000000,0.00000000,0.00000000,0.00000000,0.00000000,0.00000000,0.00000000,NONE
R00233[K,m],0.00000000,0.00000000,0.00000000,0.00000000,0.00000000,0.00000000,0.00000000,0.00000000,0.00000000,0.00000000,0.00000000,0.00000000,0.00000000,0.00000000,0.00000000,0.00000000,0.00000000,0.00000000,0.00000000,0.00000000,0.00000000,0.00000000,0.00000000,0.00000000,0.00000000,0.00000000,NONE
R00233[K,p],0.00000000,0.00000000,0.00000000,0.00000000,0.00000000,0.00000000,0.00000000,0.00000000,0.00000000,0.00000000,0.00000000,0.00000000,0.00000000,0.00000000,0.00000000,0.00000000,0.00000000,0.00000000,0.00000000,0.00000000,0.00000000,0.00000000,0.00000000,0.00000000,0.00000000,0.00000000,NONE
R00235[K,p],0.00000000,0.00000000,0.00000000,0.00000000,0.00000000,0.00000000,0.00000000,0.00000000,0.00000000,0.00000000,0.00000000,0.00000000,0.00000000,0.00000000,0.00000000,0.00000000,0.00000000,0.00000000,0.00000000,0.00000000,0.00000000,0.00000000,0.00000000,0.00000000,0.00000000,0.00000000,NONE
R00235[K,x],0.00000000,0.00000000,0.00000000,0.00000000,0.00000000,0.00000000,0.00000000,0.00000000,0.00000000,0.00000000,0.00000000,0.00000000,0.00000000,0.00000000,0.00000000,0.00000000,0.00000000,0.00000000,0.00000000,0.00000000,0.00000000,0.00000000,0.00000000,0.00000000,0.00000000,0.00000000,NONE
R00236[K,p],0.00000000,0.00000000,0.00000000,0.00000000,0.00000000,0.00000000,0.00000000,0.00000000,0.00000000,0.00000000,0.00000000,0.00000000,0.00000000,0.00000000,0.00000000,0.00000000,0.00000000,0.00000000,0.00000000,0.00000000,0.00000000,0.00000000,0.00000000,0.00000000,0.00000000,0.00000000,NONE
R00238[K,c],0.00000000,0.00000000,0.00000000,0.00000000,0.00000000,0.00000000,0.00000000,0.00000000,0.00000000,0.00000000,0.00000000,0.00000000,0.00000000,0.00000000,0.00000000,0.00000000,0.00000000,0.00000000,0.00000000,0.00000000,0.00000000,0.00000000,0.00000000,0.00000000,0.00000000,0.00000000,NONE
R00238[K,x],0.00000000,0.00000000,0.00000000,0.00000000,0.00000000,0.00000000,0.00000000,0.00000000,0.00000000,0.00000000,0.00000000,0.00000000,0.00000000,0.00000000,0.00000000,0.00000000,0.00000000,0.00000000,0.00000000,0.00000000,0.00000000,0.00000000,0.00000000,0.00000000,0.00000000,0.00000000,NONE
R00248[K,x],0.00000000,0.00000000,0.00000000,0.00000000,0.00000000,0.00000000,0.00000000,0.00000000,0.00000000,0.00000000,0.00000000,0.00000000,0.00000000,0.00000000,0.00000000,0.00000000,0.00000000,0.00000000,0.00000000,0.00000000,0.00000000,0.00000000,0.00000000,0.00000000,0.00000000,0.00000000,NONE
R00253[K,m],0.00000000,0.00000000,0.00000000,0.00000000,0.00000000,0.00000000,0.00000000,0.00000000,0.00000000,0.00000000,0.00000000,0.00000000,0.00000000,0.00000000,0.00000000,0.00000000,0.00000000,0.00000000,0.00000000,0.00000000,0.00000000,0.00000000,0.00000000,0.00000000,0.00000000,0.00000000,NONE
R00256[K,c],0.00000000,0.00000000,0.00000000,0.00000000,0.00000000,0.00000000,0.00000000,0.00000000,0.00000000,0.00000000,0.00000000,0.00000000,0.00000000,0.00000000,0.00000000,0.00000000,0.00000000,0.00000000,0.00000000,0.00000000,0.00000000,0.00000000,0.00000000,0.00000000,0.00000000,0.00000000,NONE
R00257[K,c],0.00000000,0.00000000,0.00000000,0.00000000,0.00000000,0.00000000,0.00000000,0.00000000,0.00000000,0.00000000,0.00000000,0.00000000,0.00000000,0.00000000,0.00000000,0.00000000,0.00000000,0.00000000,0.00000000,0.00000000,0.00000000,0.00000000,0.00000000,0.00000000,0.00000000,0.00000000,NONE
R00258[K,x],0.00000000,0.00000000,0.00000000,0.00000000,0.00000000,0.00000000,0.00000000,0.00000000,0.00000000,0.00000000,0.00000000,0.00000000,0.00000000,0.00000000,0.00000000,0.00000000,0.00000000,0.00000000,0.00000000,0.00000000,0.00000000,0.00000000,0.00000000,0.00000000,0.00000000,0.00000000,NONE
R00260[K,m],0.00000000,0.00000000,0.00000000,0.00000000,0.00000000,0.00000000,0.00000000,0.00000000,0.00000000,0.00000000,0.00000000,0.00000000,0.00000000,0.00000000,0.00000000,0.00000000,0.00000000,0.00000000,0.00000000,0.00000000,0.00000000,0.00000000,0.00000000,0.00000000,0.00000000,0.00000000,NONE
R00260[K,p],0.00000000,0.00000000,0.00000000,0.00000000,0.00000000,0.00000000,0.00000000,0.00000000,0.00000000,0.00000000,0.00000000,0.00000000,0.00000000,0.00000000,0.00000000,0.00000000,0.00000000,0.00000000,0.00000000,0.00000000,0.00000000,0.00000000,0.00000000,0.00000000,0.00000000,0.00000000,NONE
R00260[K,x],0.00000000,0.00000000,0.00000000,0.00000000,0.00000000,0.00000000,0.00000000,0.00000000,0.00000000,0.00000000,0.00000000,0.00000000,0.00000000,0.00000000,0.00000000,0.00000000,0.00000000,0.00000000,0.00000000,0.00000000,0.00000000,0.00000000,0.00000000,0.00000000,0.00000000,0.00000000,NONE
R00268[K,m],0.00000000,0.00000000,0.00000000,0.00000000,0.00000000,0.00000000,0.00000000,0.00000000,0.00000000,0.00000000,0.00000000,0.00000000,0.00000000,0.00000000,0.00000000,0.00000000,0.00000000,0.00000000,0.00000000,0.00000000,0.00000000,0.00000000,0.00000000,0.00000000,0.00000000,0.00000000,NONE
R00270[K,c],0.00000000,0.00000000,0.00000000,0.00000000,0.00000000,0.00000000,0.00000000,0.00000000,0.00000000,0.00000000,0.00000000,0.00000000,0.00000000,0.00000000,0.00000000,0.00000000,0.00000000,0.00000000,0.00000000,0.00000000,0.00000000,0.00000000,0.00000000,0.00000000,0.00000000,0.00000000,NONE
R00274[K,p],0.00000000,0.00000000,0.00000000,0.00000000,0.00000000,0.00000000,0.00000000,0.00000000,0.00000000,0.00000000,0.00000000,0.00000000,0.00000000,0.00000000,0.00000000,0.00000000,0.00000000,0.00000000,0.00000000,0.00000000,0.00000000,0.00000000,0.00000000,0.00000000,0.00000000,0.00000000,NONE
R00275[K,c],0.00000000,0.00000000,0.00000000,0.00000000,0.00000000,0.00000000,0.00000000,0.00000000,0.00000000,0.00000000,0.00000000,0.00000000,0.00000000,0.00000000,0.00000000,0.00000000,0.00000000,0.00000000,0.00000000,0.00000000,0.00000000,0.00000000,0.00000000,0.00000000,0.00000000,0.00000000,NONE
R00275[K,m],0.00000000,0.00000000,0.00000000,0.00000000,0.00000000,0.00000000,0.00000000,0.00000000,0.00000000,0.00000000,0.00000000,0.00000000,0.00000000,0.00000000,0.00000000,0.00000000,0.00000000,0.00000000,0.00000000,0.00000000,0.00000000,0.00000000,0.00000000,0.00000000,0.00000000,0.00000000,NONE
R00275[K,p],0.00000000,0.00000000,0.00000000,0.00000000,0.00000000,0.00000000,0.00000000,0.00000000,0.00000000,0.00000000,0.00000000,0.00000000,0.00000000,0.00000000,0.00000000,0.00000000,0.00000000,0.00000000,0.00000000,0.00000000,0.00000000,0.00000000,0.00000000,0.00000000,0.00000000,0.00000000,NONE
R00277[K,p],0.00000000,0.00000000,0.00000000,0.00000000,0.00000000,0.00000000,0.00000000,0.00000000,0.00000000,0.00000000,0.00000000,0.00000000,0.00000000,0.00000000,0.00000000,0.00000000,0.00000000,0.00000000,0.00000000,0.00000000,0.00000000,0.00000000,0.00000000,0.00000000,0.00000000,0.00000000,NONE
R00278[K,p],0.00000000,0.00000000,0.00000000,0.00000000,0.00000000,0.00000000,0.00000000,0.00000000,0.00000000,0.00000000,0.00000000,0.00000000,0.00000000,0.00000000,0.00000000,0.00000000,0.00000000,0.00000000,0.00000000,0.00000000,0.00000000,0.00000000,0.00000000,0.00000000,0.00000000,0.00000000,NONE
R00286[K,c],0.00000000,0.00000000,0.00000000,0.00000000,0.00000000,0.00000000,0.00000000,0.00000000,0.00000000,0.00000000,0.00000000,0.00000000,0.00000000,0.00000000,0.00000000,0.00000000,0.00000000,0.00000000,0.00000000,0.00000000,0.00000000,0.00000000,0.00000000,0.00000000,0.00000000,0.00000000,NONE
R00291[K,c],0.00000000,0.00000000,0.00000000,0.00000000,0.00000000,0.00000000,0.00000000,0.00000000,0.00000000,0.00000000,0.00000000,0.00000000,0.00000000,0.00000000,0.00000000,0.00000000,0.00000000,0.00000000,0.00000000,0.00000000,0.00000000,0.00000000,0.00000000,0.00000000,0.00000000,0.00000000,NONE
R00293[K,c],0.00000000,0.00000000,0.00000000,0.00000000,0.00000000,0.00000000,0.00000000,0.00000000,0.00000000,0.00000000,0.00000000,0.00000000,0.00000000,0.00000000,0.00000000,0.00000000,0.00000000,0.00000000,0.00000000,0.00000000,0.00000000,0.00000000,0.00000000,0.00000000,0.00000000,0.00000000,NONE
R00304[K,p],0.00000000,0.00000000,0.00000000,0.00000000,0.00000000,0.00000000,0.00000000,0.00000000,0.00000000,0.00000000,0.00000000,0.00000000,0.00000000,0.00000000,0.00000000,0.00000000,0.00000000,0.00000000,0.00000000,0.00000000,0.00000000,0.00000000,0.00000000,0.00000000,0.00000000,0.00000000,NONE
R00306_mod[K,p],0.00000000,0.00000000,0.00000000,0.00000000,0.00000000,0.00000000,0.00000000,0.00000000,0.00000000,0.00000000,0.00000000,0.00000000,0.00000000,0.00000000,0.00000000,0.00000000,0.00000000,0.00000000,0.00000000,0.00000000,0.00000000,0.00000000,0.00000000,0.00000000,0.00000000,0.00000000,NONE
R00310[K,p],0.00000000,0.00000000,0.00000000,0.00000000,0.00000000,0.00000000,0.00000000,0.00000000,0.00000000,0.00000000,0.00000000,0.00000000,0.00000000,0.00000000,0.00000000,0.00000000,0.00000000,0.00000000,0.00000000,0.00000000,0.00000000,0.00000000,0.00000000,0.00000000,0.00000000,0.00000000,NONE
R00316[K,p],0.00000000,0.00000000,0.00000000,0.00000000,0.00000000,0.00000000,0.00000000,0.00000000,0.00000000,0.00000000,0.00000000,0.00000000,0.00000000,0.00000000,0.00000000,0.00000000,0.00000000,0.00000000,0.00000000,0.00000000,0.00000000,0.00000000,0.00000000,0.00000000,0.00000000,0.00000000,NONE
R00320[K,c],0.00000000,0.00000000,0.00000000,0.00000000,0.00000000,0.00000000,0.00000000,0.00000000,0.00000000,0.00000000,0.00000000,0.00000000,0.00000000,0.00000000,0.00000000,0.00000000,0.00000000,0.00000000,0.00000000,0.00000000,0.00000000,0.00000000,0.00000000,0.00000000,0.00000000,0.00000000,NONE
R00320[K,m],0.00000000,0.00000000,0.00000000,0.00000000,0.00000000,0.00000000,0.00000000,0.00000000,0.00000000,0.00000000,0.00000000,0.00000000,0.00000000,0.00000000,0.00000000,0.00000000,0.00000000,0.00000000,0.00000000,0.00000000,0.00000000,0.00000000,0.00000000,0.00000000,0.00000000,0.00000000,NONE
R00330[K,p],0.00000000,0.00000000,0.00000000,0.00000000,0.00000000,0.00000000,0.00000000,0.00000000,0.00000000,0.00000000,0.00000000,0.00000000,0.00000000,0.00000000,0.00000000,0.00000000,0.00000000,0.00000000,0.00000000,0.00000000,0.00000000,0.00000000,0.00000000,0.00000000,0.00000000,0.00000000,NONE
R00335[K,c],0.00000000,0.00000000,0.00000000,0.00000000,0.00000000,0.00000000,0.00000000,0.00000000,0.00000000,0.00000000,0.00000000,0.00000000,0.00000000,0.00000000,0.00000000,0.00000000,0.00000000,0.00000000,0.00000000,0.00000000,0.00000000,0.00000000,0.00000000,0.00000000,0.00000000,0.00000000,NONE
R00335[K,m],0.00000000,0.00000000,0.00000000,0.00000000,0.00000000,0.00000000,0.00000000,0.00000000,0.00000000,0.00000000,0.00000000,0.00000000,0.00000000,0.00000000,0.00000000,0.00000000,0.00000000,0.00000000,0.00000000,0.00000000,0.00000000,0.00000000,0.00000000,0.00000000,0.00000000,0.00000000,NONE
R00335[K,p],0.00000000,0.00000000,0.00000000,0.00000000,0.00000000,0.00000000,0.00000000,0.00000000,0.00000000,0.00000000,0.00000000,0.00000000,0.00000000,0.00000000,0.00000000,0.00000000,0.00000000,0.00000000,0.00000000,0.00000000,0.00000000,0.00000000,0.00000000,0.00000000,0.00000000,0.00000000,NONE
R00335[K,pm],0.00000000,0.00000000,0.00000000,0.00000000,0.00000000,0.00000000,0.00000000,0.00000000,0.00000000,0.00000000,0.00000000,0.00000000,0.00000000,0.00000000,0.00000000,0.00000000,0.00000000,0.00000000,0.00000000,0.00000000,0.00000000,0.00000000,0.00000000,0.00000000,0.00000000,0.00000000,NONE
R00338[K,p],0.00000000,0.00000000,0.00000000,0.00000000,0.00000000,0.00000000,0.00000000,0.00000000,0.00000000,0.00000000,0.00000000,0.00000000,0.00000000,0.00000000,0.00000000,0.00000000,0.00000000,0.00000000,0.00000000,0.00000000,0.00000000,0.00000000,0.00000000,0.00000000,0.00000000,0.00000000,NONE
R00351[K,x],0.00000000,0.00000000,0.00000000,0.00000000,0.00000000,0.00000000,0.00000000,0.00000000,0.00000000,0.00000000,0.00000000,0.00000000,0.00000000,0.00000000,0.00000000,0.00000000,0.00000000,0.00000000,0.00000000,0.00000000,0.00000000,0.00000000,0.00000000,0.00000000,0.00000000,0.00000000,NONE
R00352[K,m],0.00000000,0.00000000,0.00000000,0.00000000,0.00000000,0.00000000,0.00000000,0.00000000,0.00000000,0.00000000,0.00000000,0.00000000,0.00000000,0.00000000,0.00000000,0.00000000,0.00000000,0.00000000,0.00000000,0.00000000,0.00000000,0.00000000,0.00000000,0.00000000,0.00000000,0.00000000,NONE
R00353[K,c],0.00000000,0.00000000,0.00000000,0.00000000,0.00000000,0.00000000,0.00000000,0.00000000,0.00000000,0.00000000,0.00000000,0.00000000,0.00000000,0.00000000,0.00000000,0.00000000,0.00000000,0.00000000,0.00000000,0.00000000,0.00000000,0.00000000,0.00000000,0.00000000,0.00000000,0.00000000,NONE
R00353[K,m],0.00000000,0.00000000,0.00000000,0.00000000,0.00000000,0.00000000,0.00000000,0.00000000,0.00000000,0.00000000,0.00000000,0.00000000,0.00000000,0.00000000,0.00000000,0.00000000,0.00000000,0.00000000,0.00000000,0.00000000,0.00000000,0.00000000,0.00000000,0.00000000,0.00000000,0.00000000,NONE
R00353[K,p],0.00000000,0.00000000,0.00000000,0.00000000,0.00000000,0.00000000,0.00000000,0.00000000,0.00000000,0.00000000,0.00000000,0.00000000,0.00000000,0.00000000,0.00000000,0.00000000,0.00000000,0.00000000,0.00000000,0.00000000,0.00000000,0.00000000,0.00000000,0.00000000,0.00000000,0.00000000,NONE
R00355[K,m],0.00000000,0.00000000,0.00000000,0.00000000,0.00000000,0.00000000,0.00000000,0.00000000,0.00000000,0.00000000,0.00000000,0.00000000,0.00000000,0.00000000,0.00000000,0.00000000,0.00000000,0.00000000,0.00000000,0.00000000,0.00000000,0.00000000,0.00000000,0.00000000,0.00000000,0.00000000,NONE
R00355[K,x],0.00000000,0.00000000,0.00000000,0.00000000,0.00000000,0.00000000,0.00000000,0.00000000,0.00000000,0.00000000,0.00000000,0.00000000,0.00000000,0.00000000,0.00000000,0.00000000,0.00000000,0.00000000,0.00000000,0.00000000,0.00000000,0.00000000,0.00000000,0.00000000,0.00000000,0.00000000,NONE
R00364[K,c],0.00000000,0.00000000,0.00000000,0.00000000,0.00000000,0.00000000,0.00000000,0.00000000,0.00000000,0.00000000,0.00000000,0.00000000,0.00000000,0.00000000,0.00000000,0.00000000,0.00000000,0.00000000,0.00000000,0.00000000,0.00000000,0.00000000,0.00000000,0.00000000,0.00000000,0.00000000,NONE
R00367[K,c],0.00000000,0.00000000,0.00000000,0.00000000,0.00000000,0.00000000,0.00000000,0.00000000,0.00000000,0.00000000,0.00000000,0.00000000,0.00000000,0.00000000,0.00000000,0.00000000,0.00000000,0.00000000,0.00000000,0.00000000,0.00000000,0.00000000,0.00000000,0.00000000,0.00000000,0.00000000,NONE
R00369[K,m],0.00000000,0.00000000,0.00000000,0.00000000,0.00000000,0.00000000,0.00000000,0.00000000,0.00000000,0.00000000,0.00000000,0.00000000,0.00000000,0.00000000,0.00000000,0.00000000,0.00000000,0.00000000,0.00000000,0.00000000,0.00000000,0.00000000,0.00000000,0.00000000,0.00000000,0.00000000,NONE
R00369[K,x],0.00000000,0.00000000,0.00000000,0.00000000,0.00000000,0.00000000,0.00000000,0.00000000,0.00000000,0.00000000,0.00000000,0.00000000,0.00000000,0.00000000,0.00000000,0.00000000,0.00000000,0.00000000,0.00000000,0.00000000,0.00000000,0.00000000,0.00000000,0.00000000,0.00000000,0.00000000,NONE
R00372[K,p],0.00000000,0.00000000,0.00000000,0.00000000,0.00000000,0.00000000,0.00000000,0.00000000,0.00000000,0.00000000,0.00000000,0.00000000,0.00000000,0.00000000,0.00000000,0.00000000,0.00000000,0.00000000,0.00000000,0.00000000,0.00000000,0.00000000,0.00000000,0.00000000,0.00000000,0.00000000,NONE
R00388[K,x],0.00000000,0.00000000,0.00000000,0.00000000,0.00000000,0.00000000,0.00000000,0.00000000,0.00000000,0.00000000,0.00000000,0.00000000,0.00000000,0.00000000,0.00000000,0.00000000,0.00000000,0.00000000,0.00000000,0.00000000,0.00000000,0.00000000,0.00000000,0.00000000,0.00000000,0.00000000,NONE
R00392[K,m],0.00000000,0.00000000,0.00000000,0.00000000,0.00000000,0.00000000,0.00000000,0.00000000,0.00000000,0.00000000,0.00000000,0.00000000,0.00000000,0.00000000,0.00000000,0.00000000,0.00000000,0.00000000,0.00000000,0.00000000,0.00000000,0.00000000,0.00000000,0.00000000,0.00000000,0.00000000,NONE
R00401[K,c],0.00000000,0.00000000,0.00000000,0.00000000,0.00000000,0.00000000,0.00000000,0.00000000,0.00000000,0.00000000,0.00000000,0.00000000,0.00000000,0.00000000,0.00000000,0.00000000,0.00000000,0.00000000,0.00000000,0.00000000,0.00000000,0.00000000,0.00000000,0.00000000,0.00000000,0.00000000,NONE
R00416[K,c],0.00000000,0.00000000,0.00000000,0.00000000,0.00000000,0.00000000,0.00000000,0.00000000,0.00000000,0.00000000,0.00000000,0.00000000,0.00000000,0.00000000,0.00000000,0.00000000,0.00000000,0.00000000,0.00000000,0.00000000,0.00000000,0.00000000,0.00000000,0.00000000,0.00000000,0.00000000,NONE
R00425[K,p],0.00000000,0.00000000,0.00000000,0.00000000,0.00000000,0.00000000,0.00000000,0.00000000,0.00000000,0.00000000,0.00000000,0.00000000,0.00000000,0.00000000,0.00000000,0.00000000,0.00000000,0.00000000,0.00000000,0.00000000,0.00000000,0.00000000,0.00000000,0.00000000,0.00000000,0.00000000,NONE
R00432[K,m],0.00000000,0.00000000,0.00000000,0.00000000,0.00000000,0.00000000,0.00000000,0.00000000,0.00000000,0.00000000,0.00000000,0.00000000,0.00000000,0.00000000,0.00000000,0.00000000,0.00000000,0.00000000,0.00000000,0.00000000,0.00000000,0.00000000,0.00000000,0.00000000,0.00000000,0.00000000,NONE
R00466[K,p],0.00000000,0.00000000,0.00000000,0.00000000,0.00000000,0.00000000,0.00000000,0.00000000,0.00000000,0.00000000,0.00000000,0.00000000,0.00000000,0.00000000,0.00000000,0.00000000,0.00000000,0.00000000,0.00000000,0.00000000,0.00000000,0.00000000,0.00000000,0.00000000,0.00000000,0.00000000,NONE
R00483[K,x],0.00000000,0.00000000,0.00000000,0.00000000,0.00000000,0.00000000,0.00000000,0.00000000,0.00000000,0.00000000,0.00000000,0.00000000,0.00000000,0.00000000,0.00000000,0.00000000,0.00000000,0.00000000,0.00000000,0.00000000,0.00000000,0.00000000,0.00000000,0.00000000,0.00000000,0.00000000,NONE
R00486[K,c],0.00000000,0.00000000,0.00000000,0.00000000,0.00000000,0.00000000,0.00000000,0.00000000,0.00000000,0.00000000,0.00000000,0.00000000,0.00000000,0.00000000,0.00000000,0.00000000,0.00000000,0.00000000,0.00000000,0.00000000,0.00000000,0.00000000,0.00000000,0.00000000,0.00000000,0.00000000,NONE
R00508[K,m],0.00000000,0.00000000,0.00000000,0.00000000,0.00000000,0.00000000,0.00000000,0.00000000,0.00000000,0.00000000,0.00000000,0.00000000,0.00000000,0.00000000,0.00000000,0.00000000,0.00000000,0.00000000,0.00000000,0.00000000,0.00000000,0.00000000,0.00000000,0.00000000,0.00000000,0.00000000,NONE
R00508[K,p],0.00000000,0.00000000,0.00000000,0.00000000,0.00000000,0.00000000,0.00000000,0.00000000,0.00000000,0.00000000,0.00000000,0.00000000,0.00000000,0.00000000,0.00000000,0.00000000,0.00000000,0.00000000,0.00000000,0.00000000,0.00000000,0.00000000,0.00000000,0.00000000,0.00000000,0.00000000,NONE
R00508[K,x],0.00000000,0.00000000,0.00000000,0.00000000,0.00000000,0.00000000,0.00000000,0.00000000,0.00000000,0.00000000,0.00000000,0.00000000,0.00000000,0.00000000,0.00000000,0.00000000,0.00000000,0.00000000,0.00000000,0.00000000,0.00000000,0.00000000,0.00000000,0.00000000,0.00000000,0.00000000,NONE
R00517[K,c],0.00000000,0.00000000,0.00000000,0.00000000,0.00000000,0.00000000,0.00000000,0.00000000,0.00000000,0.00000000,0.00000000,0.00000000,0.00000000,0.00000000,0.00000000,0.00000000,0.00000000,0.00000000,0.00000000,0.00000000,0.00000000,0.00000000,0.00000000,0.00000000,0.00000000,0.00000000,NONE
R00533[K,x],0.00000000,0.00000000,0.00000000,0.00000000,0.00000000,0.00000000,0.00000000,0.00000000,0.00000000,0.00000000,0.00000000,0.00000000,0.00000000,0.00000000,0.00000000,0.00000000,0.00000000,0.00000000,0.00000000,0.00000000,0.00000000,0.00000000,0.00000000,0.00000000,0.00000000,0.00000000,NONE
R00540[K,p],0.00000000,0.00000000,0.00000000,0.00000000,0.00000000,0.00000000,0.00000000,0.00000000,0.00000000,0.00000000,0.00000000,0.00000000,0.00000000,0.00000000,0.00000000,0.00000000,0.00000000,0.00000000,0.00000000,0.00000000,0.00000000,0.00000000,0.00000000,0.00000000,0.00000000,0.00000000,NONE
R00544[K,c],0.00000000,0.00000000,0.00000000,0.00000000,0.00000000,0.00000000,0.00000000,0.00000000,0.00000000,0.00000000,0.00000000,0.00000000,0.00000000,0.00000000,0.00000000,0.00000000,0.00000000,0.00000000,0.00000000,0.00000000,0.00000000,0.00000000,0.00000000,0.00000000,0.00000000,0.00000000,NONE
R00544[K,p],0.00000000,0.00000000,0.00000000,0.00000000,0.00000000,0.00000000,0.00000000,0.00000000,0.00000000,0.00000000,0.00000000,0.00000000,0.00000000,0.00000000,0.00000000,0.00000000,0.00000000,0.00000000,0.00000000,0.00000000,0.00000000,0.00000000,0.00000000,0.00000000,0.00000000,0.00000000,NONE
R00551[K,c],0.00000000,0.00000000,0.00000000,0.00000000,0.00000000,0.00000000,0.00000000,0.00000000,0.00000000,0.00000000,0.00000000,0.00000000,0.00000000,0.00000000,0.00000000,0.00000000,0.00000000,0.00000000,0.00000000,0.00000000,0.00000000,0.00000000,0.00000000,0.00000000,0.00000000,0.00000000,NONE
R00557[K,c],0.00000000,0.00000000,0.00000000,0.00000000,0.00000000,0.00000000,0.00000000,0.00000000,0.00000000,0.00000000,0.00000000,0.00000000,0.00000000,0.00000000,0.00000000,0.00000000,0.00000000,0.00000000,0.00000000,0.00000000,0.00000000,0.00000000,0.00000000,0.00000000,0.00000000,0.00000000,NONE
R00586[K,c],0.00000000,0.00000000,0.00000000,0.00000000,0.00000000,0.00000000,0.00000000,0.00000000,0.00000000,0.00000000,0.00000000,0.00000000,0.00000000,0.00000000,0.00000000,0.00000000,0.00000000,0.00000000,0.00000000,0.00000000,0.00000000,0.00000000,0.00000000,0.00000000,0.00000000,0.00000000,NONE
R00586[K,m],0.00000000,0.00000000,0.00000000,0.00000000,0.00000000,0.00000000,0.00000000,0.00000000,0.00000000,0.00000000,0.00000000,0.00000000,0.00000000,0.00000000,0.00000000,0.00000000,0.00000000,0.00000000,0.00000000,0.00000000,0.00000000,0.00000000,0.00000000,0.00000000,0.00000000,0.00000000,NONE
R00598[K,c],0.00000000,0.00000000,0.00000000,0.00000000,0.00000000,0.00000000,0.00000000,0.00000000,0.00000000,0.00000000,0.00000000,0.00000000,0.00000000,0.00000000,0.00000000,0.00000000,0.00000000,0.00000000,0.00000000,0.00000000,0.00000000,0.00000000,0.00000000,0.00000000,0.00000000,0.00000000,NONE
R00602[K,x],0.00000000,0.00000000,0.00000000,0.00000000,0.00000000,0.00000000,0.00000000,0.00000000,0.00000000,0.00000000,0.00000000,0.00000000,0.00000000,0.00000000,0.00000000,0.00000000,0.00000000,0.00000000,0.00000000,0.00000000,0.00000000,0.00000000,0.00000000,0.00000000,0.00000000,0.00000000,NONE
R00610[K,c],0.00000000,0.00000000,0.00000000,0.00000000,0.00000000,0.00000000,0.00000000,0.00000000,0.00000000,0.00000000,0.00000000,0.00000000,0.00000000,0.00000000,0.00000000,0.00000000,0.00000000,0.00000000,0.00000000,0.00000000,0.00000000,0.00000000,0.00000000,0.00000000,0.00000000,0.00000000,NONE
R00631[K,c],0.00000000,0.00000000,0.00000000,0.00000000,0.00000000,0.00000000,0.00000000,0.00000000,0.00000000,0.00000000,0.00000000,0.00000000,0.00000000,0.00000000,0.00000000,0.00000000,0.00000000,0.00000000,0.00000000,0.00000000,0.00000000,0.00000000,0.00000000,0.00000000,0.00000000,0.00000000,NONE
R00636[K,c],0.00000000,0.00000000,0.00000000,0.00000000,0.00000000,0.00000000,0.00000000,0.00000000,0.00000000,0.00000000,0.00000000,0.00000000,0.00000000,0.00000000,0.00000000,0.00000000,0.00000000,0.00000000,0.00000000,0.00000000,0.00000000,0.00000000,0.00000000,0.00000000,0.00000000,0.00000000,NONE
R00638[K,c],0.00000000,0.00000000,0.00000000,0.00000000,0.00000000,0.00000000,0.00000000,0.00000000,0.00000000,0.00000000,0.00000000,0.00000000,0.00000000,0.00000000,0.00000000,0.00000000,0.00000000,0.00000000,0.00000000,0.00000000,0.00000000,0.00000000,0.00000000,0.00000000,0.00000000,0.00000000,NONE
R00638[K,m],0.00000000,0.00000000,0.00000000,0.00000000,0.00000000,0.00000000,0.00000000,0.00000000,0.00000000,0.00000000,0.00000000,0.00000000,0.00000000,0.00000000,0.00000000,0.00000000,0.00000000,0.00000000,0.00000000,0.00000000,0.00000000,0.00000000,0.00000000,0.00000000,0.00000000,0.00000000,NONE
R00638[K,p],0.00000000,0.00000000,0.00000000,0.00000000,0.00000000,0.00000000,0.00000000,0.00000000,0.00000000,0.00000000,0.00000000,0.00000000,0.00000000,0.00000000,0.00000000,0.00000000,0.00000000,0.00000000,0.00000000,0.00000000,0.00000000,0.00000000,0.00000000,0.00000000,0.00000000,0.00000000,NONE
R00638[K,x],0.00000000,0.00000000,0.00000000,0.00000000,0.00000000,0.00000000,0.00000000,0.00000000,0.00000000,0.00000000,0.00000000,0.00000000,0.00000000,0.00000000,0.00000000,0.00000000,0.00000000,0.00000000,0.00000000,0.00000000,0.00000000,0.00000000,0.00000000,0.00000000,0.00000000,0.00000000,NONE
R00640[K,c],0.00000000,0.00000000,0.00000000,0.00000000,0.00000000,0.00000000,0.00000000,0.00000000,0.00000000,0.00000000,0.00000000,0.00000000,0.00000000,0.00000000,0.00000000,0.00000000,0.00000000,0.00000000,0.00000000,0.00000000,0.00000000,0.00000000,0.00000000,0.00000000,0.00000000,0.00000000,NONE
R00644[K,c],0.00000000,0.00000000,0.00000000,0.00000000,0.00000000,0.00000000,0.00000000,0.00000000,0.00000000,0.00000000,0.00000000,0.00000000,0.00000000,0.00000000,0.00000000,0.00000000,0.00000000,0.00000000,0.00000000,0.00000000,0.00000000,0.00000000,0.00000000,0.00000000,0.00000000,0.00000000,NONE
R00644[K,p],0.00000000,0.00000000,0.00000000,0.00000000,0.00000000,0.00000000,0.00000000,0.00000000,0.00000000,0.00000000,0.00000000,0.00000000,0.00000000,0.00000000,0.00000000,0.00000000,0.00000000,0.00000000,0.00000000,0.00000000,0.00000000,0.00000000,0.00000000,0.00000000,0.00000000,0.00000000,NONE
R00644[K,x],0.00000000,0.00000000,0.00000000,0.00000000,0.00000000,0.00000000,0.00000000,0.00000000,0.00000000,0.00000000,0.00000000,0.00000000,0.00000000,0.00000000,0.00000000,0.00000000,0.00000000,0.00000000,0.00000000,0.00000000,0.00000000,0.00000000,0.00000000,0.00000000,0.00000000,0.00000000,NONE
R00650[K,c],0.00000000,0.00000000,0.00000000,0.00000000,0.00000000,0.00000000,0.00000000,0.00000000,0.00000000,0.00000000,0.00000000,0.00000000,0.00000000,0.00000000,0.00000000,0.00000000,0.00000000,0.00000000,0.00000000,0.00000000,0.00000000,0.00000000,0.00000000,0.00000000,0.00000000,0.00000000,NONE
R00650[K,p],0.00000000,0.00000000,0.00000000,0.00000000,0.00000000,0.00000000,0.00000000,0.00000000,0.00000000,0.00000000,0.00000000,0.00000000,0.00000000,0.00000000,0.00000000,0.00000000,0.00000000,0.00000000,0.00000000,0.00000000,0.00000000,0.00000000,0.00000000,0.00000000,0.00000000,0.00000000,NONE
R00654[K,c],0.00000000,0.00000000,0.00000000,0.00000000,0.00000000,0.00000000,0.00000000,0.00000000,0.00000000,0.00000000,0.00000000,0.00000000,0.00000000,0.00000000,0.00000000,0.00000000,0.00000000,0.00000000,0.00000000,0.00000000,0.00000000,0.00000000,0.00000000,0.00000000,0.00000000,0.00000000,NONE
R00658[K,p],0.00000000,0.00000000,0.00000000,0.00000000,0.00000000,0.00000000,0.00000000,0.00000000,0.00000000,0.00000000,0.00000000,0.00000000,0.00000000,0.00000000,0.00000000,0.00000000,0.00000000,0.00000000,0.00000000,0.00000000,0.00000000,0.00000000,0.00000000,0.00000000,0.00000000,0.00000000,NONE
R00665[K,m],0.00000000,0.00000000,0.00000000,0.00000000,0.00000000,0.00000000,0.00000000,0.00000000,0.00000000,0.00000000,0.00000000,0.00000000,0.00000000,0.00000000,0.00000000,0.00000000,0.00000000,0.00000000,0.00000000,0.00000000,0.00000000,0.00000000,0.00000000,0.00000000,0.00000000,0.00000000,NONE
R00674[K,p],0.00000000,0.00000000,0.00000000,0.00000000,0.00000000,0.00000000,0.00000000,0.00000000,0.00000000,0.00000000,0.00000000,0.00000000,0.00000000,0.00000000,0.00000000,0.00000000,0.00000000,0.00000000,0.00000000,0.00000000,0.00000000,0.00000000,0.00000000,0.00000000,0.00000000,0.00000000,NONE
R00684[K,c],0.00000000,0.00000000,0.00000000,0.00000000,0.00000000,0.00000000,0.00000000,0.00000000,0.00000000,0.00000000,0.00000000,0.00000000,0.00000000,0.00000000,0.00000000,0.00000000,0.00000000,0.00000000,0.00000000,0.00000000,0.00000000,0.00000000,0.00000000,0.00000000,0.00000000,0.00000000,NONE
R00684[K,p],0.00000000,0.00000000,0.00000000,0.00000000,0.00000000,0.00000000,0.00000000,0.00000000,0.00000000,0.00000000,0.00000000,0.00000000,0.00000000,0.00000000,0.00000000,0.00000000,0.00000000,0.00000000,0.00000000,0.00000000,0.00000000,0.00000000,0.00000000,0.00000000,0.00000000,0.00000000,NONE
R00691[K,p],0.00000000,0.00000000,0.00000000,0.00000000,0.00000000,0.00000000,0.00000000,0.00000000,0.00000000,0.00000000,0.00000000,0.00000000,0.00000000,0.00000000,0.00000000,0.00000000,0.00000000,0.00000000,0.00000000,0.00000000,0.00000000,0.00000000,0.00000000,0.00000000,0.00000000,0.00000000,NONE
R00692[K,m],0.00000000,0.00000000,0.00000000,0.00000000,0.00000000,0.00000000,0.00000000,0.00000000,0.00000000,0.00000000,0.00000000,0.00000000,0.00000000,0.00000000,0.00000000,0.00000000,0.00000000,0.00000000,0.00000000,0.00000000,0.00000000,0.00000000,0.00000000,0.00000000,0.00000000,0.00000000,NONE
R00692[K,p],0.00000000,0.00000000,0.00000000,0.00000000,0.00000000,0.00000000,0.00000000,0.00000000,0.00000000,0.00000000,0.00000000,0.00000000,0.00000000,0.00000000,0.00000000,0.00000000,0.00000000,0.00000000,0.00000000,0.00000000,0.00000000,0.00000000,0.00000000,0.00000000,0.00000000,0.00000000,NONE
R00692[K,x],0.00000000,0.00000000,0.00000000,0.00000000,0.00000000,0.00000000,0.00000000,0.00000000,0.00000000,0.00000000,0.00000000,0.00000000,0.00000000,0.00000000,0.00000000,0.00000000,0.00000000,0.00000000,0.00000000,0.00000000,0.00000000,0.00000000,0.00000000,0.00000000,0.00000000,0.00000000,NONE
R00694[K,m],0.00000000,0.00000000,0.00000000,0.00000000,0.00000000,0.00000000,0.00000000,0.00000000,0.00000000,0.00000000,0.00000000,0.00000000,0.00000000,0.00000000,0.00000000,0.00000000,0.00000000,0.00000000,0.00000000,0.00000000,0.00000000,0.00000000,0.00000000,0.00000000,0.00000000,0.00000000,NONE
R00694[K,p],0.00000000,0.00000000,0.00000000,0.00000000,0.00000000,0.00000000,0.00000000,0.00000000,0.00000000,0.00000000,0.00000000,0.00000000,0.00000000,0.00000000,0.00000000,0.00000000,0.00000000,0.00000000,0.00000000,0.00000000,0.00000000,0.00000000,0.00000000,0.00000000,0.00000000,0.00000000,NONE
R00694[K,x],0.00000000,0.00000000,0.00000000,0.00000000,0.00000000,0.00000000,0.00000000,0.00000000,0.00000000,0.00000000,0.00000000,0.00000000,0.00000000,0.00000000,0.00000000,0.00000000,0.00000000,0.00000000,0.00000000,0.00000000,0.00000000,0.00000000,0.00000000,0.00000000,0.00000000,0.00000000,NONE
R00697[K,c],0.00000000,0.00000000,0.00000000,0.00000000,0.00000000,0.00000000,0.00000000,0.00000000,0.00000000,0.00000000,0.00000000,0.00000000,0.00000000,0.00000000,0.00000000,0.00000000,0.00000000,0.00000000,0.00000000,0.00000000,0.00000000,0.00000000,0.00000000,0.00000000,0.00000000,0.00000000,NONE
R00699[K,p],0.00000000,0.00000000,0.00000000,0.00000000,0.00000000,0.00000000,0.00000000,0.00000000,0.00000000,0.00000000,0.00000000,0.00000000,0.00000000,0.00000000,0.00000000,0.00000000,0.00000000,0.00000000,0.00000000,0.00000000,0.00000000,0.00000000,0.00000000,0.00000000,0.00000000,0.00000000,NONE
R00700[K,p],0.00000000,0.00000000,0.00000000,0.00000000,0.00000000,0.00000000,0.00000000,0.00000000,0.00000000,0.00000000,0.00000000,0.00000000,0.00000000,0.00000000,0.00000000,0.00000000,0.00000000,0.00000000,0.00000000,0.00000000,0.00000000,0.00000000,0.00000000,0.00000000,0.00000000,0.00000000,NONE
R00702[K,c],0.00000000,0.00000000,0.00000000,0.00000000,0.00000000,0.00000000,0.00000000,0.00000000,0.00000000,0.00000000,0.00000000,0.00000000,0.00000000,0.00000000,0.00000000,0.00000000,0.00000000,0.00000000,0.00000000,0.00000000,0.00000000,0.00000000,0.00000000,0.00000000,0.00000000,0.00000000,NONE
R00705[K,c],0.00000000,0.00000000,0.00000000,0.00000000,0.00000000,0.00000000,0.00000000,0.00000000,0.00000000,0.00000000,0.00000000,0.00000000,0.00000000,0.00000000,0.00000000,0.00000000,0.00000000,0.00000000,0.00000000,0.00000000,0.00000000,0.00000000,0.00000000,0.00000000,0.00000000,0.00000000,NONE
R00705[K,m],0.00000000,0.00000000,0.00000000,0.00000000,0.00000000,0.00000000,0.00000000,0.00000000,0.00000000,0.00000000,0.00000000,0.00000000,0.00000000,0.00000000,0.00000000,0.00000000,0.00000000,0.00000000,0.00000000,0.00000000,0.00000000,0.00000000,0.00000000,0.00000000,0.00000000,0.00000000,NONE
R00705[K,p],0.00000000,0.00000000,0.00000000,0.00000000,0.00000000,0.00000000,0.00000000,0.00000000,0.00000000,0.00000000,0.00000000,0.00000000,0.00000000,0.00000000,0.00000000,0.00000000,0.00000000,0.00000000,0.00000000,0.00000000,0.00000000,0.00000000,0.00000000,0.00000000,0.00000000,0.00000000,NONE
R00705[K,x],0.00000000,0.00000000,0.00000000,0.00000000,0.00000000,0.00000000,0.00000000,0.00000000,0.00000000,0.00000000,0.00000000,0.00000000,0.00000000,0.00000000,0.00000000,0.00000000,0.00000000,0.00000000,0.00000000,0.00000000,0.00000000,0.00000000,0.00000000,0.00000000,0.00000000,0.00000000,NONE
R00706[K,c],0.00000000,0.00000000,0.00000000,0.00000000,0.00000000,0.00000000,0.00000000,0.00000000,0.00000000,0.00000000,0.00000000,0.00000000,0.00000000,0.00000000,0.00000000,0.00000000,0.00000000,0.00000000,0.00000000,0.00000000,0.00000000,0.00000000,0.00000000,0.00000000,0.00000000,0.00000000,NONE
R00706[K,m],0.00000000,0.00000000,0.00000000,0.00000000,0.00000000,0.00000000,0.00000000,0.00000000,0.00000000,0.00000000,0.00000000,0.00000000,0.00000000,0.00000000,0.00000000,0.00000000,0.00000000,0.00000000,0.00000000,0.00000000,0.00000000,0.00000000,0.00000000,0.00000000,0.00000000,0.00000000,NONE
R00706[K,x],0.00000000,0.00000000,0.00000000,0.00000000,0.00000000,0.00000000,0.00000000,0.00000000,0.00000000,0.00000000,0.00000000,0.00000000,0.00000000,0.00000000,0.00000000,0.00000000,0.00000000,0.00000000,0.00000000,0.00000000,0.00000000,0.00000000,0.00000000,0.00000000,0.00000000,0.00000000,NONE
R00707[K,c],0.00000000,0.00000000,0.00000000,0.00000000,0.00000000,0.00000000,0.00000000,0.00000000,0.00000000,0.00000000,0.00000000,0.00000000,0.00000000,0.00000000,0.00000000,0.00000000,0.00000000,0.00000000,0.00000000,0.00000000,0.00000000,0.00000000,0.00000000,0.00000000,0.00000000,0.00000000,NONE
R00710[K,m],0.00000000,0.00000000,0.00000000,0.00000000,0.00000000,0.00000000,0.00000000,0.00000000,0.00000000,0.00000000,0.00000000,0.00000000,0.00000000,0.00000000,0.00000000,0.00000000,0.00000000,0.00000000,0.00000000,0.00000000,0.00000000,0.00000000,0.00000000,0.00000000,0.00000000,0.00000000,NONE
R00713[K,m],0.00000000,0.00000000,0.00000000,0.00000000,0.00000000,0.00000000,0.00000000,0.00000000,0.00000000,0.00000000,0.00000000,0.00000000,0.00000000,0.00000000,0.00000000,0.00000000,0.00000000,0.00000000,0.00000000,0.00000000,0.00000000,0.00000000,0.00000000,0.00000000,0.00000000,0.00000000,NONE
R00715[K,p],0.00000000,0.00000000,0.00000000,0.00000000,0.00000000,0.00000000,0.00000000,0.00000000,0.00000000,0.00000000,0.00000000,0.00000000,0.00000000,0.00000000,0.00000000,0.00000000,0.00000000,0.00000000,0.00000000,0.00000000,0.00000000,0.00000000,0.00000000,0.00000000,0.00000000,0.00000000,NONE
R00716[K,c],0.00000000,0.00000000,0.00000000,0.00000000,0.00000000,0.00000000,0.00000000,0.00000000,0.00000000,0.00000000,0.00000000,0.00000000,0.00000000,0.00000000,0.00000000,0.00000000,0.00000000,0.00000000,0.00000000,0.00000000,0.00000000,0.00000000,0.00000000,0.00000000,0.00000000,0.00000000,NONE
R00722[K,p],0.00000000,0.00000000,0.00000000,0.00000000,0.00000000,0.00000000,0.00000000,0.00000000,0.00000000,0.00000000,0.00000000,0.00000000,0.00000000,0.00000000,0.00000000,0.00000000,0.00000000,0.00000000,0.00000000,0.00000000,0.00000000,0.00000000,0.00000000,0.00000000,0.00000000,0.00000000,NONE
R00733[K,c],0.00000000,0.00000000,0.00000000,0.00000000,0.00000000,0.00000000,0.00000000,0.00000000,0.00000000,0.00000000,0.00000000,0.00000000,0.00000000,0.00000000,0.00000000,0.00000000,0.00000000,0.00000000,0.00000000,0.00000000,0.00000000,0.00000000,0.00000000,0.00000000,0.00000000,0.00000000,NONE
R00733[K,p],0.00000000,0.00000000,0.00000000,0.00000000,0.00000000,0.00000000,0.00000000,0.00000000,0.00000000,0.00000000,0.00000000,0.00000000,0.00000000,0.00000000,0.00000000,0.00000000,0.00000000,0.00000000,0.00000000,0.00000000,0.00000000,0.00000000,0.00000000,0.00000000,0.00000000,0.00000000,NONE
R00734[K,m],0.00000000,0.00000000,0.00000000,0.00000000,0.00000000,0.00000000,0.00000000,0.00000000,0.00000000,0.00000000,0.00000000,0.00000000,0.00000000,0.00000000,0.00000000,0.00000000,0.00000000,0.00000000,0.00000000,0.00000000,0.00000000,0.00000000,0.00000000,0.00000000,0.00000000,0.00000000,NONE
R00734[K,x],0.00000000,0.00000000,0.00000000,0.00000000,0.00000000,0.00000000,0.00000000,0.00000000,0.00000000,0.00000000,0.00000000,0.00000000,0.00000000,0.00000000,0.00000000,0.00000000,0.00000000,0.00000000,0.00000000,0.00000000,0.00000000,0.00000000,0.00000000,0.00000000,0.00000000,0.00000000,NONE
R00740[K,m],0.00000000,0.00000000,0.00000000,0.00000000,0.00000000,0.00000000,0.00000000,0.00000000,0.00000000,0.00000000,0.00000000,0.00000000,0.00000000,0.00000000,0.00000000,0.00000000,0.00000000,0.00000000,0.00000000,0.00000000,0.00000000,0.00000000,0.00000000,0.00000000,0.00000000,0.00000000,NONE
R00755[K,m],0.00000000,0.00000000,0.00000000,0.00000000,0.00000000,0.00000000,0.00000000,0.00000000,0.00000000,0.00000000,0.00000000,0.00000000,0.00000000,0.00000000,0.00000000,0.00000000,0.00000000,0.00000000,0.00000000,0.00000000,0.00000000,0.00000000,0.00000000,0.00000000,0.00000000,0.00000000,NONE
R00766[K,c],0.00000000,0.00000000,0.00000000,0.00000000,0.00000000,0.00000000,0.00000000,0.00000000,0.00000000,0.00000000,0.00000000,0.00000000,0.00000000,0.00000000,0.00000000,0.00000000,0.00000000,0.00000000,0.00000000,0.00000000,0.00000000,0.00000000,0.00000000,0.00000000,0.00000000,0.00000000,NONE
R00770[K,p],0.00000000,0.00000000,0.00000000,0.00000000,0.00000000,0.00000000,0.00000000,0.00000000,0.00000000,0.00000000,0.00000000,0.00000000,0.00000000,0.00000000,0.00000000,0.00000000,0.00000000,0.00000000,0.00000000,0.00000000,0.00000000,0.00000000,0.00000000,0.00000000,0.00000000,0.00000000,NONE
R00782[K,c],0.00000000,0.00000000,0.00000000,0.00000000,0.00000000,0.00000000,0.00000000,0.00000000,0.00000000,0.00000000,0.00000000,0.00000000,0.00000000,0.00000000,0.00000000,0.00000000,0.00000000,0.00000000,0.00000000,0.00000000,0.00000000,0.00000000,0.00000000,0.00000000,0.00000000,0.00000000,NONE
R00806[K,m],0.00000000,0.00000000,0.00000000,0.00000000,0.00000000,0.00000000,0.00000000,0.00000000,0.00000000,0.00000000,0.00000000,0.00000000,0.00000000,0.00000000,0.00000000,0.00000000,0.00000000,0.00000000,0.00000000,0.00000000,0.00000000,0.00000000,0.00000000,0.00000000,0.00000000,0.00000000,NONE
R00806[K,p],0.00000000,0.00000000,0.00000000,0.00000000,0.00000000,0.00000000,0.00000000,0.00000000,0.00000000,0.00000000,0.00000000,0.00000000,0.00000000,0.00000000,0.00000000,0.00000000,0.00000000,0.00000000,0.00000000,0.00000000,0.00000000,0.00000000,0.00000000,0.00000000,0.00000000,0.00000000,NONE
R00813[K,p],0.00000000,0.00000000,0.00000000,0.00000000,0.00000000,0.00000000,0.00000000,0.00000000,0.00000000,0.00000000,0.00000000,0.00000000,0.00000000,0.00000000,0.00000000,0.00000000,0.00000000,0.00000000,0.00000000,0.00000000,0.00000000,0.00000000,0.00000000,0.00000000,0.00000000,0.00000000,NONE
R00836[K,c],0.00000000,0.00000000,0.00000000,0.00000000,0.00000000,0.00000000,0.00000000,0.00000000,0.00000000,0.00000000,0.00000000,0.00000000,0.00000000,0.00000000,0.00000000,0.00000000,0.00000000,0.00000000,0.00000000,0.00000000,0.00000000,0.00000000,0.00000000,0.00000000,0.00000000,0.00000000,NONE
R00845[K,m],0.00000000,0.00000000,0.00000000,0.00000000,0.00000000,0.00000000,0.00000000,0.00000000,0.00000000,0.00000000,0.00000000,0.00000000,0.00000000,0.00000000,0.00000000,0.00000000,0.00000000,0.00000000,0.00000000,0.00000000,0.00000000,0.00000000,0.00000000,0.00000000,0.00000000,0.00000000,NONE
R00850[K,c],0.00000000,0.00000000,0.00000000,0.00000000,0.00000000,0.00000000,0.00000000,0.00000000,0.00000000,0.00000000,0.00000000,0.00000000,0.00000000,0.00000000,0.00000000,0.00000000,0.00000000,0.00000000,0.00000000,0.00000000,0.00000000,0.00000000,0.00000000,0.00000000,0.00000000,0.00000000,NONE
R00857[K,pm],0.00000000,0.00000000,0.00000000,0.00000000,0.00000000,0.00000000,0.00000000,0.00000000,0.00000000,0.00000000,0.00000000,0.00000000,0.00000000,0.00000000,0.00000000,0.00000000,0.00000000,0.00000000,0.00000000,0.00000000,0.00000000,0.00000000,0.00000000,0.00000000,0.00000000,0.00000000,NONE
R00858[K,p],0.00000000,0.00000000,0.00000000,0.00000000,0.00000000,0.00000000,0.00000000,0.00000000,0.00000000,0.00000000,0.00000000,0.00000000,0.00000000,0.00000000,0.00000000,0.00000000,0.00000000,0.00000000,0.00000000,0.00000000,0.00000000,0.00000000,0.00000000,0.00000000,0.00000000,0.00000000,NONE
R00874[K,c],0.00000000,0.00000000,0.00000000,0.00000000,0.00000000,0.00000000,0.00000000,0.00000000,0.00000000,0.00000000,0.00000000,0.00000000,0.00000000,0.00000000,0.00000000,0.00000000,0.00000000,0.00000000,0.00000000,0.00000000,0.00000000,0.00000000,0.00000000,0.00000000,0.00000000,0.00000000,NONE
R00875[K,c],0.00000000,0.00000000,0.00000000,0.00000000,0.00000000,0.00000000,0.00000000,0.00000000,0.00000000,0.00000000,0.00000000,0.00000000,0.00000000,0.00000000,0.00000000,0.00000000,0.00000000,0.00000000,0.00000000,0.00000000,0.00000000,0.00000000,0.00000000,0.00000000,0.00000000,0.00000000,NONE
R00889[K,c],0.00000000,0.00000000,0.00000000,0.00000000,0.00000000,0.00000000,0.00000000,0.00000000,0.00000000,0.00000000,0.00000000,0.00000000,0.00000000,0.00000000,0.00000000,0.00000000,0.00000000,0.00000000,0.00000000,0.00000000,0.00000000,0.00000000,0.00000000,0.00000000,0.00000000,0.00000000,NONE
R00895[K,m],0.00000000,0.00000000,0.00000000,0.00000000,0.00000000,0.00000000,0.00000000,0.00000000,0.00000000,0.00000000,0.00000000,0.00000000,0.00000000,0.00000000,0.00000000,0.00000000,0.00000000,0.00000000,0.00000000,0.00000000,0.00000000,0.00000000,0.00000000,0.00000000,0.00000000,0.00000000,NONE
R00895[K,p],0.00000000,0.00000000,0.00000000,0.00000000,0.00000000,0.00000000,0.00000000,0.00000000,0.00000000,0.00000000,0.00000000,0.00000000,0.00000000,0.00000000,0.00000000,0.00000000,0.00000000,0.00000000,0.00000000,0.00000000,0.00000000,0.00000000,0.00000000,0.00000000,0.00000000,0.00000000,NONE
R00895[K,x],0.00000000,0.00000000,0.00000000,0.00000000,0.00000000,0.00000000,0.00000000,0.00000000,0.00000000,0.00000000,0.00000000,0.00000000,0.00000000,0.00000000,0.00000000,0.00000000,0.00000000,0.00000000,0.00000000,0.00000000,0.00000000,0.00000000,0.00000000,0.00000000,0.00000000,0.00000000,NONE
R00897[K,p],0.00000000,0.00000000,0.00000000,0.00000000,0.00000000,0.00000000,0.00000000,0.00000000,0.00000000,0.00000000,0.00000000,0.00000000,0.00000000,0.00000000,0.00000000,0.00000000,0.00000000,0.00000000,0.00000000,0.00000000,0.00000000,0.00000000,0.00000000,0.00000000,0.00000000,0.00000000,NONE
R00904[K,m],0.00000000,0.00000000,0.00000000,0.00000000,0.00000000,0.00000000,0.00000000,0.00000000,0.00000000,0.00000000,0.00000000,0.00000000,0.00000000,0.00000000,0.00000000,0.00000000,0.00000000,0.00000000,0.00000000,0.00000000,0.00000000,0.00000000,0.00000000,0.00000000,0.00000000,0.00000000,NONE
R00905[K,c],0.00000000,0.00000000,0.00000000,0.00000000,0.00000000,0.00000000,0.00000000,0.00000000,0.00000000,0.00000000,0.00000000,0.00000000,0.00000000,0.00000000,0.00000000,0.00000000,0.00000000,0.00000000,0.00000000,0.00000000,0.00000000,0.00000000,0.00000000,0.00000000,0.00000000,0.00000000,NONE
R00905[K,p],0.00000000,0.00000000,0.00000000,0.00000000,0.00000000,0.00000000,0.00000000,0.00000000,0.00000000,0.00000000,0.00000000,0.00000000,0.00000000,0.00000000,0.00000000,0.00000000,0.00000000,0.00000000,0.00000000,0.00000000,0.00000000,0.00000000,0.00000000,0.00000000,0.00000000,0.00000000,NONE
R00924[K,p],0.00000000,0.00000000,0.00000000,0.00000000,0.00000000,0.00000000,0.00000000,0.00000000,0.00000000,0.00000000,0.00000000,0.00000000,0.00000000,0.00000000,0.00000000,0.00000000,0.00000000,0.00000000,0.00000000,0.00000000,0.00000000,0.00000000,0.00000000,0.00000000,0.00000000,0.00000000,NONE
R00924[K,x],0.00000000,0.00000000,0.00000000,0.00000000,0.00000000,0.00000000,0.00000000,0.00000000,0.00000000,0.00000000,0.00000000,0.00000000,0.00000000,0.00000000,0.00000000,0.00000000,0.00000000,0.00000000,0.00000000,0.00000000,0.00000000,0.00000000,0.00000000,0.00000000,0.00000000,0.00000000,NONE
R00927[K,c],0.00000000,0.00000000,0.00000000,0.00000000,0.00000000,0.00000000,0.00000000,0.00000000,0.00000000,0.00000000,0.00000000,0.00000000,0.00000000,0.00000000,0.00000000,0.00000000,0.00000000,0.00000000,0.00000000,0.00000000,0.00000000,0.00000000,0.00000000,0.00000000,0.00000000,0.00000000,NONE
R00927[K,m],0.00000000,0.00000000,0.00000000,0.00000000,0.00000000,0.00000000,0.00000000,0.00000000,0.00000000,0.00000000,0.00000000,0.00000000,0.00000000,0.00000000,0.00000000,0.00000000,0.00000000,0.00000000,0.00000000,0.00000000,0.00000000,0.00000000,0.00000000,0.00000000,0.00000000,0.00000000,NONE
R00927[K,x],0.00000000,0.00000000,0.00000000,0.00000000,0.00000000,0.00000000,0.00000000,0.00000000,0.00000000,0.00000000,0.00000000,0.00000000,0.00000000,0.00000000,0.00000000,0.00000000,0.00000000,0.00000000,0.00000000,0.00000000,0.00000000,0.00000000,0.00000000,0.00000000,0.00000000,0.00000000,NONE
R00936[K,c],0.00000000,0.00000000,0.00000000,0.00000000,0.00000000,0.00000000,0.00000000,0.00000000,0.00000000,0.00000000,0.00000000,0.00000000,0.00000000,0.00000000,0.00000000,0.00000000,0.00000000,0.00000000,0.00000000,0.00000000,0.00000000,0.00000000,0.00000000,0.00000000,0.00000000,0.00000000,NONE
R00936[K,m],0.00000000,0.00000000,0.00000000,0.00000000,0.00000000,0.00000000,0.00000000,0.00000000,0.00000000,0.00000000,0.00000000,0.00000000,0.00000000,0.00000000,0.00000000,0.00000000,0.00000000,0.00000000,0.00000000,0.00000000,0.00000000,0.00000000,0.00000000,0.00000000,0.00000000,0.00000000,NONE
R00936[K,x],0.00000000,0.00000000,0.00000000,0.00000000,0.00000000,0.00000000,0.00000000,0.00000000,0.00000000,0.00000000,0.00000000,0.00000000,0.00000000,0.00000000,0.00000000,0.00000000,0.00000000,0.00000000,0.00000000,0.00000000,0.00000000,0.00000000,0.00000000,0.00000000,0.00000000,0.00000000,NONE
R00937[K,m],0.00000000,0.00000000,0.00000000,0.00000000,0.00000000,0.00000000,0.00000000,0.00000000,0.00000000,0.00000000,0.00000000,0.00000000,0.00000000,0.00000000,0.00000000,0.00000000,0.00000000,0.00000000,0.00000000,0.00000000,0.00000000,0.00000000,0.00000000,0.00000000,0.00000000,0.00000000,NONE
R00937[K,p],0.00000000,0.00000000,0.00000000,0.00000000,0.00000000,0.00000000,0.00000000,0.00000000,0.00000000,0.00000000,0.00000000,0.00000000,0.00000000,0.00000000,0.00000000,0.00000000,0.00000000,0.00000000,0.00000000,0.00000000,0.00000000,0.00000000,0.00000000,0.00000000,0.00000000,0.00000000,NONE
R00937[K,x],0.00000000,0.00000000,0.00000000,0.00000000,0.00000000,0.00000000,0.00000000,0.00000000,0.00000000,0.00000000,0.00000000,0.00000000,0.00000000,0.00000000,0.00000000,0.00000000,0.00000000,0.00000000,0.00000000,0.00000000,0.00000000,0.00000000,0.00000000,0.00000000,0.00000000,0.00000000,NONE
R00939[K,m],0.00000000,0.00000000,0.00000000,0.00000000,0.00000000,0.00000000,0.00000000,0.00000000,0.00000000,0.00000000,0.00000000,0.00000000,0.00000000,0.00000000,0.00000000,0.00000000,0.00000000,0.00000000,0.00000000,0.00000000,0.00000000,0.00000000,0.00000000,0.00000000,0.00000000,0.00000000,NONE
R00939[K,p],0.00000000,0.00000000,0.00000000,0.00000000,0.00000000,0.00000000,0.00000000,0.00000000,0.00000000,0.00000000,0.00000000,0.00000000,0.00000000,0.00000000,0.00000000,0.00000000,0.00000000,0.00000000,0.00000000,0.00000000,0.00000000,0.00000000,0.00000000,0.00000000,0.00000000,0.00000000,NONE
R00940[K,m],0.00000000,0.00000000,0.00000000,0.00000000,0.00000000,0.00000000,0.00000000,0.00000000,0.00000000,0.00000000,0.00000000,0.00000000,0.00000000,0.00000000,0.00000000,0.00000000,0.00000000,0.00000000,0.00000000,0.00000000,0.00000000,0.00000000,0.00000000,0.00000000,0.00000000,0.00000000,NONE
R00940[K,p],0.00000000,0.00000000,0.00000000,0.00000000,0.00000000,0.00000000,0.00000000,0.00000000,0.00000000,0.00000000,0.00000000,0.00000000,0.00000000,0.00000000,0.00000000,0.00000000,0.00000000,0.00000000,0.00000000,0.00000000,0.00000000,0.00000000,0.00000000,0.00000000,0.00000000,0.00000000,NONE
R00940[K,x],0.00000000,0.00000000,0.00000000,0.00000000,0.00000000,0.00000000,0.00000000,0.00000000,0.00000000,0.00000000,0.00000000,0.00000000,0.00000000,0.00000000,0.00000000,0.00000000,0.00000000,0.00000000,0.00000000,0.00000000,0.00000000,0.00000000,0.00000000,0.00000000,0.00000000,0.00000000,NONE
R00943[K,c],0.00000000,0.00000000,0.00000000,0.00000000,0.00000000,0.00000000,0.00000000,0.00000000,0.00000000,0.00000000,0.00000000,0.00000000,0.00000000,0.00000000,0.00000000,0.00000000,0.00000000,0.00000000,0.00000000,0.00000000,0.00000000,0.00000000,0.00000000,0.00000000,0.00000000,0.00000000,NONE
R00943[K,m],0.00000000,0.00000000,0.00000000,0.00000000,0.00000000,0.00000000,0.00000000,0.00000000,0.00000000,0.00000000,0.00000000,0.00000000,0.00000000,0.00000000,0.00000000,0.00000000,0.00000000,0.00000000,0.00000000,0.00000000,0.00000000,0.00000000,0.00000000,0.00000000,0.00000000,0.00000000,NONE
R00943[K,p],0.00000000,0.00000000,0.00000000,0.00000000,0.00000000,0.00000000,0.00000000,0.00000000,0.00000000,0.00000000,0.00000000,0.00000000,0.00000000,0.00000000,0.00000000,0.00000000,0.00000000,0.00000000,0.00000000,0.00000000,0.00000000,0.00000000,0.00000000,0.00000000,0.00000000,0.00000000,NONE
R00948[K,c],0.00000000,0.00000000,0.00000000,0.00000000,0.00000000,0.00000000,0.00000000,0.00000000,0.00000000,0.00000000,0.00000000,0.00000000,0.00000000,0.00000000,0.00000000,0.00000000,0.00000000,0.00000000,0.00000000,0.00000000,0.00000000,0.00000000,0.00000000,0.00000000,0.00000000,0.00000000,NONE
R00948[K,m],0.00000000,0.00000000,0.00000000,0.00000000,0.00000000,0.00000000,0.00000000,0.00000000,0.00000000,0.00000000,0.00000000,0.00000000,0.00000000,0.00000000,0.00000000,0.00000000,0.00000000,0.00000000,0.00000000,0.00000000,0.00000000,0.00000000,0.00000000,0.00000000,0.00000000,0.00000000,NONE
R00965[K,p],0.00000000,0.00000000,0.00000000,0.00000000,0.00000000,0.00000000,0.00000000,0.00000000,0.00000000,0.00000000,0.00000000,0.00000000,0.00000000,0.00000000,0.00000000,0.00000000,0.00000000,0.00000000,0.00000000,0.00000000,0.00000000,0.00000000,0.00000000,0.00000000,0.00000000,0.00000000,NONE
R00966[K,p],0.00000000,0.00000000,0.00000000,0.00000000,0.00000000,0.00000000,0.00000000,0.00000000,0.00000000,0.00000000,0.00000000,0.00000000,0.00000000,0.00000000,0.00000000,0.00000000,0.00000000,0.00000000,0.00000000,0.00000000,0.00000000,0.00000000,0.00000000,0.00000000,0.00000000,0.00000000,NONE
R00967[K,p],0.00000000,0.00000000,0.00000000,0.00000000,0.00000000,0.00000000,0.00000000,0.00000000,0.00000000,0.00000000,0.00000000,0.00000000,0.00000000,0.00000000,0.00000000,0.00000000,0.00000000,0.00000000,0.00000000,0.00000000,0.00000000,0.00000000,0.00000000,0.00000000,0.00000000,0.00000000,NONE
R00977[K,c],0.00000000,0.00000000,0.00000000,0.00000000,0.00000000,0.00000000,0.00000000,0.00000000,0.00000000,0.00000000,0.00000000,0.00000000,0.00000000,0.00000000,0.00000000,0.00000000,0.00000000,0.00000000,0.00000000,0.00000000,0.00000000,0.00000000,0.00000000,0.00000000,0.00000000,0.00000000,NONE
R00977[K,p],0.00000000,0.00000000,0.00000000,0.00000000,0.00000000,0.00000000,0.00000000,0.00000000,0.00000000,0.00000000,0.00000000,0.00000000,0.00000000,0.00000000,0.00000000,0.00000000,0.00000000,0.00000000,0.00000000,0.00000000,0.00000000,0.00000000,0.00000000,0.00000000,0.00000000,0.00000000,NONE
R00978[K,p],0.00000000,0.00000000,0.00000000,0.00000000,0.00000000,0.00000000,0.00000000,0.00000000,0.00000000,0.00000000,0.00000000,0.00000000,0.00000000,0.00000000,0.00000000,0.00000000,0.00000000,0.00000000,0.00000000,0.00000000,0.00000000,0.00000000,0.00000000,0.00000000,0.00000000,0.00000000,NONE
R00985[K,p],0.00000000,0.00000000,0.00000000,0.00000000,0.00000000,0.00000000,0.00000000,0.00000000,0.00000000,0.00000000,0.00000000,0.00000000,0.00000000,0.00000000,0.00000000,0.00000000,0.00000000,0.00000000,0.00000000,0.00000000,0.00000000,0.00000000,0.00000000,0.00000000,0.00000000,0.00000000,NONE
R00986[K,p],0.00000000,0.00000000,0.00000000,0.00000000,0.00000000,0.00000000,0.00000000,0.00000000,0.00000000,0.00000000,0.00000000,0.00000000,0.00000000,0.00000000,0.00000000,0.00000000,0.00000000,0.00000000,0.00000000,0.00000000,0.00000000,0.00000000,0.00000000,0.00000000,0.00000000,0.00000000,NONE
R00987[K,p],0.00000000,0.00000000,0.00000000,0.00000000,0.00000000,0.00000000,0.00000000,0.00000000,0.00000000,0.00000000,0.00000000,0.00000000,0.00000000,0.00000000,0.00000000,0.00000000,0.00000000,0.00000000,0.00000000,0.00000000,0.00000000,0.00000000,0.00000000,0.00000000,0.00000000,0.00000000,NONE
R00996[K,c],0.00000000,0.00000000,0.00000000,0.00000000,0.00000000,0.00000000,0.00000000,0.00000000,0.00000000,0.00000000,0.00000000,0.00000000,0.00000000,0.00000000,0.00000000,0.00000000,0.00000000,0.00000000,0.00000000,0.00000000,0.00000000,0.00000000,0.00000000,0.00000000,0.00000000,0.00000000,NONE
R00997[K,p],0.00000000,0.00000000,0.00000000,0.00000000,0.00000000,0.00000000,0.00000000,0.00000000,0.00000000,0.00000000,0.00000000,0.00000000,0.00000000,0.00000000,0.00000000,0.00000000,0.00000000,0.00000000,0.00000000,0.00000000,0.00000000,0.00000000,0.00000000,0.00000000,0.00000000,0.00000000,NONE
R00999[K,c],0.00000000,0.00000000,0.00000000,0.00000000,0.00000000,0.00000000,0.00000000,0.00000000,0.00000000,0.00000000,0.00000000,0.00000000,0.00000000,0.00000000,0.00000000,0.00000000,0.00000000,0.00000000,0.00000000,0.00000000,0.00000000,0.00000000,0.00000000,0.00000000,0.00000000,0.00000000,NONE
R00999[K,m],0.00000000,0.00000000,0.00000000,0.00000000,0.00000000,0.00000000,0.00000000,0.00000000,0.00000000,0.00000000,0.00000000,0.00000000,0.00000000,0.00000000,0.00000000,0.00000000,0.00000000,0.00000000,0.00000000,0.00000000,0.00000000,0.00000000,0.00000000,0.00000000,0.00000000,0.00000000,NONE
R00999[K,p],0.00000000,0.00000000,0.00000000,0.00000000,0.00000000,0.00000000,0.00000000,0.00000000,0.00000000,0.00000000,0.00000000,0.00000000,0.00000000,0.00000000,0.00000000,0.00000000,0.00000000,0.00000000,0.00000000,0.00000000,0.00000000,0.00000000,0.00000000,0.00000000,0.00000000,0.00000000,NONE
R01001[K,p],0.00000000,0.00000000,0.00000000,0.00000000,0.00000000,0.00000000,0.00000000,0.00000000,0.00000000,0.00000000,0.00000000,0.00000000,0.00000000,0.00000000,0.00000000,0.00000000,0.00000000,0.00000000,0.00000000,0.00000000,0.00000000,0.00000000,0.00000000,0.00000000,0.00000000,0.00000000,NONE
R01010[K,c],0.00000000,0.00000000,0.00000000,0.00000000,0.00000000,0.00000000,0.00000000,0.00000000,0.00000000,0.00000000,0.00000000,0.00000000,0.00000000,0.00000000,0.00000000,0.00000000,0.00000000,0.00000000,0.00000000,0.00000000,0.00000000,0.00000000,0.00000000,0.00000000,0.00000000,0.00000000,NONE
R01011[K,c],0.00000000,0.00000000,0.00000000,0.00000000,0.00000000,0.00000000,0.00000000,0.00000000,0.00000000,0.00000000,0.00000000,0.00000000,0.00000000,0.00000000,0.00000000,0.00000000,0.00000000,0.00000000,0.00000000,0.00000000,0.00000000,0.00000000,0.00000000,0.00000000,0.00000000,0.00000000,NONE
R01016[K,p],0.00000000,0.00000000,0.00000000,0.00000000,0.00000000,0.00000000,0.00000000,0.00000000,0.00000000,0.00000000,0.00000000,0.00000000,0.00000000,0.00000000,0.00000000,0.00000000,0.00000000,0.00000000,0.00000000,0.00000000,0.00000000,0.00000000,0.00000000,0.00000000,0.00000000,0.00000000,NONE
R01030[K,c],0.00000000,0.00000000,0.00000000,0.00000000,0.00000000,0.00000000,0.00000000,0.00000000,0.00000000,0.00000000,0.00000000,0.00000000,0.00000000,0.00000000,0.00000000,0.00000000,0.00000000,0.00000000,0.00000000,0.00000000,0.00000000,0.00000000,0.00000000,0.00000000,0.00000000,0.00000000,NONE
R01030[K,m],0.00000000,0.00000000,0.00000000,0.00000000,0.00000000,0.00000000,0.00000000,0.00000000,0.00000000,0.00000000,0.00000000,0.00000000,0.00000000,0.00000000,0.00000000,0.00000000,0.00000000,0.00000000,0.00000000,0.00000000,0.00000000,0.00000000,0.00000000,0.00000000,0.00000000,0.00000000,NONE
R01030[K,p],0.00000000,0.00000000,0.00000000,0.00000000,0.00000000,0.00000000,0.00000000,0.00000000,0.00000000,0.00000000,0.00000000,0.00000000,0.00000000,0.00000000,0.00000000,0.00000000,0.00000000,0.00000000,0.00000000,0.00000000,0.00000000,0.00000000,0.00000000,0.00000000,0.00000000,0.00000000,NONE
R01030[K,pm],0.00000000,0.00000000,0.00000000,0.00000000,0.00000000,0.00000000,0.00000000,0.00000000,0.00000000,0.00000000,0.00000000,0.00000000,0.00000000,0.00000000,0.00000000,0.00000000,0.00000000,0.00000000,0.00000000,0.00000000,0.00000000,0.00000000,0.00000000,0.00000000,0.00000000,0.00000000,NONE
R01030[K,x],0.00000000,0.00000000,0.00000000,0.00000000,0.00000000,0.00000000,0.00000000,0.00000000,0.00000000,0.00000000,0.00000000,0.00000000,0.00000000,0.00000000,0.00000000,0.00000000,0.00000000,0.00000000,0.00000000,0.00000000,0.00000000,0.00000000,0.00000000,0.00000000,0.00000000,0.00000000,NONE
R01049[K,p],0.00000000,0.00000000,0.00000000,0.00000000,0.00000000,0.00000000,0.00000000,0.00000000,0.00000000,0.00000000,0.00000000,0.00000000,0.00000000,0.00000000,0.00000000,0.00000000,0.00000000,0.00000000,0.00000000,0.00000000,0.00000000,0.00000000,0.00000000,0.00000000,0.00000000,0.00000000,NONE
R01055[K,p],0.00000000,0.00000000,0.00000000,0.00000000,0.00000000,0.00000000,0.00000000,0.00000000,0.00000000,0.00000000,0.00000000,0.00000000,0.00000000,0.00000000,0.00000000,0.00000000,0.00000000,0.00000000,0.00000000,0.00000000,0.00000000,0.00000000,0.00000000,0.00000000,0.00000000,0.00000000,NONE
R01071[K,p],0.00000000,0.00000000,0.00000000,0.00000000,0.00000000,0.00000000,0.00000000,0.00000000,0.00000000,0.00000000,0.00000000,0.00000000,0.00000000,0.00000000,0.00000000,0.00000000,0.00000000,0.00000000,0.00000000,0.00000000,0.00000000,0.00000000,0.00000000,0.00000000,0.00000000,0.00000000,NONE
R01073[K,p],0.00000000,0.00000000,0.00000000,0.00000000,0.00000000,0.00000000,0.00000000,0.00000000,0.00000000,0.00000000,0.00000000,0.00000000,0.00000000,0.00000000,0.00000000,0.00000000,0.00000000,0.00000000,0.00000000,0.00000000,0.00000000,0.00000000,0.00000000,0.00000000,0.00000000,0.00000000,NONE
R01078[K,m],0.00000000,0.00000000,0.00000000,0.00000000,0.00000000,0.00000000,0.00000000,0.00000000,0.00000000,0.00000000,0.00000000,0.00000000,0.00000000,0.00000000,0.00000000,0.00000000,0.00000000,0.00000000,0.00000000,0.00000000,0.00000000,0.00000000,0.00000000,0.00000000,0.00000000,0.00000000,NONE
R01078[K,p],0.00000000,0.00000000,0.00000000,0.00000000,0.00000000,0.00000000,0.00000000,0.00000000,0.00000000,0.00000000,0.00000000,0.00000000,0.00000000,0.00000000,0.00000000,0.00000000,0.00000000,0.00000000,0.00000000,0.00000000,0.00000000,0.00000000,0.00000000,0.00000000,0.00000000,0.00000000,NONE
R01078[K,x],0.00000000,0.00000000,0.00000000,0.00000000,0.00000000,0.00000000,0.00000000,0.00000000,0.00000000,0.00000000,0.00000000,0.00000000,0.00000000,0.00000000,0.00000000,0.00000000,0.00000000,0.00000000,0.00000000,0.00000000,0.00000000,0.00000000,0.00000000,0.00000000,0.00000000,0.00000000,NONE
R01080[K,c],0.00000000,0.00000000,0.00000000,0.00000000,0.00000000,0.00000000,0.00000000,0.00000000,0.00000000,0.00000000,0.00000000,0.00000000,0.00000000,0.00000000,0.00000000,0.00000000,0.00000000,0.00000000,0.00000000,0.00000000,0.00000000,0.00000000,0.00000000,0.00000000,0.00000000,0.00000000,NONE
R01080[K,p],0.00000000,0.00000000,0.00000000,0.00000000,0.00000000,0.00000000,0.00000000,0.00000000,0.00000000,0.00000000,0.00000000,0.00000000,0.00000000,0.00000000,0.00000000,0.00000000,0.00000000,0.00000000,0.00000000,0.00000000,0.00000000,0.00000000,0.00000000,0.00000000,0.00000000,0.00000000,NONE
R01081[K,c],0.00000000,0.00000000,0.00000000,0.00000000,0.00000000,0.00000000,0.00000000,0.00000000,0.00000000,0.00000000,0.00000000,0.00000000,0.00000000,0.00000000,0.00000000,0.00000000,0.00000000,0.00000000,0.00000000,0.00000000,0.00000000,0.00000000,0.00000000,0.00000000,0.00000000,0.00000000,NONE
R01081[K,x],0.00000000,0.00000000,0.00000000,0.00000000,0.00000000,0.00000000,0.00000000,0.00000000,0.00000000,0.00000000,0.00000000,0.00000000,0.00000000,0.00000000,0.00000000,0.00000000,0.00000000,0.00000000,0.00000000,0.00000000,0.00000000,0.00000000,0.00000000,0.00000000,0.00000000,0.00000000,NONE
R01083[K,m],0.00000000,0.00000000,0.00000000,0.00000000,0.00000000,0.00000000,0.00000000,0.00000000,0.00000000,0.00000000,0.00000000,0.00000000,0.00000000,0.00000000,0.00000000,0.00000000,0.00000000,0.00000000,0.00000000,0.00000000,0.00000000,0.00000000,0.00000000,0.00000000,0.00000000,0.00000000,NONE
R01083[K,p],0.00000000,0.00000000,0.00000000,0.00000000,0.00000000,0.00000000,0.00000000,0.00000000,0.00000000,0.00000000,0.00000000,0.00000000,0.00000000,0.00000000,0.00000000,0.00000000,0.00000000,0.00000000,0.00000000,0.00000000,0.00000000,0.00000000,0.00000000,0.00000000,0.00000000,0.00000000,NONE
R01086[K,c],0.00000000,0.00000000,0.00000000,0.00000000,0.00000000,0.00000000,0.00000000,0.00000000,0.00000000,0.00000000,0.00000000,0.00000000,0.00000000,0.00000000,0.00000000,0.00000000,0.00000000,0.00000000,0.00000000,0.00000000,0.00000000,0.00000000,0.00000000,0.00000000,0.00000000,0.00000000,NONE
R01086[K,p],0.00000000,0.00000000,0.00000000,0.00000000,0.00000000,0.00000000,0.00000000,0.00000000,0.00000000,0.00000000,0.00000000,0.00000000,0.00000000,0.00000000,0.00000000,0.00000000,0.00000000,0.00000000,0.00000000,0.00000000,0.00000000,0.00000000,0.00000000,0.00000000,0.00000000,0.00000000,NONE
R01087[K,p],0.00000000,0.00000000,0.00000000,0.00000000,0.00000000,0.00000000,0.00000000,0.00000000,0.00000000,0.00000000,0.00000000,0.00000000,0.00000000,0.00000000,0.00000000,0.00000000,0.00000000,0.00000000,0.00000000,0.00000000,0.00000000,0.00000000,0.00000000,0.00000000,0.00000000,0.00000000,NONE
R01090[K,m],0.00000000,0.00000000,0.00000000,0.00000000,0.00000000,0.00000000,0.00000000,0.00000000,0.00000000,0.00000000,0.00000000,0.00000000,0.00000000,0.00000000,0.00000000,0.00000000,0.00000000,0.00000000,0.00000000,0.00000000,0.00000000,0.00000000,0.00000000,0.00000000,0.00000000,0.00000000,NONE
R01101[K,c],0.00000000,0.00000000,0.00000000,0.00000000,0.00000000,0.00000000,0.00000000,0.00000000,0.00000000,0.00000000,0.00000000,0.00000000,0.00000000,0.00000000,0.00000000,0.00000000,0.00000000,0.00000000,0.00000000,0.00000000,0.00000000,0.00000000,0.00000000,0.00000000,0.00000000,0.00000000,NONE
R01101[K,p],0.00000000,0.00000000,0.00000000,0.00000000,0.00000000,0.00000000,0.00000000,0.00000000,0.00000000,0.00000000,0.00000000,0.00000000,0.00000000,0.00000000,0.00000000,0.00000000,0.00000000,0.00000000,0.00000000,0.00000000,0.00000000,0.00000000,0.00000000,0.00000000,0.00000000,0.00000000,NONE
R01108[K,c],0.00000000,0.00000000,0.00000000,0.00000000,0.00000000,0.00000000,0.00000000,0.00000000,0.00000000,0.00000000,0.00000000,0.00000000,0.00000000,0.00000000,0.00000000,0.00000000,0.00000000,0.00000000,0.00000000,0.00000000,0.00000000,0.00000000,0.00000000,0.00000000,0.00000000,0.00000000,NONE
R01108[K,p],0.00000000,0.00000000,0.00000000,0.00000000,0.00000000,0.00000000,0.00000000,0.00000000,0.00000000,0.00000000,0.00000000,0.00000000,0.00000000,0.00000000,0.00000000,0.00000000,0.00000000,0.00000000,0.00000000,0.00000000,0.00000000,0.00000000,0.00000000,0.00000000,0.00000000,0.00000000,NONE
R01127[K,p],0.00000000,0.00000000,0.00000000,0.00000000,0.00000000,0.00000000,0.00000000,0.00000000,0.00000000,0.00000000,0.00000000,0.00000000,0.00000000,0.00000000,0.00000000,0.00000000,0.00000000,0.00000000,0.00000000,0.00000000,0.00000000,0.00000000,0.00000000,0.00000000,0.00000000,0.00000000,NONE
R01130[K,p],0.00000000,0.00000000,0.00000000,0.00000000,0.00000000,0.00000000,0.00000000,0.00000000,0.00000000,0.00000000,0.00000000,0.00000000,0.00000000,0.00000000,0.00000000,0.00000000,0.00000000,0.00000000,0.00000000,0.00000000,0.00000000,0.00000000,0.00000000,0.00000000,0.00000000,0.00000000,NONE
R01137[K,p],0.00000000,0.00000000,0.00000000,0.00000000,0.00000000,0.00000000,0.00000000,0.00000000,0.00000000,0.00000000,0.00000000,0.00000000,0.00000000,0.00000000,0.00000000,0.00000000,0.00000000,0.00000000,0.00000000,0.00000000,0.00000000,0.00000000,0.00000000,0.00000000,0.00000000,0.00000000,NONE
R01138[K,p],0.00000000,0.00000000,0.00000000,0.00000000,0.00000000,0.00000000,0.00000000,0.00000000,0.00000000,0.00000000,0.00000000,0.00000000,0.00000000,0.00000000,0.00000000,0.00000000,0.00000000,0.00000000,0.00000000,0.00000000,0.00000000,0.00000000,0.00000000,0.00000000,0.00000000,0.00000000,NONE
R01152[K,p],0.00000000,0.00000000,0.00000000,0.00000000,0.00000000,0.00000000,0.00000000,0.00000000,0.00000000,0.00000000,0.00000000,0.00000000,0.00000000,0.00000000,0.00000000,0.00000000,0.00000000,0.00000000,0.00000000,0.00000000,0.00000000,0.00000000,0.00000000,0.00000000,0.00000000,0.00000000,NONE
R01155[K,p],0.00000000,0.00000000,0.00000000,0.00000000,0.00000000,0.00000000,0.00000000,0.00000000,0.00000000,0.00000000,0.00000000,0.00000000,0.00000000,0.00000000,0.00000000,0.00000000,0.00000000,0.00000000,0.00000000,0.00000000,0.00000000,0.00000000,0.00000000,0.00000000,0.00000000,0.00000000,NONE
R01157[K,p],0.00000000,0.00000000,0.00000000,0.00000000,0.00000000,0.00000000,0.00000000,0.00000000,0.00000000,0.00000000,0.00000000,0.00000000,0.00000000,0.00000000,0.00000000,0.00000000,0.00000000,0.00000000,0.00000000,0.00000000,0.00000000,0.00000000,0.00000000,0.00000000,0.00000000,0.00000000,NONE
R01159[K,m],0.00000000,0.00000000,0.00000000,0.00000000,0.00000000,0.00000000,0.00000000,0.00000000,0.00000000,0.00000000,0.00000000,0.00000000,0.00000000,0.00000000,0.00000000,0.00000000,0.00000000,0.00000000,0.00000000,0.00000000,0.00000000,0.00000000,0.00000000,0.00000000,0.00000000,0.00000000,NONE
R01159[K,p],0.00000000,0.00000000,0.00000000,0.00000000,0.00000000,0.00000000,0.00000000,0.00000000,0.00000000,0.00000000,0.00000000,0.00000000,0.00000000,0.00000000,0.00000000,0.00000000,0.00000000,0.00000000,0.00000000,0.00000000,0.00000000,0.00000000,0.00000000,0.00000000,0.00000000,0.00000000,NONE
R01163[K,p],0.00000000,0.00000000,0.00000000,0.00000000,0.00000000,0.00000000,0.00000000,0.00000000,0.00000000,0.00000000,0.00000000,0.00000000,0.00000000,0.00000000,0.00000000,0.00000000,0.00000000,0.00000000,0.00000000,0.00000000,0.00000000,0.00000000,0.00000000,0.00000000,0.00000000,0.00000000,NONE
R01167[K,m],0.00000000,0.00000000,0.00000000,0.00000000,0.00000000,0.00000000,0.00000000,0.00000000,0.00000000,0.00000000,0.00000000,0.00000000,0.00000000,0.00000000,0.00000000,0.00000000,0.00000000,0.00000000,0.00000000,0.00000000,0.00000000,0.00000000,0.00000000,0.00000000,0.00000000,0.00000000,NONE
R01167[K,p],0.00000000,0.00000000,0.00000000,0.00000000,0.00000000,0.00000000,0.00000000,0.00000000,0.00000000,0.00000000,0.00000000,0.00000000,0.00000000,0.00000000,0.00000000,0.00000000,0.00000000,0.00000000,0.00000000,0.00000000,0.00000000,0.00000000,0.00000000,0.00000000,0.00000000,0.00000000,NONE
R01167[K,x],0.00000000,0.00000000,0.00000000,0.00000000,0.00000000,0.00000000,0.00000000,0.00000000,0.00000000,0.00000000,0.00000000,0.00000000,0.00000000,0.00000000,0.00000000,0.00000000,0.00000000,0.00000000,0.00000000,0.00000000,0.00000000,0.00000000,0.00000000,0.00000000,0.00000000,0.00000000,NONE
R01171[K,m],0.00000000,0.00000000,0.00000000,0.00000000,0.00000000,0.00000000,0.00000000,0.00000000,0.00000000,0.00000000,0.00000000,0.00000000,0.00000000,0.00000000,0.00000000,0.00000000,0.00000000,0.00000000,0.00000000,0.00000000,0.00000000,0.00000000,0.00000000,0.00000000,0.00000000,0.00000000,NONE
R01175[K,x],0.00000000,0.00000000,0.00000000,0.00000000,0.00000000,0.00000000,0.00000000,0.00000000,0.00000000,0.00000000,0.00000000,0.00000000,0.00000000,0.00000000,0.00000000,0.00000000,0.00000000,0.00000000,0.00000000,0.00000000,0.00000000,0.00000000,0.00000000,0.00000000,0.00000000,0.00000000,NONE
R01177[K,c],0.00000000,0.00000000,0.00000000,0.00000000,0.00000000,0.00000000,0.00000000,0.00000000,0.00000000,0.00000000,0.00000000,0.00000000,0.00000000,0.00000000,0.00000000,0.00000000,0.00000000,0.00000000,0.00000000,0.00000000,0.00000000,0.00000000,0.00000000,0.00000000,0.00000000,0.00000000,NONE
R01177[K,x],0.00000000,0.00000000,0.00000000,0.00000000,0.00000000,0.00000000,0.00000000,0.00000000,0.00000000,0.00000000,0.00000000,0.00000000,0.00000000,0.00000000,0.00000000,0.00000000,0.00000000,0.00000000,0.00000000,0.00000000,0.00000000,0.00000000,0.00000000,0.00000000,0.00000000,0.00000000,NONE
R01178[K,m],0.00000000,0.00000000,0.00000000,0.00000000,0.00000000,0.00000000,0.00000000,0.00000000,0.00000000,0.00000000,0.00000000,0.00000000,0.00000000,0.00000000,0.00000000,0.00000000,0.00000000,0.00000000,0.00000000,0.00000000,0.00000000,0.00000000,0.00000000,0.00000000,0.00000000,0.00000000,NONE
R01178[K,x],0.00000000,0.00000000,0.00000000,0.00000000,0.00000000,0.00000000,0.00000000,0.00000000,0.00000000,0.00000000,0.00000000,0.00000000,0.00000000,0.00000000,0.00000000,0.00000000,0.00000000,0.00000000,0.00000000,0.00000000,0.00000000,0.00000000,0.00000000,0.00000000,0.00000000,0.00000000,NONE
R01185[K,p],0.00000000,0.00000000,0.00000000,0.00000000,0.00000000,0.00000000,0.00000000,0.00000000,0.00000000,0.00000000,0.00000000,0.00000000,0.00000000,0.00000000,0.00000000,0.00000000,0.00000000,0.00000000,0.00000000,0.00000000,0.00000000,0.00000000,0.00000000,0.00000000,0.00000000,0.00000000,NONE
R01186[K,p],0.00000000,0.00000000,0.00000000,0.00000000,0.00000000,0.00000000,0.00000000,0.00000000,0.00000000,0.00000000,0.00000000,0.00000000,0.00000000,0.00000000,0.00000000,0.00000000,0.00000000,0.00000000,0.00000000,0.00000000,0.00000000,0.00000000,0.00000000,0.00000000,0.00000000,0.00000000,NONE
R01187[K,p],0.00000000,0.00000000,0.00000000,0.00000000,0.00000000,0.00000000,0.00000000,0.00000000,0.00000000,0.00000000,0.00000000,0.00000000,0.00000000,0.00000000,0.00000000,0.00000000,0.00000000,0.00000000,0.00000000,0.00000000,0.00000000,0.00000000,0.00000000,0.00000000,0.00000000,0.00000000,NONE
R01195[K,t],0.00000000,0.00000000,0.00000000,0.00000000,0.00000000,0.00000000,0.00000000,0.00000000,0.00000000,0.00000000,0.00000000,0.00000000,0.00000000,0.00000000,0.00000000,0.00000000,0.00000000,0.00000000,0.00000000,0.00000000,0.00000000,0.00000000,0.00000000,0.00000000,0.00000000,0.00000000,NONE
R01215[K,c],0.00000000,0.00000000,0.00000000,0.00000000,0.00000000,0.00000000,0.00000000,0.00000000,0.00000000,0.00000000,0.00000000,0.00000000,0.00000000,0.00000000,0.00000000,0.00000000,0.00000000,0.00000000,0.00000000,0.00000000,0.00000000,0.00000000,0.00000000,0.00000000,0.00000000,0.00000000,NONE
R01217[K,x],0.00000000,0.00000000,0.00000000,0.00000000,0.00000000,0.00000000,0.00000000,0.00000000,0.00000000,0.00000000,0.00000000,0.00000000,0.00000000,0.00000000,0.00000000,0.00000000,0.00000000,0.00000000,0.00000000,0.00000000,0.00000000,0.00000000,0.00000000,0.00000000,0.00000000,0.00000000,NONE
R01218[K,p],0.00000000,0.00000000,0.00000000,0.00000000,0.00000000,0.00000000,0.00000000,0.00000000,0.00000000,0.00000000,0.00000000,0.00000000,0.00000000,0.00000000,0.00000000,0.00000000,0.00000000,0.00000000,0.00000000,0.00000000,0.00000000,0.00000000,0.00000000,0.00000000,0.00000000,0.00000000,NONE
R01220[K,c],0.00000000,0.00000000,0.00000000,0.00000000,0.00000000,0.00000000,0.00000000,0.00000000,0.00000000,0.00000000,0.00000000,0.00000000,0.00000000,0.00000000,0.00000000,0.00000000,0.00000000,0.00000000,0.00000000,0.00000000,0.00000000,0.00000000,0.00000000,0.00000000,0.00000000,0.00000000,NONE
R01226[K,m],0.00000000,0.00000000,0.00000000,0.00000000,0.00000000,0.00000000,0.00000000,0.00000000,0.00000000,0.00000000,0.00000000,0.00000000,0.00000000,0.00000000,0.00000000,0.00000000,0.00000000,0.00000000,0.00000000,0.00000000,0.00000000,0.00000000,0.00000000,0.00000000,0.00000000,0.00000000,NONE
R01226[K,p],0.00000000,0.00000000,0.00000000,0.00000000,0.00000000,0.00000000,0.00000000,0.00000000,0.00000000,0.00000000,0.00000000,0.00000000,0.00000000,0.00000000,0.00000000,0.00000000,0.00000000,0.00000000,0.00000000,0.00000000,0.00000000,0.00000000,0.00000000,0.00000000,0.00000000,0.00000000,NONE
R01230[K,c],0.00000000,0.00000000,0.00000000,0.00000000,0.00000000,0.00000000,0.00000000,0.00000000,0.00000000,0.00000000,0.00000000,0.00000000,0.00000000,0.00000000,0.00000000,0.00000000,0.00000000,0.00000000,0.00000000,0.00000000,0.00000000,0.00000000,0.00000000,0.00000000,0.00000000,0.00000000,NONE
R01230[K,m],0.00000000,0.00000000,0.00000000,0.00000000,0.00000000,0.00000000,0.00000000,0.00000000,0.00000000,0.00000000,0.00000000,0.00000000,0.00000000,0.00000000,0.00000000,0.00000000,0.00000000,0.00000000,0.00000000,0.00000000,0.00000000,0.00000000,0.00000000,0.00000000,0.00000000,0.00000000,NONE
R01230[K,p],0.00000000,0.00000000,0.00000000,0.00000000,0.00000000,0.00000000,0.00000000,0.00000000,0.00000000,0.00000000,0.00000000,0.00000000,0.00000000,0.00000000,0.00000000,0.00000000,0.00000000,0.00000000,0.00000000,0.00000000,0.00000000,0.00000000,0.00000000,0.00000000,0.00000000,0.00000000,NONE
R01230[K,pm],0.00000000,0.00000000,0.00000000,0.00000000,0.00000000,0.00000000,0.00000000,0.00000000,0.00000000,0.00000000,0.00000000,0.00000000,0.00000000,0.00000000,0.00000000,0.00000000,0.00000000,0.00000000,0.00000000,0.00000000,0.00000000,0.00000000,0.00000000,0.00000000,0.00000000,0.00000000,NONE
R01230[K,x],0.00000000,0.00000000,0.00000000,0.00000000,0.00000000,0.00000000,0.00000000,0.00000000,0.00000000,0.00000000,0.00000000,0.00000000,0.00000000,0.00000000,0.00000000,0.00000000,0.00000000,0.00000000,0.00000000,0.00000000,0.00000000,0.00000000,0.00000000,0.00000000,0.00000000,0.00000000,NONE
R01231[K,c],0.00000000,0.00000000,0.00000000,0.00000000,0.00000000,0.00000000,0.00000000,0.00000000,0.00000000,0.00000000,0.00000000,0.00000000,0.00000000,0.00000000,0.00000000,0.00000000,0.00000000,0.00000000,0.00000000,0.00000000,0.00000000,0.00000000,0.00000000,0.00000000,0.00000000,0.00000000,NONE
R01231[K,p],0.00000000,0.00000000,0.00000000,0.00000000,0.00000000,0.00000000,0.00000000,0.00000000,0.00000000,0.00000000,0.00000000,0.00000000,0.00000000,0.00000000,0.00000000,0.00000000,0.00000000,0.00000000,0.00000000,0.00000000,0.00000000,0.00000000,0.00000000,0.00000000,0.00000000,0.00000000,NONE
R01245[K,c],0.00000000,0.00000000,0.00000000,0.00000000,0.00000000,0.00000000,0.00000000,0.00000000,0.00000000,0.00000000,0.00000000,0.00000000,0.00000000,0.00000000,0.00000000,0.00000000,0.00000000,0.00000000,0.00000000,0.00000000,0.00000000,0.00000000,0.00000000,0.00000000,0.00000000,0.00000000,NONE
R01245[K,p],0.00000000,0.00000000,0.00000000,0.00000000,0.00000000,0.00000000,0.00000000,0.00000000,0.00000000,0.00000000,0.00000000,0.00000000,0.00000000,0.00000000,0.00000000,0.00000000,0.00000000,0.00000000,0.00000000,0.00000000,0.00000000,0.00000000,0.00000000,0.00000000,0.00000000,0.00000000,NONE
R01251[K,c],0.00000000,0.00000000,0.00000000,0.00000000,0.00000000,0.00000000,0.00000000,0.00000000,0.00000000,0.00000000,0.00000000,0.00000000,0.00000000,0.00000000,0.00000000,0.00000000,0.00000000,0.00000000,0.00000000,0.00000000,0.00000000,0.00000000,0.00000000,0.00000000,0.00000000,0.00000000,NONE
R01252[K,c],0.00000000,0.00000000,0.00000000,0.00000000,0.00000000,0.00000000,0.00000000,0.00000000,0.00000000,0.00000000,0.00000000,0.00000000,0.00000000,0.00000000,0.00000000,0.00000000,0.00000000,0.00000000,0.00000000,0.00000000,0.00000000,0.00000000,0.00000000,0.00000000,0.00000000,0.00000000,NONE
R01252[K,m],0.00000000,0.00000000,0.00000000,0.00000000,0.00000000,0.00000000,0.00000000,0.00000000,0.00000000,0.00000000,0.00000000,0.00000000,0.00000000,0.00000000,0.00000000,0.00000000,0.00000000,0.00000000,0.00000000,0.00000000,0.00000000,0.00000000,0.00000000,0.00000000,0.00000000,0.00000000,NONE
R01263[K,c],0.00000000,0.00000000,0.00000000,0.00000000,0.00000000,0.00000000,0.00000000,0.00000000,0.00000000,0.00000000,0.00000000,0.00000000,0.00000000,0.00000000,0.00000000,0.00000000,0.00000000,0.00000000,0.00000000,0.00000000,0.00000000,0.00000000,0.00000000,0.00000000,0.00000000,0.00000000,NONE
R01267[K,c],0.00000000,0.00000000,0.00000000,0.00000000,0.00000000,0.00000000,0.00000000,0.00000000,0.00000000,0.00000000,0.00000000,0.00000000,0.00000000,0.00000000,0.00000000,0.00000000,0.00000000,0.00000000,0.00000000,0.00000000,0.00000000,0.00000000,0.00000000,0.00000000,0.00000000,0.00000000,NONE
R01268[K,c],0.00000000,0.00000000,0.00000000,0.00000000,0.00000000,0.00000000,0.00000000,0.00000000,0.00000000,0.00000000,0.00000000,0.00000000,0.00000000,0.00000000,0.00000000,0.00000000,0.00000000,0.00000000,0.00000000,0.00000000,0.00000000,0.00000000,0.00000000,0.00000000,0.00000000,0.00000000,NONE
R01270[K,c],0.00000000,0.00000000,0.00000000,0.00000000,0.00000000,0.00000000,0.00000000,0.00000000,0.00000000,0.00000000,0.00000000,0.00000000,0.00000000,0.00000000,0.00000000,0.00000000,0.00000000,0.00000000,0.00000000,0.00000000,0.00000000,0.00000000,0.00000000,0.00000000,0.00000000,0.00000000,NONE
R01273[K,c],0.00000000,0.00000000,0.00000000,0.00000000,0.00000000,0.00000000,0.00000000,0.00000000,0.00000000,0.00000000,0.00000000,0.00000000,0.00000000,0.00000000,0.00000000,0.00000000,0.00000000,0.00000000,0.00000000,0.00000000,0.00000000,0.00000000,0.00000000,0.00000000,0.00000000,0.00000000,NONE
R01274[K,p],0.00000000,0.00000000,0.00000000,0.00000000,0.00000000,0.00000000,0.00000000,0.00000000,0.00000000,0.00000000,0.00000000,0.00000000,0.00000000,0.00000000,0.00000000,0.00000000,0.00000000,0.00000000,0.00000000,0.00000000,0.00000000,0.00000000,0.00000000,0.00000000,0.00000000,0.00000000,NONE
R01286[K,p],0.00000000,0.00000000,0.00000000,0.00000000,0.00000000,0.00000000,0.00000000,0.00000000,0.00000000,0.00000000,0.00000000,0.00000000,0.00000000,0.00000000,0.00000000,0.00000000,0.00000000,0.00000000,0.00000000,0.00000000,0.00000000,0.00000000,0.00000000,0.00000000,0.00000000,0.00000000,NONE
R01287[K,p],0.00000000,0.00000000,0.00000000,0.00000000,0.00000000,0.00000000,0.00000000,0.00000000,0.00000000,0.00000000,0.00000000,0.00000000,0.00000000,0.00000000,0.00000000,0.00000000,0.00000000,0.00000000,0.00000000,0.00000000,0.00000000,0.00000000,0.00000000,0.00000000,0.00000000,0.00000000,NONE
R01303[K,p],0.00000000,0.00000000,0.00000000,0.00000000,0.00000000,0.00000000,0.00000000,0.00000000,0.00000000,0.00000000,0.00000000,0.00000000,0.00000000,0.00000000,0.00000000,0.00000000,0.00000000,0.00000000,0.00000000,0.00000000,0.00000000,0.00000000,0.00000000,0.00000000,0.00000000,0.00000000,NONE
R01308[K,m],0.00000000,0.00000000,0.00000000,0.00000000,0.00000000,0.00000000,0.00000000,0.00000000,0.00000000,0.00000000,0.00000000,0.00000000,0.00000000,0.00000000,0.00000000,0.00000000,0.00000000,0.00000000,0.00000000,0.00000000,0.00000000,0.00000000,0.00000000,0.00000000,0.00000000,0.00000000,NONE
R01310[K,c],0.00000000,0.00000000,0.00000000,0.00000000,0.00000000,0.00000000,0.00000000,0.00000000,0.00000000,0.00000000,0.00000000,0.00000000,0.00000000,0.00000000,0.00000000,0.00000000,0.00000000,0.00000000,0.00000000,0.00000000,0.00000000,0.00000000,0.00000000,0.00000000,0.00000000,0.00000000,NONE
R01310[K,m],0.00000000,0.00000000,0.00000000,0.00000000,0.00000000,0.00000000,0.00000000,0.00000000,0.00000000,0.00000000,0.00000000,0.00000000,0.00000000,0.00000000,0.00000000,0.00000000,0.00000000,0.00000000,0.00000000,0.00000000,0.00000000,0.00000000,0.00000000,0.00000000,0.00000000,0.00000000,NONE
R01310[K,pm],0.00000000,0.00000000,0.00000000,0.00000000,0.00000000,0.00000000,0.00000000,0.00000000,0.00000000,0.00000000,0.00000000,0.00000000,0.00000000,0.00000000,0.00000000,0.00000000,0.00000000,0.00000000,0.00000000,0.00000000,0.00000000,0.00000000,0.00000000,0.00000000,0.00000000,0.00000000,NONE
R01310[K,x],0.00000000,0.00000000,0.00000000,0.00000000,0.00000000,0.00000000,0.00000000,0.00000000,0.00000000,0.00000000,0.00000000,0.00000000,0.00000000,0.00000000,0.00000000,0.00000000,0.00000000,0.00000000,0.00000000,0.00000000,0.00000000,0.00000000,0.00000000,0.00000000,0.00000000,0.00000000,NONE
R01313[K,c],0.00000000,0.00000000,0.00000000,0.00000000,0.00000000,0.00000000,0.00000000,0.00000000,0.00000000,0.00000000,0.00000000,0.00000000,0.00000000,0.00000000,0.00000000,0.00000000,0.00000000,0.00000000,0.00000000,0.00000000,0.00000000,0.00000000,0.00000000,0.00000000,0.00000000,0.00000000,NONE
R01313[K,m],0.00000000,0.00000000,0.00000000,0.00000000,0.00000000,0.00000000,0.00000000,0.00000000,0.00000000,0.00000000,0.00000000,0.00000000,0.00000000,0.00000000,0.00000000,0.00000000,0.00000000,0.00000000,0.00000000,0.00000000,0.00000000,0.00000000,0.00000000,0.00000000,0.00000000,0.00000000,NONE
R01313[K,p],0.00000000,0.00000000,0.00000000,0.00000000,0.00000000,0.00000000,0.00000000,0.00000000,0.00000000,0.00000000,0.00000000,0.00000000,0.00000000,0.00000000,0.00000000,0.00000000,0.00000000,0.00000000,0.00000000,0.00000000,0.00000000,0.00000000,0.00000000,0.00000000,0.00000000,0.00000000,NONE
R01313[K,x],0.00000000,0.00000000,0.00000000,0.00000000,0.00000000,0.00000000,0.00000000,0.00000000,0.00000000,0.00000000,0.00000000,0.00000000,0.00000000,0.00000000,0.00000000,0.00000000,0.00000000,0.00000000,0.00000000,0.00000000,0.00000000,0.00000000,0.00000000,0.00000000,0.00000000,0.00000000,NONE
R01318[K,c],0.00000000,0.00000000,0.00000000,0.00000000,0.00000000,0.00000000,0.00000000,0.00000000,0.00000000,0.00000000,0.00000000,0.00000000,0.00000000,0.00000000,0.00000000,0.00000000,0.00000000,0.00000000,0.00000000,0.00000000,0.00000000,0.00000000,0.00000000,0.00000000,0.00000000,0.00000000,NONE
R01318[K,m],0.00000000,0.00000000,0.00000000,0.00000000,0.00000000,0.00000000,0.00000000,0.00000000,0.00000000,0.00000000,0.00000000,0.00000000,0.00000000,0.00000000,0.00000000,0.00000000,0.00000000,0.00000000,0.00000000,0.00000000,0.00000000,0.00000000,0.00000000,0.00000000,0.00000000,0.00000000,NONE
R01318[K,x],0.00000000,0.00000000,0.00000000,0.00000000,0.00000000,0.00000000,0.00000000,0.00000000,0.00000000,0.00000000,0.00000000,0.00000000,0.00000000,0.00000000,0.00000000,0.00000000,0.00000000,0.00000000,0.00000000,0.00000000,0.00000000,0.00000000,0.00000000,0.00000000,0.00000000,0.00000000,NONE
R01321_mod[K,pm],0.00000000,0.00000000,0.00000000,0.00000000,0.00000000,0.00000000,0.00000000,0.00000000,0.00000000,0.00000000,0.00000000,0.00000000,0.00000000,0.00000000,0.00000000,0.00000000,0.00000000,0.00000000,0.00000000,0.00000000,0.00000000,0.00000000,0.00000000,0.00000000,0.00000000,0.00000000,NONE
R01325[K,c],0.00000000,0.00000000,0.00000000,0.00000000,0.00000000,0.00000000,0.00000000,0.00000000,0.00000000,0.00000000,0.00000000,0.00000000,0.00000000,0.00000000,0.00000000,0.00000000,0.00000000,0.00000000,0.00000000,0.00000000,0.00000000,0.00000000,0.00000000,0.00000000,0.00000000,0.00000000,NONE
R01330[K,c],0.00000000,0.00000000,0.00000000,0.00000000,0.00000000,0.00000000,0.00000000,0.00000000,0.00000000,0.00000000,0.00000000,0.00000000,0.00000000,0.00000000,0.00000000,0.00000000,0.00000000,0.00000000,0.00000000,0.00000000,0.00000000,0.00000000,0.00000000,0.00000000,0.00000000,0.00000000,NONE
R01334[K,p],0.00000000,0.00000000,0.00000000,0.00000000,0.00000000,0.00000000,0.00000000,0.00000000,0.00000000,0.00000000,0.00000000,0.00000000,0.00000000,0.00000000,0.00000000,0.00000000,0.00000000,0.00000000,0.00000000,0.00000000,0.00000000,0.00000000,0.00000000,0.00000000,0.00000000,0.00000000,NONE
R01341[K,x],0.00000000,0.00000000,0.00000000,0.00000000,0.00000000,0.00000000,0.00000000,0.00000000,0.00000000,0.00000000,0.00000000,0.00000000,0.00000000,0.00000000,0.00000000,0.00000000,0.00000000,0.00000000,0.00000000,0.00000000,0.00000000,0.00000000,0.00000000,0.00000000,0.00000000,0.00000000,NONE
R01343[K,c],0.00000000,0.00000000,0.00000000,0.00000000,0.00000000,0.00000000,0.00000000,0.00000000,0.00000000,0.00000000,0.00000000,0.00000000,0.00000000,0.00000000,0.00000000,0.00000000,0.00000000,0.00000000,0.00000000,0.00000000,0.00000000,0.00000000,0.00000000,0.00000000,0.00000000,0.00000000,NONE
R01354[K,p],0.00000000,0.00000000,0.00000000,0.00000000,0.00000000,0.00000000,0.00000000,0.00000000,0.00000000,0.00000000,0.00000000,0.00000000,0.00000000,0.00000000,0.00000000,0.00000000,0.00000000,0.00000000,0.00000000,0.00000000,0.00000000,0.00000000,0.00000000,0.00000000,0.00000000,0.00000000,NONE
R01360[K,m],0.00000000,0.00000000,0.00000000,0.00000000,0.00000000,0.00000000,0.00000000,0.00000000,0.00000000,0.00000000,0.00000000,0.00000000,0.00000000,0.00000000,0.00000000,0.00000000,0.00000000,0.00000000,0.00000000,0.00000000,0.00000000,0.00000000,0.00000000,0.00000000,0.00000000,0.00000000,NONE
R01364[K,c],0.00000000,0.00000000,0.00000000,0.00000000,0.00000000,0.00000000,0.00000000,0.00000000,0.00000000,0.00000000,0.00000000,0.00000000,0.00000000,0.00000000,0.00000000,0.00000000,0.00000000,0.00000000,0.00000000,0.00000000,0.00000000,0.00000000,0.00000000,0.00000000,0.00000000,0.00000000,NONE
R01364[K,p],0.00000000,0.00000000,0.00000000,0.00000000,0.00000000,0.00000000,0.00000000,0.00000000,0.00000000,0.00000000,0.00000000,0.00000000,0.00000000,0.00000000,0.00000000,0.00000000,0.00000000,0.00000000,0.00000000,0.00000000,0.00000000,0.00000000,0.00000000,0.00000000,0.00000000,0.00000000,NONE
R01369[K,c],0.00000000,0.00000000,0.00000000,0.00000000,0.00000000,0.00000000,0.00000000,0.00000000,0.00000000,0.00000000,0.00000000,0.00000000,0.00000000,0.00000000,0.00000000,0.00000000,0.00000000,0.00000000,0.00000000,0.00000000,0.00000000,0.00000000,0.00000000,0.00000000,0.00000000,0.00000000,NONE
R01369[K,p],0.00000000,0.00000000,0.00000000,0.00000000,0.00000000,0.00000000,0.00000000,0.00000000,0.00000000,0.00000000,0.00000000,0.00000000,0.00000000,0.00000000,0.00000000,0.00000000,0.00000000,0.00000000,0.00000000,0.00000000,0.00000000,0.00000000,0.00000000,0.00000000,0.00000000,0.00000000,NONE
R01372[K,p],0.00000000,0.00000000,0.00000000,0.00000000,0.00000000,0.00000000,0.00000000,0.00000000,0.00000000,0.00000000,0.00000000,0.00000000,0.00000000,0.00000000,0.00000000,0.00000000,0.00000000,0.00000000,0.00000000,0.00000000,0.00000000,0.00000000,0.00000000,0.00000000,0.00000000,0.00000000,NONE
R01388[K,x],0.00000000,0.00000000,0.00000000,0.00000000,0.00000000,0.00000000,0.00000000,0.00000000,0.00000000,0.00000000,0.00000000,0.00000000,0.00000000,0.00000000,0.00000000,0.00000000,0.00000000,0.00000000,0.00000000,0.00000000,0.00000000,0.00000000,0.00000000,0.00000000,0.00000000,0.00000000,NONE
R01398[K,m],0.00000000,0.00000000,0.00000000,0.00000000,0.00000000,0.00000000,0.00000000,0.00000000,0.00000000,0.00000000,0.00000000,0.00000000,0.00000000,0.00000000,0.00000000,0.00000000,0.00000000,0.00000000,0.00000000,0.00000000,0.00000000,0.00000000,0.00000000,0.00000000,0.00000000,0.00000000,NONE
R01398[K,p],0.00000000,0.00000000,0.00000000,0.00000000,0.00000000,0.00000000,0.00000000,0.00000000,0.00000000,0.00000000,0.00000000,0.00000000,0.00000000,0.00000000,0.00000000,0.00000000,0.00000000,0.00000000,0.00000000,0.00000000,0.00000000,0.00000000,0.00000000,0.00000000,0.00000000,0.00000000,NONE
R01401[K,c],0.00000000,0.00000000,0.00000000,0.00000000,0.00000000,0.00000000,0.00000000,0.00000000,0.00000000,0.00000000,0.00000000,0.00000000,0.00000000,0.00000000,0.00000000,0.00000000,0.00000000,0.00000000,0.00000000,0.00000000,0.00000000,0.00000000,0.00000000,0.00000000,0.00000000,0.00000000,NONE
R01415[K,p],0.00000000,0.00000000,0.00000000,0.00000000,0.00000000,0.00000000,0.00000000,0.00000000,0.00000000,0.00000000,0.00000000,0.00000000,0.00000000,0.00000000,0.00000000,0.00000000,0.00000000,0.00000000,0.00000000,0.00000000,0.00000000,0.00000000,0.00000000,0.00000000,0.00000000,0.00000000,NONE
R01416[K,p],0.00000000,0.00000000,0.00000000,0.00000000,0.00000000,0.00000000,0.00000000,0.00000000,0.00000000,0.00000000,0.00000000,0.00000000,0.00000000,0.00000000,0.00000000,0.00000000,0.00000000,0.00000000,0.00000000,0.00000000,0.00000000,0.00000000,0.00000000,0.00000000,0.00000000,0.00000000,NONE
R01424[K,c],0.00000000,0.00000000,0.00000000,0.00000000,0.00000000,0.00000000,0.00000000,0.00000000,0.00000000,0.00000000,0.00000000,0.00000000,0.00000000,0.00000000,0.00000000,0.00000000,0.00000000,0.00000000,0.00000000,0.00000000,0.00000000,0.00000000,0.00000000,0.00000000,0.00000000,0.00000000,NONE
R01424[K,m],0.00000000,0.00000000,0.00000000,0.00000000,0.00000000,0.00000000,0.00000000,0.00000000,0.00000000,0.00000000,0.00000000,0.00000000,0.00000000,0.00000000,0.00000000,0.00000000,0.00000000,0.00000000,0.00000000,0.00000000,0.00000000,0.00000000,0.00000000,0.00000000,0.00000000,0.00000000,NONE
R01424[K,p],0.00000000,0.00000000,0.00000000,0.00000000,0.00000000,0.00000000,0.00000000,0.00000000,0.00000000,0.00000000,0.00000000,0.00000000,0.00000000,0.00000000,0.00000000,0.00000000,0.00000000,0.00000000,0.00000000,0.00000000,0.00000000,0.00000000,0.00000000,0.00000000,0.00000000,0.00000000,NONE
R01424[K,x],0.00000000,0.00000000,0.00000000,0.00000000,0.00000000,0.00000000,0.00000000,0.00000000,0.00000000,0.00000000,0.00000000,0.00000000,0.00000000,0.00000000,0.00000000,0.00000000,0.00000000,0.00000000,0.00000000,0.00000000,0.00000000,0.00000000,0.00000000,0.00000000,0.00000000,0.00000000,NONE
R01451[K,m],0.00000000,0.00000000,0.00000000,0.00000000,0.00000000,0.00000000,0.00000000,0.00000000,0.00000000,0.00000000,0.00000000,0.00000000,0.00000000,0.00000000,0.00000000,0.00000000,0.00000000,0.00000000,0.00000000,0.00000000,0.00000000,0.00000000,0.00000000,0.00000000,0.00000000,0.00000000,NONE
R01451[K,p],0.00000000,0.00000000,0.00000000,0.00000000,0.00000000,0.00000000,0.00000000,0.00000000,0.00000000,0.00000000,0.00000000,0.00000000,0.00000000,0.00000000,0.00000000,0.00000000,0.00000000,0.00000000,0.00000000,0.00000000,0.00000000,0.00000000,0.00000000,0.00000000,0.00000000,0.00000000,NONE
R01451[K,x],0.00000000,0.00000000,0.00000000,0.00000000,0.00000000,0.00000000,0.00000000,0.00000000,0.00000000,0.00000000,0.00000000,0.00000000,0.00000000,0.00000000,0.00000000,0.00000000,0.00000000,0.00000000,0.00000000,0.00000000,0.00000000,0.00000000,0.00000000,0.00000000,0.00000000,0.00000000,NONE
R01456[K,m],0.00000000,0.00000000,0.00000000,0.00000000,0.00000000,0.00000000,0.00000000,0.00000000,0.00000000,0.00000000,0.00000000,0.00000000,0.00000000,0.00000000,0.00000000,0.00000000,0.00000000,0.00000000,0.00000000,0.00000000,0.00000000,0.00000000,0.00000000,0.00000000,0.00000000,0.00000000,NONE
R01456[K,p],0.00000000,0.00000000,0.00000000,0.00000000,0.00000000,0.00000000,0.00000000,0.00000000,0.00000000,0.00000000,0.00000000,0.00000000,0.00000000,0.00000000,0.00000000,0.00000000,0.00000000,0.00000000,0.00000000,0.00000000,0.00000000,0.00000000,0.00000000,0.00000000,0.00000000,0.00000000,NONE
R01456[K,x],0.00000000,0.00000000,0.00000000,0.00000000,0.00000000,0.00000000,0.00000000,0.00000000,0.00000000,0.00000000,0.00000000,0.00000000,0.00000000,0.00000000,0.00000000,0.00000000,0.00000000,0.00000000,0.00000000,0.00000000,0.00000000,0.00000000,0.00000000,0.00000000,0.00000000,0.00000000,NONE
R01457[K,m],0.00000000,0.00000000,0.00000000,0.00000000,0.00000000,0.00000000,0.00000000,0.00000000,0.00000000,0.00000000,0.00000000,0.00000000,0.00000000,0.00000000,0.00000000,0.00000000,0.00000000,0.00000000,0.00000000,0.00000000,0.00000000,0.00000000,0.00000000,0.00000000,0.00000000,0.00000000,NONE
R01457[K,p],0.00000000,0.00000000,0.00000000,0.00000000,0.00000000,0.00000000,0.00000000,0.00000000,0.00000000,0.00000000,0.00000000,0.00000000,0.00000000,0.00000000,0.00000000,0.00000000,0.00000000,0.00000000,0.00000000,0.00000000,0.00000000,0.00000000,0.00000000,0.00000000,0.00000000,0.00000000,NONE
R01457[K,x],0.00000000,0.00000000,0.00000000,0.00000000,0.00000000,0.00000000,0.00000000,0.00000000,0.00000000,0.00000000,0.00000000,0.00000000,0.00000000,0.00000000,0.00000000,0.00000000,0.00000000,0.00000000,0.00000000,0.00000000,0.00000000,0.00000000,0.00000000,0.00000000,0.00000000,0.00000000,NONE
R01463[K,m],0.00000000,0.00000000,0.00000000,0.00000000,0.00000000,0.00000000,0.00000000,0.00000000,0.00000000,0.00000000,0.00000000,0.00000000,0.00000000,0.00000000,0.00000000,0.00000000,0.00000000,0.00000000,0.00000000,0.00000000,0.00000000,0.00000000,0.00000000,0.00000000,0.00000000,0.00000000,NONE
R01463[K,p],0.00000000,0.00000000,0.00000000,0.00000000,0.00000000,0.00000000,0.00000000,0.00000000,0.00000000,0.00000000,0.00000000,0.00000000,0.00000000,0.00000000,0.00000000,0.00000000,0.00000000,0.00000000,0.00000000,0.00000000,0.00000000,0.00000000,0.00000000,0.00000000,0.00000000,0.00000000,NONE
R01463[K,x],0.00000000,0.00000000,0.00000000,0.00000000,0.00000000,0.00000000,0.00000000,0.00000000,0.00000000,0.00000000,0.00000000,0.00000000,0.00000000,0.00000000,0.00000000,0.00000000,0.00000000,0.00000000,0.00000000,0.00000000,0.00000000,0.00000000,0.00000000,0.00000000,0.00000000,0.00000000,NONE
R01466[K,p],0.00000000,0.00000000,0.00000000,0.00000000,0.00000000,0.00000000,0.00000000,0.00000000,0.00000000,0.00000000,0.00000000,0.00000000,0.00000000,0.00000000,0.00000000,0.00000000,0.00000000,0.00000000,0.00000000,0.00000000,0.00000000,0.00000000,0.00000000,0.00000000,0.00000000,0.00000000,NONE
R01468[K,c],0.00000000,0.00000000,0.00000000,0.00000000,0.00000000,0.00000000,0.00000000,0.00000000,0.00000000,0.00000000,0.00000000,0.00000000,0.00000000,0.00000000,0.00000000,0.00000000,0.00000000,0.00000000,0.00000000,0.00000000,0.00000000,0.00000000,0.00000000,0.00000000,0.00000000,0.00000000,NONE
R01505_mod[K,p],0.00000000,0.00000000,0.00000000,0.00000000,0.00000000,0.00000000,0.00000000,0.00000000,0.00000000,0.00000000,0.00000000,0.00000000,0.00000000,0.00000000,0.00000000,0.00000000,0.00000000,0.00000000,0.00000000,0.00000000,0.00000000,0.00000000,0.00000000,0.00000000,0.00000000,0.00000000,NONE
R01519[K,c],0.00000000,0.00000000,0.00000000,0.00000000,0.00000000,0.00000000,0.00000000,0.00000000,0.00000000,0.00000000,0.00000000,0.00000000,0.00000000,0.00000000,0.00000000,0.00000000,0.00000000,0.00000000,0.00000000,0.00000000,0.00000000,0.00000000,0.00000000,0.00000000,0.00000000,0.00000000,NONE
R01528[K,c],0.00000000,0.00000000,0.00000000,0.00000000,0.00000000,0.00000000,0.00000000,0.00000000,0.00000000,0.00000000,0.00000000,0.00000000,0.00000000,0.00000000,0.00000000,0.00000000,0.00000000,0.00000000,0.00000000,0.00000000,0.00000000,0.00000000,0.00000000,0.00000000,0.00000000,0.00000000,NONE
R01528[K,m],0.00000000,0.00000000,0.00000000,0.00000000,0.00000000,0.00000000,0.00000000,0.00000000,0.00000000,0.00000000,0.00000000,0.00000000,0.00000000,0.00000000,0.00000000,0.00000000,0.00000000,0.00000000,0.00000000,0.00000000,0.00000000,0.00000000,0.00000000,0.00000000,0.00000000,0.00000000,NONE
R01528[K,p],0.00000000,0.00000000,0.00000000,0.00000000,0.00000000,0.00000000,0.00000000,0.00000000,0.00000000,0.00000000,0.00000000,0.00000000,0.00000000,0.00000000,0.00000000,0.00000000,0.00000000,0.00000000,0.00000000,0.00000000,0.00000000,0.00000000,0.00000000,0.00000000,0.00000000,0.00000000,NONE
R01529[K,c],0.00000000,0.00000000,0.00000000,0.00000000,0.00000000,0.00000000,0.00000000,0.00000000,0.00000000,0.00000000,0.00000000,0.00000000,0.00000000,0.00000000,0.00000000,0.00000000,0.00000000,0.00000000,0.00000000,0.00000000,0.00000000,0.00000000,0.00000000,0.00000000,0.00000000,0.00000000,NONE
R01542[K,p],0.00000000,0.00000000,0.00000000,0.00000000,0.00000000,0.00000000,0.00000000,0.00000000,0.00000000,0.00000000,0.00000000,0.00000000,0.00000000,0.00000000,0.00000000,0.00000000,0.00000000,0.00000000,0.00000000,0.00000000,0.00000000,0.00000000,0.00000000,0.00000000,0.00000000,0.00000000,NONE
R01547[K,p],0.00000000,0.00000000,0.00000000,0.00000000,0.00000000,0.00000000,0.00000000,0.00000000,0.00000000,0.00000000,0.00000000,0.00000000,0.00000000,0.00000000,0.00000000,0.00000000,0.00000000,0.00000000,0.00000000,0.00000000,0.00000000,0.00000000,0.00000000,0.00000000,0.00000000,0.00000000,NONE
R01560[K,x],0.00000000,0.00000000,0.00000000,0.00000000,0.00000000,0.00000000,0.00000000,0.00000000,0.00000000,0.00000000,0.00000000,0.00000000,0.00000000,0.00000000,0.00000000,0.00000000,0.00000000,0.00000000,0.00000000,0.00000000,0.00000000,0.00000000,0.00000000,0.00000000,0.00000000,0.00000000,NONE
R01569[K,p],0.00000000,0.00000000,0.00000000,0.00000000,0.00000000,0.00000000,0.00000000,0.00000000,0.00000000,0.00000000,0.00000000,0.00000000,0.00000000,0.00000000,0.00000000,0.00000000,0.00000000,0.00000000,0.00000000,0.00000000,0.00000000,0.00000000,0.00000000,0.00000000,0.00000000,0.00000000,NONE
R01577[K,c],0.00000000,0.00000000,0.00000000,0.00000000,0.00000000,0.00000000,0.00000000,0.00000000,0.00000000,0.00000000,0.00000000,0.00000000,0.00000000,0.00000000,0.00000000,0.00000000,0.00000000,0.00000000,0.00000000,0.00000000,0.00000000,0.00000000,0.00000000,0.00000000,0.00000000,0.00000000,NONE
R01602[K,p],0.00000000,0.00000000,0.00000000,0.00000000,0.00000000,0.00000000,0.00000000,0.00000000,0.00000000,0.00000000,0.00000000,0.00000000,0.00000000,0.00000000,0.00000000,0.00000000,0.00000000,0.00000000,0.00000000,0.00000000,0.00000000,0.00000000,0.00000000,0.00000000,0.00000000,0.00000000,NONE
R01627[K,p],0.00000000,0.00000000,0.00000000,0.00000000,0.00000000,0.00000000,0.00000000,0.00000000,0.00000000,0.00000000,0.00000000,0.00000000,0.00000000,0.00000000,0.00000000,0.00000000,0.00000000,0.00000000,0.00000000,0.00000000,0.00000000,0.00000000,0.00000000,0.00000000,0.00000000,0.00000000,NONE
R01639[K,c],0.00000000,0.00000000,0.00000000,0.00000000,0.00000000,0.00000000,0.00000000,0.00000000,0.00000000,0.00000000,0.00000000,0.00000000,0.00000000,0.00000000,0.00000000,0.00000000,0.00000000,0.00000000,0.00000000,0.00000000,0.00000000,0.00000000,0.00000000,0.00000000,0.00000000,0.00000000,NONE
R01645[K,p],0.00000000,0.00000000,0.00000000,0.00000000,0.00000000,0.00000000,0.00000000,0.00000000,0.00000000,0.00000000,0.00000000,0.00000000,0.00000000,0.00000000,0.00000000,0.00000000,0.00000000,0.00000000,0.00000000,0.00000000,0.00000000,0.00000000,0.00000000,0.00000000,0.00000000,0.00000000,NONE
R01651[K,m],0.00000000,0.00000000,0.00000000,0.00000000,0.00000000,0.00000000,0.00000000,0.00000000,0.00000000,0.00000000,0.00000000,0.00000000,0.00000000,0.00000000,0.00000000,0.00000000,0.00000000,0.00000000,0.00000000,0.00000000,0.00000000,0.00000000,0.00000000,0.00000000,0.00000000,0.00000000,NONE
R01655[K,c],0.00000000,0.00000000,0.00000000,0.00000000,0.00000000,0.00000000,0.00000000,0.00000000,0.00000000,0.00000000,0.00000000,0.00000000,0.00000000,0.00000000,0.00000000,0.00000000,0.00000000,0.00000000,0.00000000,0.00000000,0.00000000,0.00000000,0.00000000,0.00000000,0.00000000,0.00000000,NONE
R01655[K,p],0.00000000,0.00000000,0.00000000,0.00000000,0.00000000,0.00000000,0.00000000,0.00000000,0.00000000,0.00000000,0.00000000,0.00000000,0.00000000,0.00000000,0.00000000,0.00000000,0.00000000,0.00000000,0.00000000,0.00000000,0.00000000,0.00000000,0.00000000,0.00000000,0.00000000,0.00000000,NONE
R01662[K,c],0.00000000,0.00000000,0.00000000,0.00000000,0.00000000,0.00000000,0.00000000,0.00000000,0.00000000,0.00000000,0.00000000,0.00000000,0.00000000,0.00000000,0.00000000,0.00000000,0.00000000,0.00000000,0.00000000,0.00000000,0.00000000,0.00000000,0.00000000,0.00000000,0.00000000,0.00000000,NONE
R01662[K,p],0.00000000,0.00000000,0.00000000,0.00000000,0.00000000,0.00000000,0.00000000,0.00000000,0.00000000,0.00000000,0.00000000,0.00000000,0.00000000,0.00000000,0.00000000,0.00000000,0.00000000,0.00000000,0.00000000,0.00000000,0.00000000,0.00000000,0.00000000,0.00000000,0.00000000,0.00000000,NONE
R01663[K,c],0.00000000,0.00000000,0.00000000,0.00000000,0.00000000,0.00000000,0.00000000,0.00000000,0.00000000,0.00000000,0.00000000,0.00000000,0.00000000,0.00000000,0.00000000,0.00000000,0.00000000,0.00000000,0.00000000,0.00000000,0.00000000,0.00000000,0.00000000,0.00000000,0.00000000,0.00000000,NONE
R01663[K,m],0.00000000,0.00000000,0.00000000,0.00000000,0.00000000,0.00000000,0.00000000,0.00000000,0.00000000,0.00000000,0.00000000,0.00000000,0.00000000,0.00000000,0.00000000,0.00000000,0.00000000,0.00000000,0.00000000,0.00000000,0.00000000,0.00000000,0.00000000,0.00000000,0.00000000,0.00000000,NONE
R01663[K,pm],0.00000000,0.00000000,0.00000000,0.00000000,0.00000000,0.00000000,0.00000000,0.00000000,0.00000000,0.00000000,0.00000000,0.00000000,0.00000000,0.00000000,0.00000000,0.00000000,0.00000000,0.00000000,0.00000000,0.00000000,0.00000000,0.00000000,0.00000000,0.00000000,0.00000000,0.00000000,NONE
R01663[K,x],0.00000000,0.00000000,0.00000000,0.00000000,0.00000000,0.00000000,0.00000000,0.00000000,0.00000000,0.00000000,0.00000000,0.00000000,0.00000000,0.00000000,0.00000000,0.00000000,0.00000000,0.00000000,0.00000000,0.00000000,0.00000000,0.00000000,0.00000000,0.00000000,0.00000000,0.00000000,NONE
R01665[K,c],0.00000000,0.00000000,0.00000000,0.00000000,0.00000000,0.00000000,0.00000000,0.00000000,0.00000000,0.00000000,0.00000000,0.00000000,0.00000000,0.00000000,0.00000000,0.00000000,0.00000000,0.00000000,0.00000000,0.00000000,0.00000000,0.00000000,0.00000000,0.00000000,0.00000000,0.00000000,NONE
R01665[K,m],0.00000000,0.00000000,0.00000000,0.00000000,0.00000000,0.00000000,0.00000000,0.00000000,0.00000000,0.00000000,0.00000000,0.00000000,0.00000000,0.00000000,0.00000000,0.00000000,0.00000000,0.00000000,0.00000000,0.00000000,0.00000000,0.00000000,0.00000000,0.00000000,0.00000000,0.00000000,NONE
R01665[K,pm],0.00000000,0.00000000,0.00000000,0.00000000,0.00000000,0.00000000,0.00000000,0.00000000,0.00000000,0.00000000,0.00000000,0.00000000,0.00000000,0.00000000,0.00000000,0.00000000,0.00000000,0.00000000,0.00000000,0.00000000,0.00000000,0.00000000,0.00000000,0.00000000,0.00000000,0.00000000,NONE
R01665[K,x],0.00000000,0.00000000,0.00000000,0.00000000,0.00000000,0.00000000,0.00000000,0.00000000,0.00000000,0.00000000,0.00000000,0.00000000,0.00000000,0.00000000,0.00000000,0.00000000,0.00000000,0.00000000,0.00000000,0.00000000,0.00000000,0.00000000,0.00000000,0.00000000,0.00000000,0.00000000,NONE
R01667[K,c],0.00000000,0.00000000,0.00000000,0.00000000,0.00000000,0.00000000,0.00000000,0.00000000,0.00000000,0.00000000,0.00000000,0.00000000,0.00000000,0.00000000,0.00000000,0.00000000,0.00000000,0.00000000,0.00000000,0.00000000,0.00000000,0.00000000,0.00000000,0.00000000,0.00000000,0.00000000,NONE
R01667[K,p],0.00000000,0.00000000,0.00000000,0.00000000,0.00000000,0.00000000,0.00000000,0.00000000,0.00000000,0.00000000,0.00000000,0.00000000,0.00000000,0.00000000,0.00000000,0.00000000,0.00000000,0.00000000,0.00000000,0.00000000,0.00000000,0.00000000,0.00000000,0.00000000,0.00000000,0.00000000,NONE
R01676[K,c],0.00000000,0.00000000,0.00000000,0.00000000,0.00000000,0.00000000,0.00000000,0.00000000,0.00000000,0.00000000,0.00000000,0.00000000,0.00000000,0.00000000,0.00000000,0.00000000,0.00000000,0.00000000,0.00000000,0.00000000,0.00000000,0.00000000,0.00000000,0.00000000,0.00000000,0.00000000,NONE
R01677[K,c],0.00000000,0.00000000,0.00000000,0.00000000,0.00000000,0.00000000,0.00000000,0.00000000,0.00000000,0.00000000,0.00000000,0.00000000,0.00000000,0.00000000,0.00000000,0.00000000,0.00000000,0.00000000,0.00000000,0.00000000,0.00000000,0.00000000,0.00000000,0.00000000,0.00000000,0.00000000,NONE
R01698[K,p],0.00000000,0.00000000,0.00000000,0.00000000,0.00000000,0.00000000,0.00000000,0.00000000,0.00000000,0.00000000,0.00000000,0.00000000,0.00000000,0.00000000,0.00000000,0.00000000,0.00000000,0.00000000,0.00000000,0.00000000,0.00000000,0.00000000,0.00000000,0.00000000,0.00000000,0.00000000,NONE
R01715[K,c],0.00000000,0.00000000,0.00000000,0.00000000,0.00000000,0.00000000,0.00000000,0.00000000,0.00000000,0.00000000,0.00000000,0.00000000,0.00000000,0.00000000,0.00000000,0.00000000,0.00000000,0.00000000,0.00000000,0.00000000,0.00000000,0.00000000,0.00000000,0.00000000,0.00000000,0.00000000,NONE
R01715[K,p],0.00000000,0.00000000,0.00000000,0.00000000,0.00000000,0.00000000,0.00000000,0.00000000,0.00000000,0.00000000,0.00000000,0.00000000,0.00000000,0.00000000,0.00000000,0.00000000,0.00000000,0.00000000,0.00000000,0.00000000,0.00000000,0.00000000,0.00000000,0.00000000,0.00000000,0.00000000,NONE
R01720[K,p],0.00000000,0.00000000,0.00000000,0.00000000,0.00000000,0.00000000,0.00000000,0.00000000,0.00000000,0.00000000,0.00000000,0.00000000,0.00000000,0.00000000,0.00000000,0.00000000,0.00000000,0.00000000,0.00000000,0.00000000,0.00000000,0.00000000,0.00000000,0.00000000,0.00000000,0.00000000,NONE
R01724[K,c],0.00000000,0.00000000,0.00000000,0.00000000,0.00000000,0.00000000,0.00000000,0.00000000,0.00000000,0.00000000,0.00000000,0.00000000,0.00000000,0.00000000,0.00000000,0.00000000,0.00000000,0.00000000,0.00000000,0.00000000,0.00000000,0.00000000,0.00000000,0.00000000,0.00000000,0.00000000,NONE
R01736[K,p],0.00000000,0.00000000,0.00000000,0.00000000,0.00000000,0.00000000,0.00000000,0.00000000,0.00000000,0.00000000,0.00000000,0.00000000,0.00000000,0.00000000,0.00000000,0.00000000,0.00000000,0.00000000,0.00000000,0.00000000,0.00000000,0.00000000,0.00000000,0.00000000,0.00000000,0.00000000,NONE
R01752[K,m],0.00000000,0.00000000,0.00000000,0.00000000,0.00000000,0.00000000,0.00000000,0.00000000,0.00000000,0.00000000,0.00000000,0.00000000,0.00000000,0.00000000,0.00000000,0.00000000,0.00000000,0.00000000,0.00000000,0.00000000,0.00000000,0.00000000,0.00000000,0.00000000,0.00000000,0.00000000,NONE
R01759[K,c],0.00000000,0.00000000,0.00000000,0.00000000,0.00000000,0.00000000,0.00000000,0.00000000,0.00000000,0.00000000,0.00000000,0.00000000,0.00000000,0.00000000,0.00000000,0.00000000,0.00000000,0.00000000,0.00000000,0.00000000,0.00000000,0.00000000,0.00000000,0.00000000,0.00000000,0.00000000,NONE
R01768[K,c],0.00000000,0.00000000,0.00000000,0.00000000,0.00000000,0.00000000,0.00000000,0.00000000,0.00000000,0.00000000,0.00000000,0.00000000,0.00000000,0.00000000,0.00000000,0.00000000,0.00000000,0.00000000,0.00000000,0.00000000,0.00000000,0.00000000,0.00000000,0.00000000,0.00000000,0.00000000,NONE
R01768[K,x],0.00000000,0.00000000,0.00000000,0.00000000,0.00000000,0.00000000,0.00000000,0.00000000,0.00000000,0.00000000,0.00000000,0.00000000,0.00000000,0.00000000,0.00000000,0.00000000,0.00000000,0.00000000,0.00000000,0.00000000,0.00000000,0.00000000,0.00000000,0.00000000,0.00000000,0.00000000,NONE
R01769[K,x],0.00000000,0.00000000,0.00000000,0.00000000,0.00000000,0.00000000,0.00000000,0.00000000,0.00000000,0.00000000,0.00000000,0.00000000,0.00000000,0.00000000,0.00000000,0.00000000,0.00000000,0.00000000,0.00000000,0.00000000,0.00000000,0.00000000,0.00000000,0.00000000,0.00000000,0.00000000,NONE
R01770[K,x],0.00000000,0.00000000,0.00000000,0.00000000,0.00000000,0.00000000,0.00000000,0.00000000,0.00000000,0.00000000,0.00000000,0.00000000,0.00000000,0.00000000,0.00000000,0.00000000,0.00000000,0.00000000,0.00000000,0.00000000,0.00000000,0.00000000,0.00000000,0.00000000,0.00000000,0.00000000,NONE
R01771[K,p],0.00000000,0.00000000,0.00000000,0.00000000,0.00000000,0.00000000,0.00000000,0.00000000,0.00000000,0.00000000,0.00000000,0.00000000,0.00000000,0.00000000,0.00000000,0.00000000,0.00000000,0.00000000,0.00000000,0.00000000,0.00000000,0.00000000,0.00000000,0.00000000,0.00000000,0.00000000,NONE
R01773[K,p],0.00000000,0.00000000,0.00000000,0.00000000,0.00000000,0.00000000,0.00000000,0.00000000,0.00000000,0.00000000,0.00000000,0.00000000,0.00000000,0.00000000,0.00000000,0.00000000,0.00000000,0.00000000,0.00000000,0.00000000,0.00000000,0.00000000,0.00000000,0.00000000,0.00000000,0.00000000,NONE
R01777[K,c],0.00000000,0.00000000,0.00000000,0.00000000,0.00000000,0.00000000,0.00000000,0.00000000,0.00000000,0.00000000,0.00000000,0.00000000,0.00000000,0.00000000,0.00000000,0.00000000,0.00000000,0.00000000,0.00000000,0.00000000,0.00000000,0.00000000,0.00000000,0.00000000,0.00000000,0.00000000,NONE
R01777[K,m],0.00000000,0.00000000,0.00000000,0.00000000,0.00000000,0.00000000,0.00000000,0.00000000,0.00000000,0.00000000,0.00000000,0.00000000,0.00000000,0.00000000,0.00000000,0.00000000,0.00000000,0.00000000,0.00000000,0.00000000,0.00000000,0.00000000,0.00000000,0.00000000,0.00000000,0.00000000,NONE
R01778[K,x],0.00000000,0.00000000,0.00000000,0.00000000,0.00000000,0.00000000,0.00000000,0.00000000,0.00000000,0.00000000,0.00000000,0.00000000,0.00000000,0.00000000,0.00000000,0.00000000,0.00000000,0.00000000,0.00000000,0.00000000,0.00000000,0.00000000,0.00000000,0.00000000,0.00000000,0.00000000,NONE
R01799[K,p],0.00000000,0.00000000,0.00000000,0.00000000,0.00000000,0.00000000,0.00000000,0.00000000,0.00000000,0.00000000,0.00000000,0.00000000,0.00000000,0.00000000,0.00000000,0.00000000,0.00000000,0.00000000,0.00000000,0.00000000,0.00000000,0.00000000,0.00000000,0.00000000,0.00000000,0.00000000,NONE
R01801[K,c],0.00000000,0.00000000,0.00000000,0.00000000,0.00000000,0.00000000,0.00000000,0.00000000,0.00000000,0.00000000,0.00000000,0.00000000,0.00000000,0.00000000,0.00000000,0.00000000,0.00000000,0.00000000,0.00000000,0.00000000,0.00000000,0.00000000,0.00000000,0.00000000,0.00000000,0.00000000,NONE
R01801[K,p],0.00000000,0.00000000,0.00000000,0.00000000,0.00000000,0.00000000,0.00000000,0.00000000,0.00000000,0.00000000,0.00000000,0.00000000,0.00000000,0.00000000,0.00000000,0.00000000,0.00000000,0.00000000,0.00000000,0.00000000,0.00000000,0.00000000,0.00000000,0.00000000,0.00000000,0.00000000,NONE
R01802[K,p],0.00000000,0.00000000,0.00000000,0.00000000,0.00000000,0.00000000,0.00000000,0.00000000,0.00000000,0.00000000,0.00000000,0.00000000,0.00000000,0.00000000,0.00000000,0.00000000,0.00000000,0.00000000,0.00000000,0.00000000,0.00000000,0.00000000,0.00000000,0.00000000,0.00000000,0.00000000,NONE
R01818[K,p],0.00000000,0.00000000,0.00000000,0.00000000,0.00000000,0.00000000,0.00000000,0.00000000,0.00000000,0.00000000,0.00000000,0.00000000,0.00000000,0.00000000,0.00000000,0.00000000,0.00000000,0.00000000,0.00000000,0.00000000,0.00000000,0.00000000,0.00000000,0.00000000,0.00000000,0.00000000,NONE
R01829[K,p],0.00000000,0.00000000,0.00000000,0.00000000,0.00000000,0.00000000,0.00000000,0.00000000,0.00000000,0.00000000,0.00000000,0.00000000,0.00000000,0.00000000,0.00000000,0.00000000,0.00000000,0.00000000,0.00000000,0.00000000,0.00000000,0.00000000,0.00000000,0.00000000,0.00000000,0.00000000,NONE
R01853[K,c],0.00000000,0.00000000,0.00000000,0.00000000,0.00000000,0.00000000,0.00000000,0.00000000,0.00000000,0.00000000,0.00000000,0.00000000,0.00000000,0.00000000,0.00000000,0.00000000,0.00000000,0.00000000,0.00000000,0.00000000,0.00000000,0.00000000,0.00000000,0.00000000,0.00000000,0.00000000,NONE
R01857[K,p],0.00000000,0.00000000,0.00000000,0.00000000,0.00000000,0.00000000,0.00000000,0.00000000,0.00000000,0.00000000,0.00000000,0.00000000,0.00000000,0.00000000,0.00000000,0.00000000,0.00000000,0.00000000,0.00000000,0.00000000,0.00000000,0.00000000,0.00000000,0.00000000,0.00000000,0.00000000,NONE
R01858[K,c],0.00000000,0.00000000,0.00000000,0.00000000,0.00000000,0.00000000,0.00000000,0.00000000,0.00000000,0.00000000,0.00000000,0.00000000,0.00000000,0.00000000,0.00000000,0.00000000,0.00000000,0.00000000,0.00000000,0.00000000,0.00000000,0.00000000,0.00000000,0.00000000,0.00000000,0.00000000,NONE
R01866[K,p],0.00000000,0.00000000,0.00000000,0.00000000,0.00000000,0.00000000,0.00000000,0.00000000,0.00000000,0.00000000,0.00000000,0.00000000,0.00000000,0.00000000,0.00000000,0.00000000,0.00000000,0.00000000,0.00000000,0.00000000,0.00000000,0.00000000,0.00000000,0.00000000,0.00000000,0.00000000,NONE
R01867[K,c],0.00000000,0.00000000,0.00000000,0.00000000,0.00000000,0.00000000,0.00000000,0.00000000,0.00000000,0.00000000,0.00000000,0.00000000,0.00000000,0.00000000,0.00000000,0.00000000,0.00000000,0.00000000,0.00000000,0.00000000,0.00000000,0.00000000,0.00000000,0.00000000,0.00000000,0.00000000,NONE
R01867[K,p],0.00000000,0.00000000,0.00000000,0.00000000,0.00000000,0.00000000,0.00000000,0.00000000,0.00000000,0.00000000,0.00000000,0.00000000,0.00000000,0.00000000,0.00000000,0.00000000,0.00000000,0.00000000,0.00000000,0.00000000,0.00000000,0.00000000,0.00000000,0.00000000,0.00000000,0.00000000,NONE
R01868[K,c],0.00000000,0.00000000,0.00000000,0.00000000,0.00000000,0.00000000,0.00000000,0.00000000,0.00000000,0.00000000,0.00000000,0.00000000,0.00000000,0.00000000,0.00000000,0.00000000,0.00000000,0.00000000,0.00000000,0.00000000,0.00000000,0.00000000,0.00000000,0.00000000,0.00000000,0.00000000,NONE
R01868[K,m],0.00000000,0.00000000,0.00000000,0.00000000,0.00000000,0.00000000,0.00000000,0.00000000,0.00000000,0.00000000,0.00000000,0.00000000,0.00000000,0.00000000,0.00000000,0.00000000,0.00000000,0.00000000,0.00000000,0.00000000,0.00000000,0.00000000,0.00000000,0.00000000,0.00000000,0.00000000,NONE
R01868[K,p],0.00000000,0.00000000,0.00000000,0.00000000,0.00000000,0.00000000,0.00000000,0.00000000,0.00000000,0.00000000,0.00000000,0.00000000,0.00000000,0.00000000,0.00000000,0.00000000,0.00000000,0.00000000,0.00000000,0.00000000,0.00000000,0.00000000,0.00000000,0.00000000,0.00000000,0.00000000,NONE
R01868[K,pm],0.00000000,0.00000000,0.00000000,0.00000000,0.00000000,0.00000000,0.00000000,0.00000000,0.00000000,0.00000000,0.00000000,0.00000000,0.00000000,0.00000000,0.00000000,0.00000000,0.00000000,0.00000000,0.00000000,0.00000000,0.00000000,0.00000000,0.00000000,0.00000000,0.00000000,0.00000000,NONE
R01868[K,x],0.00000000,0.00000000,0.00000000,0.00000000,0.00000000,0.00000000,0.00000000,0.00000000,0.00000000,0.00000000,0.00000000,0.00000000,0.00000000,0.00000000,0.00000000,0.00000000,0.00000000,0.00000000,0.00000000,0.00000000,0.00000000,0.00000000,0.00000000,0.00000000,0.00000000,0.00000000,NONE
R01870[K,p],0.00000000,0.00000000,0.00000000,0.00000000,0.00000000,0.00000000,0.00000000,0.00000000,0.00000000,0.00000000,0.00000000,0.00000000,0.00000000,0.00000000,0.00000000,0.00000000,0.00000000,0.00000000,0.00000000,0.00000000,0.00000000,0.00000000,0.00000000,0.00000000,0.00000000,0.00000000,NONE
R01876[K,p],0.00000000,0.00000000,0.00000000,0.00000000,0.00000000,0.00000000,0.00000000,0.00000000,0.00000000,0.00000000,0.00000000,0.00000000,0.00000000,0.00000000,0.00000000,0.00000000,0.00000000,0.00000000,0.00000000,0.00000000,0.00000000,0.00000000,0.00000000,0.00000000,0.00000000,0.00000000,NONE
R01880[K,c],0.00000000,0.00000000,0.00000000,0.00000000,0.00000000,0.00000000,0.00000000,0.00000000,0.00000000,0.00000000,0.00000000,0.00000000,0.00000000,0.00000000,0.00000000,0.00000000,0.00000000,0.00000000,0.00000000,0.00000000,0.00000000,0.00000000,0.00000000,0.00000000,0.00000000,0.00000000,NONE
R01890[K,c],0.00000000,0.00000000,0.00000000,0.00000000,0.00000000,0.00000000,0.00000000,0.00000000,0.00000000,0.00000000,0.00000000,0.00000000,0.00000000,0.00000000,0.00000000,0.00000000,0.00000000,0.00000000,0.00000000,0.00000000,0.00000000,0.00000000,0.00000000,0.00000000,0.00000000,0.00000000,NONE
R01899_mod[K,m],0.00000000,0.00000000,0.00000000,0.00000000,0.00000000,0.00000000,0.00000000,0.00000000,0.00000000,0.00000000,0.00000000,0.00000000,0.00000000,0.00000000,0.00000000,0.00000000,0.00000000,0.00000000,0.00000000,0.00000000,0.00000000,0.00000000,0.00000000,0.00000000,0.00000000,0.00000000,NONE
R01909[K,p],0.00000000,0.00000000,0.00000000,0.00000000,0.00000000,0.00000000,0.00000000,0.00000000,0.00000000,0.00000000,0.00000000,0.00000000,0.00000000,0.00000000,0.00000000,0.00000000,0.00000000,0.00000000,0.00000000,0.00000000,0.00000000,0.00000000,0.00000000,0.00000000,0.00000000,0.00000000,NONE
R01920[K,c],0.00000000,0.00000000,0.00000000,0.00000000,0.00000000,0.00000000,0.00000000,0.00000000,0.00000000,0.00000000,0.00000000,0.00000000,0.00000000,0.00000000,0.00000000,0.00000000,0.00000000,0.00000000,0.00000000,0.00000000,0.00000000,0.00000000,0.00000000,0.00000000,0.00000000,0.00000000,NONE
R01920[K,m],0.00000000,0.00000000,0.00000000,0.00000000,0.00000000,0.00000000,0.00000000,0.00000000,0.00000000,0.00000000,0.00000000,0.00000000,0.00000000,0.00000000,0.00000000,0.00000000,0.00000000,0.00000000,0.00000000,0.00000000,0.00000000,0.00000000,0.00000000,0.00000000,0.00000000,0.00000000,NONE
R01931_mod[K,m],0.00000000,0.00000000,0.00000000,0.00000000,0.00000000,0.00000000,0.00000000,0.00000000,0.00000000,0.00000000,0.00000000,0.00000000,0.00000000,0.00000000,0.00000000,0.00000000,0.00000000,0.00000000,0.00000000,0.00000000,0.00000000,0.00000000,0.00000000,0.00000000,0.00000000,0.00000000,NONE
R01931_mod[K,p],0.00000000,0.00000000,0.00000000,0.00000000,0.00000000,0.00000000,0.00000000,0.00000000,0.00000000,0.00000000,0.00000000,0.00000000,0.00000000,0.00000000,0.00000000,0.00000000,0.00000000,0.00000000,0.00000000,0.00000000,0.00000000,0.00000000,0.00000000,0.00000000,0.00000000,0.00000000,NONE
R01933[K,p],0.00000000,0.00000000,0.00000000,0.00000000,0.00000000,0.00000000,0.00000000,0.00000000,0.00000000,0.00000000,0.00000000,0.00000000,0.00000000,0.00000000,0.00000000,0.00000000,0.00000000,0.00000000,0.00000000,0.00000000,0.00000000,0.00000000,0.00000000,0.00000000,0.00000000,0.00000000,NONE
R01951[K,c],0.00000000,0.00000000,0.00000000,0.00000000,0.00000000,0.00000000,0.00000000,0.00000000,0.00000000,0.00000000,0.00000000,0.00000000,0.00000000,0.00000000,0.00000000,0.00000000,0.00000000,0.00000000,0.00000000,0.00000000,0.00000000,0.00000000,0.00000000,0.00000000,0.00000000,0.00000000,NONE
R01954[K,c],0.00000000,0.00000000,0.00000000,0.00000000,0.00000000,0.00000000,0.00000000,0.00000000,0.00000000,0.00000000,0.00000000,0.00000000,0.00000000,0.00000000,0.00000000,0.00000000,0.00000000,0.00000000,0.00000000,0.00000000,0.00000000,0.00000000,0.00000000,0.00000000,0.00000000,0.00000000,NONE
R01954[K,p],0.00000000,0.00000000,0.00000000,0.00000000,0.00000000,0.00000000,0.00000000,0.00000000,0.00000000,0.00000000,0.00000000,0.00000000,0.00000000,0.00000000,0.00000000,0.00000000,0.00000000,0.00000000,0.00000000,0.00000000,0.00000000,0.00000000,0.00000000,0.00000000,0.00000000,0.00000000,NONE
R01974[K,c],0.00000000,0.00000000,0.00000000,0.00000000,0.00000000,0.00000000,0.00000000,0.00000000,0.00000000,0.00000000,0.00000000,0.00000000,0.00000000,0.00000000,0.00000000,0.00000000,0.00000000,0.00000000,0.00000000,0.00000000,0.00000000,0.00000000,0.00000000,0.00000000,0.00000000,0.00000000,NONE
R01974[K,m],0.00000000,0.00000000,0.00000000,0.00000000,0.00000000,0.00000000,0.00000000,0.00000000,0.00000000,0.00000000,0.00000000,0.00000000,0.00000000,0.00000000,0.00000000,0.00000000,0.00000000,0.00000000,0.00000000,0.00000000,0.00000000,0.00000000,0.00000000,0.00000000,0.00000000,0.00000000,NONE
R01977[K,x],0.00000000,0.00000000,0.00000000,0.00000000,0.00000000,0.00000000,0.00000000,0.00000000,0.00000000,0.00000000,0.00000000,0.00000000,0.00000000,0.00000000,0.00000000,0.00000000,0.00000000,0.00000000,0.00000000,0.00000000,0.00000000,0.00000000,0.00000000,0.00000000,0.00000000,0.00000000,NONE
R01986[K,p],0.00000000,0.00000000,0.00000000,0.00000000,0.00000000,0.00000000,0.00000000,0.00000000,0.00000000,0.00000000,0.00000000,0.00000000,0.00000000,0.00000000,0.00000000,0.00000000,0.00000000,0.00000000,0.00000000,0.00000000,0.00000000,0.00000000,0.00000000,0.00000000,0.00000000,0.00000000,NONE
R01993[K,p],0.00000000,0.00000000,0.00000000,0.00000000,0.00000000,0.00000000,0.00000000,0.00000000,0.00000000,0.00000000,0.00000000,0.00000000,0.00000000,0.00000000,0.00000000,0.00000000,0.00000000,0.00000000,0.00000000,0.00000000,0.00000000,0.00000000,0.00000000,0.00000000,0.00000000,0.00000000,NONE
R02016[K,c],0.00000000,0.00000000,0.00000000,0.00000000,0.00000000,0.00000000,0.00000000,0.00000000,0.00000000,0.00000000,0.00000000,0.00000000,0.00000000,0.00000000,0.00000000,0.00000000,0.00000000,0.00000000,0.00000000,0.00000000,0.00000000,0.00000000,0.00000000,0.00000000,0.00000000,0.00000000,NONE
R02018[K,p],0.00000000,0.00000000,0.00000000,0.00000000,0.00000000,0.00000000,0.00000000,0.00000000,0.00000000,0.00000000,0.00000000,0.00000000,0.00000000,0.00000000,0.00000000,0.00000000,0.00000000,0.00000000,0.00000000,0.00000000,0.00000000,0.00000000,0.00000000,0.00000000,0.00000000,0.00000000,NONE
R02019[K,c],0.00000000,0.00000000,0.00000000,0.00000000,0.00000000,0.00000000,0.00000000,0.00000000,0.00000000,0.00000000,0.00000000,0.00000000,0.00000000,0.00000000,0.00000000,0.00000000,0.00000000,0.00000000,0.00000000,0.00000000,0.00000000,0.00000000,0.00000000,0.00000000,0.00000000,0.00000000,NONE
R02024[K,p],0.00000000,0.00000000,0.00000000,0.00000000,0.00000000,0.00000000,0.00000000,0.00000000,0.00000000,0.00000000,0.00000000,0.00000000,0.00000000,0.00000000,0.00000000,0.00000000,0.00000000,0.00000000,0.00000000,0.00000000,0.00000000,0.00000000,0.00000000,0.00000000,0.00000000,0.00000000,NONE
R02026[K,p],0.00000000,0.00000000,0.00000000,0.00000000,0.00000000,0.00000000,0.00000000,0.00000000,0.00000000,0.00000000,0.00000000,0.00000000,0.00000000,0.00000000,0.00000000,0.00000000,0.00000000,0.00000000,0.00000000,0.00000000,0.00000000,0.00000000,0.00000000,0.00000000,0.00000000,0.00000000,NONE
R02051[K,c],0.00000000,0.00000000,0.00000000,0.00000000,0.00000000,0.00000000,0.00000000,0.00000000,0.00000000,0.00000000,0.00000000,0.00000000,0.00000000,0.00000000,0.00000000,0.00000000,0.00000000,0.00000000,0.00000000,0.00000000,0.00000000,0.00000000,0.00000000,0.00000000,0.00000000,0.00000000,NONE
R02051[K,m],0.00000000,0.00000000,0.00000000,0.00000000,0.00000000,0.00000000,0.00000000,0.00000000,0.00000000,0.00000000,0.00000000,0.00000000,0.00000000,0.00000000,0.00000000,0.00000000,0.00000000,0.00000000,0.00000000,0.00000000,0.00000000,0.00000000,0.00000000,0.00000000,0.00000000,0.00000000,NONE
R02051[K,p],0.00000000,0.00000000,0.00000000,0.00000000,0.00000000,0.00000000,0.00000000,0.00000000,0.00000000,0.00000000,0.00000000,0.00000000,0.00000000,0.00000000,0.00000000,0.00000000,0.00000000,0.00000000,0.00000000,0.00000000,0.00000000,0.00000000,0.00000000,0.00000000,0.00000000,0.00000000,NONE
R02051[K,pm],0.00000000,0.00000000,0.00000000,0.00000000,0.00000000,0.00000000,0.00000000,0.00000000,0.00000000,0.00000000,0.00000000,0.00000000,0.00000000,0.00000000,0.00000000,0.00000000,0.00000000,0.00000000,0.00000000,0.00000000,0.00000000,0.00000000,0.00000000,0.00000000,0.00000000,0.00000000,NONE
R02051[K,x],0.00000000,0.00000000,0.00000000,0.00000000,0.00000000,0.00000000,0.00000000,0.00000000,0.00000000,0.00000000,0.00000000,0.00000000,0.00000000,0.00000000,0.00000000,0.00000000,0.00000000,0.00000000,0.00000000,0.00000000,0.00000000,0.00000000,0.00000000,0.00000000,0.00000000,0.00000000,NONE
R02057_mod[K,c],0.00000000,0.00000000,0.00000000,0.00000000,0.00000000,0.00000000,0.00000000,0.00000000,0.00000000,0.00000000,0.00000000,0.00000000,0.00000000,0.00000000,0.00000000,0.00000000,0.00000000,0.00000000,0.00000000,0.00000000,0.00000000,0.00000000,0.00000000,0.00000000,0.00000000,0.00000000,NONE
R02057_mod[K,m],0.00000000,0.00000000,0.00000000,0.00000000,0.00000000,0.00000000,0.00000000,0.00000000,0.00000000,0.00000000,0.00000000,0.00000000,0.00000000,0.00000000,0.00000000,0.00000000,0.00000000,0.00000000,0.00000000,0.00000000,0.00000000,0.00000000,0.00000000,0.00000000,0.00000000,0.00000000,NONE
R02057_mod[K,p],0.00000000,0.00000000,0.00000000,0.00000000,0.00000000,0.00000000,0.00000000,0.00000000,0.00000000,0.00000000,0.00000000,0.00000000,0.00000000,0.00000000,0.00000000,0.00000000,0.00000000,0.00000000,0.00000000,0.00000000,0.00000000,0.00000000,0.00000000,0.00000000,0.00000000,0.00000000,NONE
R02057_mod[K,pm],0.00000000,0.00000000,0.00000000,0.00000000,0.00000000,0.00000000,0.00000000,0.00000000,0.00000000,0.00000000,0.00000000,0.00000000,0.00000000,0.00000000,0.00000000,0.00000000,0.00000000,0.00000000,0.00000000,0.00000000,0.00000000,0.00000000,0.00000000,0.00000000,0.00000000,0.00000000,NONE
R02057_mod[K,x],0.00000000,0.00000000,0.00000000,0.00000000,0.00000000,0.00000000,0.00000000,0.00000000,0.00000000,0.00000000,0.00000000,0.00000000,0.00000000,0.00000000,0.00000000,0.00000000,0.00000000,0.00000000,0.00000000,0.00000000,0.00000000,0.00000000,0.00000000,0.00000000,0.00000000,0.00000000,NONE
R02082[K,p],0.00000000,0.00000000,0.00000000,0.00000000,0.00000000,0.00000000,0.00000000,0.00000000,0.00000000,0.00000000,0.00000000,0.00000000,0.00000000,0.00000000,0.00000000,0.00000000,0.00000000,0.00000000,0.00000000,0.00000000,0.00000000,0.00000000,0.00000000,0.00000000,0.00000000,0.00000000,NONE
R02092[K,p],0.00000000,0.00000000,0.00000000,0.00000000,0.00000000,0.00000000,0.00000000,0.00000000,0.00000000,0.00000000,0.00000000,0.00000000,0.00000000,0.00000000,0.00000000,0.00000000,0.00000000,0.00000000,0.00000000,0.00000000,0.00000000,0.00000000,0.00000000,0.00000000,0.00000000,0.00000000,NONE
R02093[K,p],0.00000000,0.00000000,0.00000000,0.00000000,0.00000000,0.00000000,0.00000000,0.00000000,0.00000000,0.00000000,0.00000000,0.00000000,0.00000000,0.00000000,0.00000000,0.00000000,0.00000000,0.00000000,0.00000000,0.00000000,0.00000000,0.00000000,0.00000000,0.00000000,0.00000000,0.00000000,NONE
R02110[K,c],0.00000000,0.00000000,0.00000000,0.00000000,0.00000000,0.00000000,0.00000000,0.00000000,0.00000000,0.00000000,0.00000000,0.00000000,0.00000000,0.00000000,0.00000000,0.00000000,0.00000000,0.00000000,0.00000000,0.00000000,0.00000000,0.00000000,0.00000000,0.00000000,0.00000000,0.00000000,NONE
R02111[K,c],0.00000000,0.00000000,0.00000000,0.00000000,0.00000000,0.00000000,0.00000000,0.00000000,0.00000000,0.00000000,0.00000000,0.00000000,0.00000000,0.00000000,0.00000000,0.00000000,0.00000000,0.00000000,0.00000000,0.00000000,0.00000000,0.00000000,0.00000000,0.00000000,0.00000000,0.00000000,NONE
R02111[K,p],0.00000000,0.00000000,0.00000000,0.00000000,0.00000000,0.00000000,0.00000000,0.00000000,0.00000000,0.00000000,0.00000000,0.00000000,0.00000000,0.00000000,0.00000000,0.00000000,0.00000000,0.00000000,0.00000000,0.00000000,0.00000000,0.00000000,0.00000000,0.00000000,0.00000000,0.00000000,NONE
R02113[K,c],0.00000000,0.00000000,0.00000000,0.00000000,0.00000000,0.00000000,0.00000000,0.00000000,0.00000000,0.00000000,0.00000000,0.00000000,0.00000000,0.00000000,0.00000000,0.00000000,0.00000000,0.00000000,0.00000000,0.00000000,0.00000000,0.00000000,0.00000000,0.00000000,0.00000000,0.00000000,NONE
R02113[K,pm],0.00000000,0.00000000,0.00000000,0.00000000,0.00000000,0.00000000,0.00000000,0.00000000,0.00000000,0.00000000,0.00000000,0.00000000,0.00000000,0.00000000,0.00000000,0.00000000,0.00000000,0.00000000,0.00000000,0.00000000,0.00000000,0.00000000,0.00000000,0.00000000,0.00000000,0.00000000,NONE
R02118[K,p],0.00000000,0.00000000,0.00000000,0.00000000,0.00000000,0.00000000,0.00000000,0.00000000,0.00000000,0.00000000,0.00000000,0.00000000,0.00000000,0.00000000,0.00000000,0.00000000,0.00000000,0.00000000,0.00000000,0.00000000,0.00000000,0.00000000,0.00000000,0.00000000,0.00000000,0.00000000,NONE
R02135[K,p],0.00000000,0.00000000,0.00000000,0.00000000,0.00000000,0.00000000,0.00000000,0.00000000,0.00000000,0.00000000,0.00000000,0.00000000,0.00000000,0.00000000,0.00000000,0.00000000,0.00000000,0.00000000,0.00000000,0.00000000,0.00000000,0.00000000,0.00000000,0.00000000,0.00000000,0.00000000,NONE
R02143[K,p],0.00000000,0.00000000,0.00000000,0.00000000,0.00000000,0.00000000,0.00000000,0.00000000,0.00000000,0.00000000,0.00000000,0.00000000,0.00000000,0.00000000,0.00000000,0.00000000,0.00000000,0.00000000,0.00000000,0.00000000,0.00000000,0.00000000,0.00000000,0.00000000,0.00000000,0.00000000,NONE
R02145[K,c],0.00000000,0.00000000,0.00000000,0.00000000,0.00000000,0.00000000,0.00000000,0.00000000,0.00000000,0.00000000,0.00000000,0.00000000,0.00000000,0.00000000,0.00000000,0.00000000,0.00000000,0.00000000,0.00000000,0.00000000,0.00000000,0.00000000,0.00000000,0.00000000,0.00000000,0.00000000,NONE
R02158[K,c],0.00000000,0.00000000,0.00000000,0.00000000,0.00000000,0.00000000,0.00000000,0.00000000,0.00000000,0.00000000,0.00000000,0.00000000,0.00000000,0.00000000,0.00000000,0.00000000,0.00000000,0.00000000,0.00000000,0.00000000,0.00000000,0.00000000,0.00000000,0.00000000,0.00000000,0.00000000,NONE
R02160[K,c],0.00000000,0.00000000,0.00000000,0.00000000,0.00000000,0.00000000,0.00000000,0.00000000,0.00000000,0.00000000,0.00000000,0.00000000,0.00000000,0.00000000,0.00000000,0.00000000,0.00000000,0.00000000,0.00000000,0.00000000,0.00000000,0.00000000,0.00000000,0.00000000,0.00000000,0.00000000,NONE
R02161_mod[K,m],0.00000000,0.00000000,0.00000000,0.00000000,0.00000000,0.00000000,0.00000000,0.00000000,0.00000000,0.00000000,0.00000000,0.00000000,0.00000000,0.00000000,0.00000000,0.00000000,0.00000000,0.00000000,0.00000000,0.00000000,0.00000000,0.00000000,0.00000000,0.00000000,0.00000000,0.00000000,NONE
R02163[K,m],0.00000000,0.00000000,0.00000000,0.00000000,0.00000000,0.00000000,0.00000000,0.00000000,0.00000000,0.00000000,0.00000000,0.00000000,0.00000000,0.00000000,0.00000000,0.00000000,0.00000000,0.00000000,0.00000000,0.00000000,0.00000000,0.00000000,0.00000000,0.00000000,0.00000000,0.00000000,NONE
R02163_mod[K,m],0.00000000,0.00000000,0.00000000,0.00000000,0.00000000,0.00000000,0.00000000,0.00000000,0.00000000,0.00000000,0.00000000,0.00000000,0.00000000,0.00000000,0.00000000,0.00000000,0.00000000,0.00000000,0.00000000,0.00000000,0.00000000,0.00000000,0.00000000,0.00000000,0.00000000,0.00000000,NONE
R02164[K,m],0.00000000,0.00000000,0.00000000,0.00000000,0.00000000,0.00000000,0.00000000,0.00000000,0.00000000,0.00000000,0.00000000,0.00000000,0.00000000,0.00000000,0.00000000,0.00000000,0.00000000,0.00000000,0.00000000,0.00000000,0.00000000,0.00000000,0.00000000,0.00000000,0.00000000,0.00000000,NONE
R02164_mod[K,m],0.00000000,0.00000000,0.00000000,0.00000000,0.00000000,0.00000000,0.00000000,0.00000000,0.00000000,0.00000000,0.00000000,0.00000000,0.00000000,0.00000000,0.00000000,0.00000000,0.00000000,0.00000000,0.00000000,0.00000000,0.00000000,0.00000000,0.00000000,0.00000000,0.00000000,0.00000000,NONE
R02166[K,p],0.00000000,0.00000000,0.00000000,0.00000000,0.00000000,0.00000000,0.00000000,0.00000000,0.00000000,0.00000000,0.00000000,0.00000000,0.00000000,0.00000000,0.00000000,0.00000000,0.00000000,0.00000000,0.00000000,0.00000000,0.00000000,0.00000000,0.00000000,0.00000000,0.00000000,0.00000000,NONE
R02173[K,c],0.00000000,0.00000000,0.00000000,0.00000000,0.00000000,0.00000000,0.00000000,0.00000000,0.00000000,0.00000000,0.00000000,0.00000000,0.00000000,0.00000000,0.00000000,0.00000000,0.00000000,0.00000000,0.00000000,0.00000000,0.00000000,0.00000000,0.00000000,0.00000000,0.00000000,0.00000000,NONE
R02199[K,m],0.00000000,0.00000000,0.00000000,0.00000000,0.00000000,0.00000000,0.00000000,0.00000000,0.00000000,0.00000000,0.00000000,0.00000000,0.00000000,0.00000000,0.00000000,0.00000000,0.00000000,0.00000000,0.00000000,0.00000000,0.00000000,0.00000000,0.00000000,0.00000000,0.00000000,0.00000000,NONE
R02204[K,c],0.00000000,0.00000000,0.00000000,0.00000000,0.00000000,0.00000000,0.00000000,0.00000000,0.00000000,0.00000000,0.00000000,0.00000000,0.00000000,0.00000000,0.00000000,0.00000000,0.00000000,0.00000000,0.00000000,0.00000000,0.00000000,0.00000000,0.00000000,0.00000000,0.00000000,0.00000000,NONE
R02236[K,c],0.00000000,0.00000000,0.00000000,0.00000000,0.00000000,0.00000000,0.00000000,0.00000000,0.00000000,0.00000000,0.00000000,0.00000000,0.00000000,0.00000000,0.00000000,0.00000000,0.00000000,0.00000000,0.00000000,0.00000000,0.00000000,0.00000000,0.00000000,0.00000000,0.00000000,0.00000000,NONE
R02236[K,m],0.00000000,0.00000000,0.00000000,0.00000000,0.00000000,0.00000000,0.00000000,0.00000000,0.00000000,0.00000000,0.00000000,0.00000000,0.00000000,0.00000000,0.00000000,0.00000000,0.00000000,0.00000000,0.00000000,0.00000000,0.00000000,0.00000000,0.00000000,0.00000000,0.00000000,0.00000000,NONE
R02236[K,p],0.00000000,0.00000000,0.00000000,0.00000000,0.00000000,0.00000000,0.00000000,0.00000000,0.00000000,0.00000000,0.00000000,0.00000000,0.00000000,0.00000000,0.00000000,0.00000000,0.00000000,0.00000000,0.00000000,0.00000000,0.00000000,0.00000000,0.00000000,0.00000000,0.00000000,0.00000000,NONE
R02236[K,x],0.00000000,0.00000000,0.00000000,0.00000000,0.00000000,0.00000000,0.00000000,0.00000000,0.00000000,0.00000000,0.00000000,0.00000000,0.00000000,0.00000000,0.00000000,0.00000000,0.00000000,0.00000000,0.00000000,0.00000000,0.00000000,0.00000000,0.00000000,0.00000000,0.00000000,0.00000000,NONE
R02239_mod[K,pm],0.00000000,0.00000000,0.00000000,0.00000000,0.00000000,0.00000000,0.00000000,0.00000000,0.00000000,0.00000000,0.00000000,0.00000000,0.00000000,0.00000000,0.00000000,0.00000000,0.00000000,0.00000000,0.00000000,0.00000000,0.00000000,0.00000000,0.00000000,0.00000000,0.00000000,0.00000000,NONE
R02241[K,c],0.00000000,0.00000000,0.00000000,0.00000000,0.00000000,0.00000000,0.00000000,0.00000000,0.00000000,0.00000000,0.00000000,0.00000000,0.00000000,0.00000000,0.00000000,0.00000000,0.00000000,0.00000000,0.00000000,0.00000000,0.00000000,0.00000000,0.00000000,0.00000000,0.00000000,0.00000000,NONE
R02241[K,m],0.00000000,0.00000000,0.00000000,0.00000000,0.00000000,0.00000000,0.00000000,0.00000000,0.00000000,0.00000000,0.00000000,0.00000000,0.00000000,0.00000000,0.00000000,0.00000000,0.00000000,0.00000000,0.00000000,0.00000000,0.00000000,0.00000000,0.00000000,0.00000000,0.00000000,0.00000000,NONE
R02241[K,p],0.00000000,0.00000000,0.00000000,0.00000000,0.00000000,0.00000000,0.00000000,0.00000000,0.00000000,0.00000000,0.00000000,0.00000000,0.00000000,0.00000000,0.00000000,0.00000000,0.00000000,0.00000000,0.00000000,0.00000000,0.00000000,0.00000000,0.00000000,0.00000000,0.00000000,0.00000000,NONE
R02241[K,pm],0.00000000,0.00000000,0.00000000,0.00000000,0.00000000,0.00000000,0.00000000,0.00000000,0.00000000,0.00000000,0.00000000,0.00000000,0.00000000,0.00000000,0.00000000,0.00000000,0.00000000,0.00000000,0.00000000,0.00000000,0.00000000,0.00000000,0.00000000,0.00000000,0.00000000,0.00000000,NONE
R02241[K,x],0.00000000,0.00000000,0.00000000,0.00000000,0.00000000,0.00000000,0.00000000,0.00000000,0.00000000,0.00000000,0.00000000,0.00000000,0.00000000,0.00000000,0.00000000,0.00000000,0.00000000,0.00000000,0.00000000,0.00000000,0.00000000,0.00000000,0.00000000,0.00000000,0.00000000,0.00000000,NONE
R02248[K,c],0.00000000,0.00000000,0.00000000,0.00000000,0.00000000,0.00000000,0.00000000,0.00000000,0.00000000,0.00000000,0.00000000,0.00000000,0.00000000,0.00000000,0.00000000,0.00000000,0.00000000,0.00000000,0.00000000,0.00000000,0.00000000,0.00000000,0.00000000,0.00000000,0.00000000,0.00000000,NONE
R02249[K,c],0.00000000,0.00000000,0.00000000,0.00000000,0.00000000,0.00000000,0.00000000,0.00000000,0.00000000,0.00000000,0.00000000,0.00000000,0.00000000,0.00000000,0.00000000,0.00000000,0.00000000,0.00000000,0.00000000,0.00000000,0.00000000,0.00000000,0.00000000,0.00000000,0.00000000,0.00000000,NONE
R02251_mod[K,p],0.00000000,0.00000000,0.00000000,0.00000000,0.00000000,0.00000000,0.00000000,0.00000000,0.00000000,0.00000000,0.00000000,0.00000000,0.00000000,0.00000000,0.00000000,0.00000000,0.00000000,0.00000000,0.00000000,0.00000000,0.00000000,0.00000000,0.00000000,0.00000000,0.00000000,0.00000000,NONE
R02261[K,p],0.00000000,0.00000000,0.00000000,0.00000000,0.00000000,0.00000000,0.00000000,0.00000000,0.00000000,0.00000000,0.00000000,0.00000000,0.00000000,0.00000000,0.00000000,0.00000000,0.00000000,0.00000000,0.00000000,0.00000000,0.00000000,0.00000000,0.00000000,0.00000000,0.00000000,0.00000000,NONE
R02265[K,c],0.00000000,0.00000000,0.00000000,0.00000000,0.00000000,0.00000000,0.00000000,0.00000000,0.00000000,0.00000000,0.00000000,0.00000000,0.00000000,0.00000000,0.00000000,0.00000000,0.00000000,0.00000000,0.00000000,0.00000000,0.00000000,0.00000000,0.00000000,0.00000000,0.00000000,0.00000000,NONE
R02272[K,p],0.00000000,0.00000000,0.00000000,0.00000000,0.00000000,0.00000000,0.00000000,0.00000000,0.00000000,0.00000000,0.00000000,0.00000000,0.00000000,0.00000000,0.00000000,0.00000000,0.00000000,0.00000000,0.00000000,0.00000000,0.00000000,0.00000000,0.00000000,0.00000000,0.00000000,0.00000000,NONE
R02282[K,p],0.00000000,0.00000000,0.00000000,0.00000000,0.00000000,0.00000000,0.00000000,0.00000000,0.00000000,0.00000000,0.00000000,0.00000000,0.00000000,0.00000000,0.00000000,0.00000000,0.00000000,0.00000000,0.00000000,0.00000000,0.00000000,0.00000000,0.00000000,0.00000000,0.00000000,0.00000000,NONE
R02319[K,c],0.00000000,0.00000000,0.00000000,0.00000000,0.00000000,0.00000000,0.00000000,0.00000000,0.00000000,0.00000000,0.00000000,0.00000000,0.00000000,0.00000000,0.00000000,0.00000000,0.00000000,0.00000000,0.00000000,0.00000000,0.00000000,0.00000000,0.00000000,0.00000000,0.00000000,0.00000000,NONE
R02319[K,m],0.00000000,0.00000000,0.00000000,0.00000000,0.00000000,0.00000000,0.00000000,0.00000000,0.00000000,0.00000000,0.00000000,0.00000000,0.00000000,0.00000000,0.00000000,0.00000000,0.00000000,0.00000000,0.00000000,0.00000000,0.00000000,0.00000000,0.00000000,0.00000000,0.00000000,0.00000000,NONE
R02319[K,p],0.00000000,0.00000000,0.00000000,0.00000000,0.00000000,0.00000000,0.00000000,0.00000000,0.00000000,0.00000000,0.00000000,0.00000000,0.00000000,0.00000000,0.00000000,0.00000000,0.00000000,0.00000000,0.00000000,0.00000000,0.00000000,0.00000000,0.00000000,0.00000000,0.00000000,0.00000000,NONE
R02322[K,c],0.00000000,0.00000000,0.00000000,0.00000000,0.00000000,0.00000000,0.00000000,0.00000000,0.00000000,0.00000000,0.00000000,0.00000000,0.00000000,0.00000000,0.00000000,0.00000000,0.00000000,0.00000000,0.00000000,0.00000000,0.00000000,0.00000000,0.00000000,0.00000000,0.00000000,0.00000000,NONE
R02325[K,p],0.00000000,0.00000000,0.00000000,0.00000000,0.00000000,0.00000000,0.00000000,0.00000000,0.00000000,0.00000000,0.00000000,0.00000000,0.00000000,0.00000000,0.00000000,0.00000000,0.00000000,0.00000000,0.00000000,0.00000000,0.00000000,0.00000000,0.00000000,0.00000000,0.00000000,0.00000000,NONE
R02331[K,p],0.00000000,0.00000000,0.00000000,0.00000000,0.00000000,0.00000000,0.00000000,0.00000000,0.00000000,0.00000000,0.00000000,0.00000000,0.00000000,0.00000000,0.00000000,0.00000000,0.00000000,0.00000000,0.00000000,0.00000000,0.00000000,0.00000000,0.00000000,0.00000000,0.00000000,0.00000000,NONE
R02332[K,p],0.00000000,0.00000000,0.00000000,0.00000000,0.00000000,0.00000000,0.00000000,0.00000000,0.00000000,0.00000000,0.00000000,0.00000000,0.00000000,0.00000000,0.00000000,0.00000000,0.00000000,0.00000000,0.00000000,0.00000000,0.00000000,0.00000000,0.00000000,0.00000000,0.00000000,0.00000000,NONE
R02362[K,c],0.00000000,0.00000000,0.00000000,0.00000000,0.00000000,0.00000000,0.00000000,0.00000000,0.00000000,0.00000000,0.00000000,0.00000000,0.00000000,0.00000000,0.00000000,0.00000000,0.00000000,0.00000000,0.00000000,0.00000000,0.00000000,0.00000000,0.00000000,0.00000000,0.00000000,0.00000000,NONE
R02362[K,m],0.00000000,0.00000000,0.00000000,0.00000000,0.00000000,0.00000000,0.00000000,0.00000000,0.00000000,0.00000000,0.00000000,0.00000000,0.00000000,0.00000000,0.00000000,0.00000000,0.00000000,0.00000000,0.00000000,0.00000000,0.00000000,0.00000000,0.00000000,0.00000000,0.00000000,0.00000000,NONE
R02362[K,p],0.00000000,0.00000000,0.00000000,0.00000000,0.00000000,0.00000000,0.00000000,0.00000000,0.00000000,0.00000000,0.00000000,0.00000000,0.00000000,0.00000000,0.00000000,0.00000000,0.00000000,0.00000000,0.00000000,0.00000000,0.00000000,0.00000000,0.00000000,0.00000000,0.00000000,0.00000000,NONE
R02362[K,x],0.00000000,0.00000000,0.00000000,0.00000000,0.00000000,0.00000000,0.00000000,0.00000000,0.00000000,0.00000000,0.00000000,0.00000000,0.00000000,0.00000000,0.00000000,0.00000000,0.00000000,0.00000000,0.00000000,0.00000000,0.00000000,0.00000000,0.00000000,0.00000000,0.00000000,0.00000000,NONE
R02381[K,c],0.00000000,0.00000000,0.00000000,0.00000000,0.00000000,0.00000000,0.00000000,0.00000000,0.00000000,0.00000000,0.00000000,0.00000000,0.00000000,0.00000000,0.00000000,0.00000000,0.00000000,0.00000000,0.00000000,0.00000000,0.00000000,0.00000000,0.00000000,0.00000000,0.00000000,0.00000000,NONE
R02381[K,p],0.00000000,0.00000000,0.00000000,0.00000000,0.00000000,0.00000000,0.00000000,0.00000000,0.00000000,0.00000000,0.00000000,0.00000000,0.00000000,0.00000000,0.00000000,0.00000000,0.00000000,0.00000000,0.00000000,0.00000000,0.00000000,0.00000000,0.00000000,0.00000000,0.00000000,0.00000000,NONE
R02381[K,x],0.00000000,0.00000000,0.00000000,0.00000000,0.00000000,0.00000000,0.00000000,0.00000000,0.00000000,0.00000000,0.00000000,0.00000000,0.00000000,0.00000000,0.00000000,0.00000000,0.00000000,0.00000000,0.00000000,0.00000000,0.00000000,0.00000000,0.00000000,0.00000000,0.00000000,0.00000000,NONE
R02382[K,c],0.00000000,0.00000000,0.00000000,0.00000000,0.00000000,0.00000000,0.00000000,0.00000000,0.00000000,0.00000000,0.00000000,0.00000000,0.00000000,0.00000000,0.00000000,0.00000000,0.00000000,0.00000000,0.00000000,0.00000000,0.00000000,0.00000000,0.00000000,0.00000000,0.00000000,0.00000000,NONE
R02382[K,p],0.00000000,0.00000000,0.00000000,0.00000000,0.00000000,0.00000000,0.00000000,0.00000000,0.00000000,0.00000000,0.00000000,0.00000000,0.00000000,0.00000000,0.00000000,0.00000000,0.00000000,0.00000000,0.00000000,0.00000000,0.00000000,0.00000000,0.00000000,0.00000000,0.00000000,0.00000000,NONE
R02404[K,m],0.00000000,0.00000000,0.00000000,0.00000000,0.00000000,0.00000000,0.00000000,0.00000000,0.00000000,0.00000000,0.00000000,0.00000000,0.00000000,0.00000000,0.00000000,0.00000000,0.00000000,0.00000000,0.00000000,0.00000000,0.00000000,0.00000000,0.00000000,0.00000000,0.00000000,0.00000000,NONE
R02405[K,m],0.00000000,0.00000000,0.00000000,0.00000000,0.00000000,0.00000000,0.00000000,0.00000000,0.00000000,0.00000000,0.00000000,0.00000000,0.00000000,0.00000000,0.00000000,0.00000000,0.00000000,0.00000000,0.00000000,0.00000000,0.00000000,0.00000000,0.00000000,0.00000000,0.00000000,0.00000000,NONE
R02406[K,m],0.00000000,0.00000000,0.00000000,0.00000000,0.00000000,0.00000000,0.00000000,0.00000000,0.00000000,0.00000000,0.00000000,0.00000000,0.00000000,0.00000000,0.00000000,0.00000000,0.00000000,0.00000000,0.00000000,0.00000000,0.00000000,0.00000000,0.00000000,0.00000000,0.00000000,0.00000000,NONE
R02413[K,p],0.00000000,0.00000000,0.00000000,0.00000000,0.00000000,0.00000000,0.00000000,0.00000000,0.00000000,0.00000000,0.00000000,0.00000000,0.00000000,0.00000000,0.00000000,0.00000000,0.00000000,0.00000000,0.00000000,0.00000000,0.00000000,0.00000000,0.00000000,0.00000000,0.00000000,0.00000000,NONE
R02418[K,c],0.00000000,0.00000000,0.00000000,0.00000000,0.00000000,0.00000000,0.00000000,0.00000000,0.00000000,0.00000000,0.00000000,0.00000000,0.00000000,0.00000000,0.00000000,0.00000000,0.00000000,0.00000000,0.00000000,0.00000000,0.00000000,0.00000000,0.00000000,0.00000000,0.00000000,0.00000000,NONE
R02433[K,m],0.00000000,0.00000000,0.00000000,0.00000000,0.00000000,0.00000000,0.00000000,0.00000000,0.00000000,0.00000000,0.00000000,0.00000000,0.00000000,0.00000000,0.00000000,0.00000000,0.00000000,0.00000000,0.00000000,0.00000000,0.00000000,0.00000000,0.00000000,0.00000000,0.00000000,0.00000000,NONE
R02433[K,p],0.00000000,0.00000000,0.00000000,0.00000000,0.00000000,0.00000000,0.00000000,0.00000000,0.00000000,0.00000000,0.00000000,0.00000000,0.00000000,0.00000000,0.00000000,0.00000000,0.00000000,0.00000000,0.00000000,0.00000000,0.00000000,0.00000000,0.00000000,0.00000000,0.00000000,0.00000000,NONE
R02446[K,p],0.00000000,0.00000000,0.00000000,0.00000000,0.00000000,0.00000000,0.00000000,0.00000000,0.00000000,0.00000000,0.00000000,0.00000000,0.00000000,0.00000000,0.00000000,0.00000000,0.00000000,0.00000000,0.00000000,0.00000000,0.00000000,0.00000000,0.00000000,0.00000000,0.00000000,0.00000000,NONE
R02464[K,pm],0.00000000,0.00000000,0.00000000,0.00000000,0.00000000,0.00000000,0.00000000,0.00000000,0.00000000,0.00000000,0.00000000,0.00000000,0.00000000,0.00000000,0.00000000,0.00000000,0.00000000,0.00000000,0.00000000,0.00000000,0.00000000,0.00000000,0.00000000,0.00000000,0.00000000,0.00000000,NONE
R02467[K,c],0.00000000,0.00000000,0.00000000,0.00000000,0.00000000,0.00000000,0.00000000,0.00000000,0.00000000,0.00000000,0.00000000,0.00000000,0.00000000,0.00000000,0.00000000,0.00000000,0.00000000,0.00000000,0.00000000,0.00000000,0.00000000,0.00000000,0.00000000,0.00000000,0.00000000,0.00000000,NONE
R02487[K,x],0.00000000,0.00000000,0.00000000,0.00000000,0.00000000,0.00000000,0.00000000,0.00000000,0.00000000,0.00000000,0.00000000,0.00000000,0.00000000,0.00000000,0.00000000,0.00000000,0.00000000,0.00000000,0.00000000,0.00000000,0.00000000,0.00000000,0.00000000,0.00000000,0.00000000,0.00000000,NONE
R02493[K,p],0.00000000,0.00000000,0.00000000,0.00000000,0.00000000,0.00000000,0.00000000,0.00000000,0.00000000,0.00000000,0.00000000,0.00000000,0.00000000,0.00000000,0.00000000,0.00000000,0.00000000,0.00000000,0.00000000,0.00000000,0.00000000,0.00000000,0.00000000,0.00000000,0.00000000,0.00000000,NONE
R02529[K,c],0.00000000,0.00000000,0.00000000,0.00000000,0.00000000,0.00000000,0.00000000,0.00000000,0.00000000,0.00000000,0.00000000,0.00000000,0.00000000,0.00000000,0.00000000,0.00000000,0.00000000,0.00000000,0.00000000,0.00000000,0.00000000,0.00000000,0.00000000,0.00000000,0.00000000,0.00000000,NONE
R02529[K,m],0.00000000,0.00000000,0.00000000,0.00000000,0.00000000,0.00000000,0.00000000,0.00000000,0.00000000,0.00000000,0.00000000,0.00000000,0.00000000,0.00000000,0.00000000,0.00000000,0.00000000,0.00000000,0.00000000,0.00000000,0.00000000,0.00000000,0.00000000,0.00000000,0.00000000,0.00000000,NONE
R02529[K,p],0.00000000,0.00000000,0.00000000,0.00000000,0.00000000,0.00000000,0.00000000,0.00000000,0.00000000,0.00000000,0.00000000,0.00000000,0.00000000,0.00000000,0.00000000,0.00000000,0.00000000,0.00000000,0.00000000,0.00000000,0.00000000,0.00000000,0.00000000,0.00000000,0.00000000,0.00000000,NONE
R02529[K,x],0.00000000,0.00000000,0.00000000,0.00000000,0.00000000,0.00000000,0.00000000,0.00000000,0.00000000,0.00000000,0.00000000,0.00000000,0.00000000,0.00000000,0.00000000,0.00000000,0.00000000,0.00000000,0.00000000,0.00000000,0.00000000,0.00000000,0.00000000,0.00000000,0.00000000,0.00000000,NONE
R02530[K,p],0.00000000,0.00000000,0.00000000,0.00000000,0.00000000,0.00000000,0.00000000,0.00000000,0.00000000,0.00000000,0.00000000,0.00000000,0.00000000,0.00000000,0.00000000,0.00000000,0.00000000,0.00000000,0.00000000,0.00000000,0.00000000,0.00000000,0.00000000,0.00000000,0.00000000,0.00000000,NONE
R02541[K,m],0.00000000,0.00000000,0.00000000,0.00000000,0.00000000,0.00000000,0.00000000,0.00000000,0.00000000,0.00000000,0.00000000,0.00000000,0.00000000,0.00000000,0.00000000,0.00000000,0.00000000,0.00000000,0.00000000,0.00000000,0.00000000,0.00000000,0.00000000,0.00000000,0.00000000,0.00000000,NONE
R02541[K,p],0.00000000,0.00000000,0.00000000,0.00000000,0.00000000,0.00000000,0.00000000,0.00000000,0.00000000,0.00000000,0.00000000,0.00000000,0.00000000,0.00000000,0.00000000,0.00000000,0.00000000,0.00000000,0.00000000,0.00000000,0.00000000,0.00000000,0.00000000,0.00000000,0.00000000,0.00000000,NONE
R02541[K,pm],0.00000000,0.00000000,0.00000000,0.00000000,0.00000000,0.00000000,0.00000000,0.00000000,0.00000000,0.00000000,0.00000000,0.00000000,0.00000000,0.00000000,0.00000000,0.00000000,0.00000000,0.00000000,0.00000000,0.00000000,0.00000000,0.00000000,0.00000000,0.00000000,0.00000000,0.00000000,NONE
R02541[K,x],0.00000000,0.00000000,0.00000000,0.00000000,0.00000000,0.00000000,0.00000000,0.00000000,0.00000000,0.00000000,0.00000000,0.00000000,0.00000000,0.00000000,0.00000000,0.00000000,0.00000000,0.00000000,0.00000000,0.00000000,0.00000000,0.00000000,0.00000000,0.00000000,0.00000000,0.00000000,NONE
R02556[K,c],0.00000000,0.00000000,0.00000000,0.00000000,0.00000000,0.00000000,0.00000000,0.00000000,0.00000000,0.00000000,0.00000000,0.00000000,0.00000000,0.00000000,0.00000000,0.00000000,0.00000000,0.00000000,0.00000000,0.00000000,0.00000000,0.00000000,0.00000000,0.00000000,0.00000000,0.00000000,NONE
R02556[K,m],0.00000000,0.00000000,0.00000000,0.00000000,0.00000000,0.00000000,0.00000000,0.00000000,0.00000000,0.00000000,0.00000000,0.00000000,0.00000000,0.00000000,0.00000000,0.00000000,0.00000000,0.00000000,0.00000000,0.00000000,0.00000000,0.00000000,0.00000000,0.00000000,0.00000000,0.00000000,NONE
R02556[K,p],0.00000000,0.00000000,0.00000000,0.00000000,0.00000000,0.00000000,0.00000000,0.00000000,0.00000000,0.00000000,0.00000000,0.00000000,0.00000000,0.00000000,0.00000000,0.00000000,0.00000000,0.00000000,0.00000000,0.00000000,0.00000000,0.00000000,0.00000000,0.00000000,0.00000000,0.00000000,NONE
R02556[K,pm],0.00000000,0.00000000,0.00000000,0.00000000,0.00000000,0.00000000,0.00000000,0.00000000,0.00000000,0.00000000,0.00000000,0.00000000,0.00000000,0.00000000,0.00000000,0.00000000,0.00000000,0.00000000,0.00000000,0.00000000,0.00000000,0.00000000,0.00000000,0.00000000,0.00000000,0.00000000,NONE
R02556[K,x],0.00000000,0.00000000,0.00000000,0.00000000,0.00000000,0.00000000,0.00000000,0.00000000,0.00000000,0.00000000,0.00000000,0.00000000,0.00000000,0.00000000,0.00000000,0.00000000,0.00000000,0.00000000,0.00000000,0.00000000,0.00000000,0.00000000,0.00000000,0.00000000,0.00000000,0.00000000,NONE
R02568[K,c],0.00000000,0.00000000,0.00000000,0.00000000,0.00000000,0.00000000,0.00000000,0.00000000,0.00000000,0.00000000,0.00000000,0.00000000,0.00000000,0.00000000,0.00000000,0.00000000,0.00000000,0.00000000,0.00000000,0.00000000,0.00000000,0.00000000,0.00000000,0.00000000,0.00000000,0.00000000,NONE
R02568[K,p],0.00000000,0.00000000,0.00000000,0.00000000,0.00000000,0.00000000,0.00000000,0.00000000,0.00000000,0.00000000,0.00000000,0.00000000,0.00000000,0.00000000,0.00000000,0.00000000,0.00000000,0.00000000,0.00000000,0.00000000,0.00000000,0.00000000,0.00000000,0.00000000,0.00000000,0.00000000,NONE
R02569[K,p],0.00000000,0.00000000,0.00000000,0.00000000,0.00000000,0.00000000,0.00000000,0.00000000,0.00000000,0.00000000,0.00000000,0.00000000,0.00000000,0.00000000,0.00000000,0.00000000,0.00000000,0.00000000,0.00000000,0.00000000,0.00000000,0.00000000,0.00000000,0.00000000,0.00000000,0.00000000,NONE
R02584[K,p],0.00000000,0.00000000,0.00000000,0.00000000,0.00000000,0.00000000,0.00000000,0.00000000,0.00000000,0.00000000,0.00000000,0.00000000,0.00000000,0.00000000,0.00000000,0.00000000,0.00000000,0.00000000,0.00000000,0.00000000,0.00000000,0.00000000,0.00000000,0.00000000,0.00000000,0.00000000,NONE
R02585[K,m],0.00000000,0.00000000,0.00000000,0.00000000,0.00000000,0.00000000,0.00000000,0.00000000,0.00000000,0.00000000,0.00000000,0.00000000,0.00000000,0.00000000,0.00000000,0.00000000,0.00000000,0.00000000,0.00000000,0.00000000,0.00000000,0.00000000,0.00000000,0.00000000,0.00000000,0.00000000,NONE
R02585[K,p],0.00000000,0.00000000,0.00000000,0.00000000,0.00000000,0.00000000,0.00000000,0.00000000,0.00000000,0.00000000,0.00000000,0.00000000,0.00000000,0.00000000,0.00000000,0.00000000,0.00000000,0.00000000,0.00000000,0.00000000,0.00000000,0.00000000,0.00000000,0.00000000,0.00000000,0.00000000,NONE
R02595[K,c],0.00000000,0.00000000,0.00000000,0.00000000,0.00000000,0.00000000,0.00000000,0.00000000,0.00000000,0.00000000,0.00000000,0.00000000,0.00000000,0.00000000,0.00000000,0.00000000,0.00000000,0.00000000,0.00000000,0.00000000,0.00000000,0.00000000,0.00000000,0.00000000,0.00000000,0.00000000,NONE
R02596[K,m],0.00000000,0.00000000,0.00000000,0.00000000,0.00000000,0.00000000,0.00000000,0.00000000,0.00000000,0.00000000,0.00000000,0.00000000,0.00000000,0.00000000,0.00000000,0.00000000,0.00000000,0.00000000,0.00000000,0.00000000,0.00000000,0.00000000,0.00000000,0.00000000,0.00000000,0.00000000,NONE
R02596[K,p],0.00000000,0.00000000,0.00000000,0.00000000,0.00000000,0.00000000,0.00000000,0.00000000,0.00000000,0.00000000,0.00000000,0.00000000,0.00000000,0.00000000,0.00000000,0.00000000,0.00000000,0.00000000,0.00000000,0.00000000,0.00000000,0.00000000,0.00000000,0.00000000,0.00000000,0.00000000,NONE
R02596[K,x],0.00000000,0.00000000,0.00000000,0.00000000,0.00000000,0.00000000,0.00000000,0.00000000,0.00000000,0.00000000,0.00000000,0.00000000,0.00000000,0.00000000,0.00000000,0.00000000,0.00000000,0.00000000,0.00000000,0.00000000,0.00000000,0.00000000,0.00000000,0.00000000,0.00000000,0.00000000,NONE
R02613[K,p],0.00000000,0.00000000,0.00000000,0.00000000,0.00000000,0.00000000,0.00000000,0.00000000,0.00000000,0.00000000,0.00000000,0.00000000,0.00000000,0.00000000,0.00000000,0.00000000,0.00000000,0.00000000,0.00000000,0.00000000,0.00000000,0.00000000,0.00000000,0.00000000,0.00000000,0.00000000,NONE
R02619[K,m],0.00000000,0.00000000,0.00000000,0.00000000,0.00000000,0.00000000,0.00000000,0.00000000,0.00000000,0.00000000,0.00000000,0.00000000,0.00000000,0.00000000,0.00000000,0.00000000,0.00000000,0.00000000,0.00000000,0.00000000,0.00000000,0.00000000,0.00000000,0.00000000,0.00000000,0.00000000,NONE
R02619[K,p],0.00000000,0.00000000,0.00000000,0.00000000,0.00000000,0.00000000,0.00000000,0.00000000,0.00000000,0.00000000,0.00000000,0.00000000,0.00000000,0.00000000,0.00000000,0.00000000,0.00000000,0.00000000,0.00000000,0.00000000,0.00000000,0.00000000,0.00000000,0.00000000,0.00000000,0.00000000,NONE
R02670[K,x],0.00000000,0.00000000,0.00000000,0.00000000,0.00000000,0.00000000,0.00000000,0.00000000,0.00000000,0.00000000,0.00000000,0.00000000,0.00000000,0.00000000,0.00000000,0.00000000,0.00000000,0.00000000,0.00000000,0.00000000,0.00000000,0.00000000,0.00000000,0.00000000,0.00000000,0.00000000,NONE
R02671[K,c],0.00000000,0.00000000,0.00000000,0.00000000,0.00000000,0.00000000,0.00000000,0.00000000,0.00000000,0.00000000,0.00000000,0.00000000,0.00000000,0.00000000,0.00000000,0.00000000,0.00000000,0.00000000,0.00000000,0.00000000,0.00000000,0.00000000,0.00000000,0.00000000,0.00000000,0.00000000,NONE
R02671[K,m],0.00000000,0.00000000,0.00000000,0.00000000,0.00000000,0.00000000,0.00000000,0.00000000,0.00000000,0.00000000,0.00000000,0.00000000,0.00000000,0.00000000,0.00000000,0.00000000,0.00000000,0.00000000,0.00000000,0.00000000,0.00000000,0.00000000,0.00000000,0.00000000,0.00000000,0.00000000,NONE
R02671[K,p],0.00000000,0.00000000,0.00000000,0.00000000,0.00000000,0.00000000,0.00000000,0.00000000,0.00000000,0.00000000,0.00000000,0.00000000,0.00000000,0.00000000,0.00000000,0.00000000,0.00000000,0.00000000,0.00000000,0.00000000,0.00000000,0.00000000,0.00000000,0.00000000,0.00000000,0.00000000,NONE
R02671[K,x],0.00000000,0.00000000,0.00000000,0.00000000,0.00000000,0.00000000,0.00000000,0.00000000,0.00000000,0.00000000,0.00000000,0.00000000,0.00000000,0.00000000,0.00000000,0.00000000,0.00000000,0.00000000,0.00000000,0.00000000,0.00000000,0.00000000,0.00000000,0.00000000,0.00000000,0.00000000,NONE
R02678[K,m],0.00000000,0.00000000,0.00000000,0.00000000,0.00000000,0.00000000,0.00000000,0.00000000,0.00000000,0.00000000,0.00000000,0.00000000,0.00000000,0.00000000,0.00000000,0.00000000,0.00000000,0.00000000,0.00000000,0.00000000,0.00000000,0.00000000,0.00000000,0.00000000,0.00000000,0.00000000,NONE
R02685[K,x],0.00000000,0.00000000,0.00000000,0.00000000,0.00000000,0.00000000,0.00000000,0.00000000,0.00000000,0.00000000,0.00000000,0.00000000,0.00000000,0.00000000,0.00000000,0.00000000,0.00000000,0.00000000,0.00000000,0.00000000,0.00000000,0.00000000,0.00000000,0.00000000,0.00000000,0.00000000,NONE
R02691_mod[K,p],0.00000000,0.00000000,0.00000000,0.00000000,0.00000000,0.00000000,0.00000000,0.00000000,0.00000000,0.00000000,0.00000000,0.00000000,0.00000000,0.00000000,0.00000000,0.00000000,0.00000000,0.00000000,0.00000000,0.00000000,0.00000000,0.00000000,0.00000000,0.00000000,0.00000000,0.00000000,NONE
R02715[K,c],0.00000000,0.00000000,0.00000000,0.00000000,0.00000000,0.00000000,0.00000000,0.00000000,0.00000000,0.00000000,0.00000000,0.00000000,0.00000000,0.00000000,0.00000000,0.00000000,0.00000000,0.00000000,0.00000000,0.00000000,0.00000000,0.00000000,0.00000000,0.00000000,0.00000000,0.00000000,NONE
R02722[K,p],0.00000000,0.00000000,0.00000000,0.00000000,0.00000000,0.00000000,0.00000000,0.00000000,0.00000000,0.00000000,0.00000000,0.00000000,0.00000000,0.00000000,0.00000000,0.00000000,0.00000000,0.00000000,0.00000000,0.00000000,0.00000000,0.00000000,0.00000000,0.00000000,0.00000000,0.00000000,NONE
R02736[K,c],0.00000000,0.00000000,0.00000000,0.00000000,0.00000000,0.00000000,0.00000000,0.00000000,0.00000000,0.00000000,0.00000000,0.00000000,0.00000000,0.00000000,0.00000000,0.00000000,0.00000000,0.00000000,0.00000000,0.00000000,0.00000000,0.00000000,0.00000000,0.00000000,0.00000000,0.00000000,NONE
R02743[K,p],0.00000000,0.00000000,0.00000000,0.00000000,0.00000000,0.00000000,0.00000000,0.00000000,0.00000000,0.00000000,0.00000000,0.00000000,0.00000000,0.00000000,0.00000000,0.00000000,0.00000000,0.00000000,0.00000000,0.00000000,0.00000000,0.00000000,0.00000000,0.00000000,0.00000000,0.00000000,NONE
R02777[K,m],0.00000000,0.00000000,0.00000000,0.00000000,0.00000000,0.00000000,0.00000000,0.00000000,0.00000000,0.00000000,0.00000000,0.00000000,0.00000000,0.00000000,0.00000000,0.00000000,0.00000000,0.00000000,0.00000000,0.00000000,0.00000000,0.00000000,0.00000000,0.00000000,0.00000000,0.00000000,NONE
R02778[K,c],0.00000000,0.00000000,0.00000000,0.00000000,0.00000000,0.00000000,0.00000000,0.00000000,0.00000000,0.00000000,0.00000000,0.00000000,0.00000000,0.00000000,0.00000000,0.00000000,0.00000000,0.00000000,0.00000000,0.00000000,0.00000000,0.00000000,0.00000000,0.00000000,0.00000000,0.00000000,NONE
R02814[K,m],0.00000000,0.00000000,0.00000000,0.00000000,0.00000000,0.00000000,0.00000000,0.00000000,0.00000000,0.00000000,0.00000000,0.00000000,0.00000000,0.00000000,0.00000000,0.00000000,0.00000000,0.00000000,0.00000000,0.00000000,0.00000000,0.00000000,0.00000000,0.00000000,0.00000000,0.00000000,NONE
R02869[K,c],0.00000000,0.00000000,0.00000000,0.00000000,0.00000000,0.00000000,0.00000000,0.00000000,0.00000000,0.00000000,0.00000000,0.00000000,0.00000000,0.00000000,0.00000000,0.00000000,0.00000000,0.00000000,0.00000000,0.00000000,0.00000000,0.00000000,0.00000000,0.00000000,0.00000000,0.00000000,NONE
R02869[K,m],0.00000000,0.00000000,0.00000000,0.00000000,0.00000000,0.00000000,0.00000000,0.00000000,0.00000000,0.00000000,0.00000000,0.00000000,0.00000000,0.00000000,0.00000000,0.00000000,0.00000000,0.00000000,0.00000000,0.00000000,0.00000000,0.00000000,0.00000000,0.00000000,0.00000000,0.00000000,NONE
R02872[K,c],0.00000000,0.00000000,0.00000000,0.00000000,0.00000000,0.00000000,0.00000000,0.00000000,0.00000000,0.00000000,0.00000000,0.00000000,0.00000000,0.00000000,0.00000000,0.00000000,0.00000000,0.00000000,0.00000000,0.00000000,0.00000000,0.00000000,0.00000000,0.00000000,0.00000000,0.00000000,NONE
R02873[K,c],0.00000000,0.00000000,0.00000000,0.00000000,0.00000000,0.00000000,0.00000000,0.00000000,0.00000000,0.00000000,0.00000000,0.00000000,0.00000000,0.00000000,0.00000000,0.00000000,0.00000000,0.00000000,0.00000000,0.00000000,0.00000000,0.00000000,0.00000000,0.00000000,0.00000000,0.00000000,NONE
R02874[K,m],0.00000000,0.00000000,0.00000000,0.00000000,0.00000000,0.00000000,0.00000000,0.00000000,0.00000000,0.00000000,0.00000000,0.00000000,0.00000000,0.00000000,0.00000000,0.00000000,0.00000000,0.00000000,0.00000000,0.00000000,0.00000000,0.00000000,0.00000000,0.00000000,0.00000000,0.00000000,NONE
R02874[K,p],0.00000000,0.00000000,0.00000000,0.00000000,0.00000000,0.00000000,0.00000000,0.00000000,0.00000000,0.00000000,0.00000000,0.00000000,0.00000000,0.00000000,0.00000000,0.00000000,0.00000000,0.00000000,0.00000000,0.00000000,0.00000000,0.00000000,0.00000000,0.00000000,0.00000000,0.00000000,NONE
R02874[K,x],0.00000000,0.00000000,0.00000000,0.00000000,0.00000000,0.00000000,0.00000000,0.00000000,0.00000000,0.00000000,0.00000000,0.00000000,0.00000000,0.00000000,0.00000000,0.00000000,0.00000000,0.00000000,0.00000000,0.00000000,0.00000000,0.00000000,0.00000000,0.00000000,0.00000000,0.00000000,NONE
R02884[K,c],0.00000000,0.00000000,0.00000000,0.00000000,0.00000000,0.00000000,0.00000000,0.00000000,0.00000000,0.00000000,0.00000000,0.00000000,0.00000000,0.00000000,0.00000000,0.00000000,0.00000000,0.00000000,0.00000000,0.00000000,0.00000000,0.00000000,0.00000000,0.00000000,0.00000000,0.00000000,NONE
R02890[K,c],0.00000000,0.00000000,0.00000000,0.00000000,0.00000000,0.00000000,0.00000000,0.00000000,0.00000000,0.00000000,0.00000000,0.00000000,0.00000000,0.00000000,0.00000000,0.00000000,0.00000000,0.00000000,0.00000000,0.00000000,0.00000000,0.00000000,0.00000000,0.00000000,0.00000000,0.00000000,NONE
R02912[K,c],0.00000000,0.00000000,0.00000000,0.00000000,0.00000000,0.00000000,0.00000000,0.00000000,0.00000000,0.00000000,0.00000000,0.00000000,0.00000000,0.00000000,0.00000000,0.00000000,0.00000000,0.00000000,0.00000000,0.00000000,0.00000000,0.00000000,0.00000000,0.00000000,0.00000000,0.00000000,NONE
R02912[K,m],0.00000000,0.00000000,0.00000000,0.00000000,0.00000000,0.00000000,0.00000000,0.00000000,0.00000000,0.00000000,0.00000000,0.00000000,0.00000000,0.00000000,0.00000000,0.00000000,0.00000000,0.00000000,0.00000000,0.00000000,0.00000000,0.00000000,0.00000000,0.00000000,0.00000000,0.00000000,NONE
R02912[K,p],0.00000000,0.00000000,0.00000000,0.00000000,0.00000000,0.00000000,0.00000000,0.00000000,0.00000000,0.00000000,0.00000000,0.00000000,0.00000000,0.00000000,0.00000000,0.00000000,0.00000000,0.00000000,0.00000000,0.00000000,0.00000000,0.00000000,0.00000000,0.00000000,0.00000000,0.00000000,NONE
R02912[K,x],0.00000000,0.00000000,0.00000000,0.00000000,0.00000000,0.00000000,0.00000000,0.00000000,0.00000000,0.00000000,0.00000000,0.00000000,0.00000000,0.00000000,0.00000000,0.00000000,0.00000000,0.00000000,0.00000000,0.00000000,0.00000000,0.00000000,0.00000000,0.00000000,0.00000000,0.00000000,NONE
R02914[K,c],0.00000000,0.00000000,0.00000000,0.00000000,0.00000000,0.00000000,0.00000000,0.00000000,0.00000000,0.00000000,0.00000000,0.00000000,0.00000000,0.00000000,0.00000000,0.00000000,0.00000000,0.00000000,0.00000000,0.00000000,0.00000000,0.00000000,0.00000000,0.00000000,0.00000000,0.00000000,NONE
R02918[K,p],0.00000000,0.00000000,0.00000000,0.00000000,0.00000000,0.00000000,0.00000000,0.00000000,0.00000000,0.00000000,0.00000000,0.00000000,0.00000000,0.00000000,0.00000000,0.00000000,0.00000000,0.00000000,0.00000000,0.00000000,0.00000000,0.00000000,0.00000000,0.00000000,0.00000000,0.00000000,NONE
R02940[K,c],0.00000000,0.00000000,0.00000000,0.00000000,0.00000000,0.00000000,0.00000000,0.00000000,0.00000000,0.00000000,0.00000000,0.00000000,0.00000000,0.00000000,0.00000000,0.00000000,0.00000000,0.00000000,0.00000000,0.00000000,0.00000000,0.00000000,0.00000000,0.00000000,0.00000000,0.00000000,NONE
R02940[K,m],0.00000000,0.00000000,0.00000000,0.00000000,0.00000000,0.00000000,0.00000000,0.00000000,0.00000000,0.00000000,0.00000000,0.00000000,0.00000000,0.00000000,0.00000000,0.00000000,0.00000000,0.00000000,0.00000000,0.00000000,0.00000000,0.00000000,0.00000000,0.00000000,0.00000000,0.00000000,NONE
R02940[K,p],0.00000000,0.00000000,0.00000000,0.00000000,0.00000000,0.00000000,0.00000000,0.00000000,0.00000000,0.00000000,0.00000000,0.00000000,0.00000000,0.00000000,0.00000000,0.00000000,0.00000000,0.00000000,0.00000000,0.00000000,0.00000000,0.00000000,0.00000000,0.00000000,0.00000000,0.00000000,NONE
R02957[K,c],0.00000000,0.00000000,0.00000000,0.00000000,0.00000000,0.00000000,0.00000000,0.00000000,0.00000000,0.00000000,0.00000000,0.00000000,0.00000000,0.00000000,0.00000000,0.00000000,0.00000000,0.00000000,0.00000000,0.00000000,0.00000000,0.00000000,0.00000000,0.00000000,0.00000000,0.00000000,NONE
R02957[K,m],0.00000000,0.00000000,0.00000000,0.00000000,0.00000000,0.00000000,0.00000000,0.00000000,0.00000000,0.00000000,0.00000000,0.00000000,0.00000000,0.00000000,0.00000000,0.00000000,0.00000000,0.00000000,0.00000000,0.00000000,0.00000000,0.00000000,0.00000000,0.00000000,0.00000000,0.00000000,NONE
R02957[K,p],0.00000000,0.00000000,0.00000000,0.00000000,0.00000000,0.00000000,0.00000000,0.00000000,0.00000000,0.00000000,0.00000000,0.00000000,0.00000000,0.00000000,0.00000000,0.00000000,0.00000000,0.00000000,0.00000000,0.00000000,0.00000000,0.00000000,0.00000000,0.00000000,0.00000000,0.00000000,NONE
R02957[K,x],0.00000000,0.00000000,0.00000000,0.00000000,0.00000000,0.00000000,0.00000000,0.00000000,0.00000000,0.00000000,0.00000000,0.00000000,0.00000000,0.00000000,0.00000000,0.00000000,0.00000000,0.00000000,0.00000000,0.00000000,0.00000000,0.00000000,0.00000000,0.00000000,0.00000000,0.00000000,NONE
R02984[K,c],0.00000000,0.00000000,0.00000000,0.00000000,0.00000000,0.00000000,0.00000000,0.00000000,0.00000000,0.00000000,0.00000000,0.00000000,0.00000000,0.00000000,0.00000000,0.00000000,0.00000000,0.00000000,0.00000000,0.00000000,0.00000000,0.00000000,0.00000000,0.00000000,0.00000000,0.00000000,NONE
R03008[K,c],0.00000000,0.00000000,0.00000000,0.00000000,0.00000000,0.00000000,0.00000000,0.00000000,0.00000000,0.00000000,0.00000000,0.00000000,0.00000000,0.00000000,0.00000000,0.00000000,0.00000000,0.00000000,0.00000000,0.00000000,0.00000000,0.00000000,0.00000000,0.00000000,0.00000000,0.00000000,NONE
R03012[K,p],0.00000000,0.00000000,0.00000000,0.00000000,0.00000000,0.00000000,0.00000000,0.00000000,0.00000000,0.00000000,0.00000000,0.00000000,0.00000000,0.00000000,0.00000000,0.00000000,0.00000000,0.00000000,0.00000000,0.00000000,0.00000000,0.00000000,0.00000000,0.00000000,0.00000000,0.00000000,NONE
R03013[K,p],0.00000000,0.00000000,0.00000000,0.00000000,0.00000000,0.00000000,0.00000000,0.00000000,0.00000000,0.00000000,0.00000000,0.00000000,0.00000000,0.00000000,0.00000000,0.00000000,0.00000000,0.00000000,0.00000000,0.00000000,0.00000000,0.00000000,0.00000000,0.00000000,0.00000000,0.00000000,NONE
R03018[K,p],0.00000000,0.00000000,0.00000000,0.00000000,0.00000000,0.00000000,0.00000000,0.00000000,0.00000000,0.00000000,0.00000000,0.00000000,0.00000000,0.00000000,0.00000000,0.00000000,0.00000000,0.00000000,0.00000000,0.00000000,0.00000000,0.00000000,0.00000000,0.00000000,0.00000000,0.00000000,NONE
R03020[K,c],0.00000000,0.00000000,0.00000000,0.00000000,0.00000000,0.00000000,0.00000000,0.00000000,0.00000000,0.00000000,0.00000000,0.00000000,0.00000000,0.00000000,0.00000000,0.00000000,0.00000000,0.00000000,0.00000000,0.00000000,0.00000000,0.00000000,0.00000000,0.00000000,0.00000000,0.00000000,NONE
R03027[K,x],0.00000000,0.00000000,0.00000000,0.00000000,0.00000000,0.00000000,0.00000000,0.00000000,0.00000000,0.00000000,0.00000000,0.00000000,0.00000000,0.00000000,0.00000000,0.00000000,0.00000000,0.00000000,0.00000000,0.00000000,0.00000000,0.00000000,0.00000000,0.00000000,0.00000000,0.00000000,NONE
R03036[K,p],0.00000000,0.00000000,0.00000000,0.00000000,0.00000000,0.00000000,0.00000000,0.00000000,0.00000000,0.00000000,0.00000000,0.00000000,0.00000000,0.00000000,0.00000000,0.00000000,0.00000000,0.00000000,0.00000000,0.00000000,0.00000000,0.00000000,0.00000000,0.00000000,0.00000000,0.00000000,NONE
R03038[K,p],0.00000000,0.00000000,0.00000000,0.00000000,0.00000000,0.00000000,0.00000000,0.00000000,0.00000000,0.00000000,0.00000000,0.00000000,0.00000000,0.00000000,0.00000000,0.00000000,0.00000000,0.00000000,0.00000000,0.00000000,0.00000000,0.00000000,0.00000000,0.00000000,0.00000000,0.00000000,NONE
R03045[K,x],0.00000000,0.00000000,0.00000000,0.00000000,0.00000000,0.00000000,0.00000000,0.00000000,0.00000000,0.00000000,0.00000000,0.00000000,0.00000000,0.00000000,0.00000000,0.00000000,0.00000000,0.00000000,0.00000000,0.00000000,0.00000000,0.00000000,0.00000000,0.00000000,0.00000000,0.00000000,NONE
R03057[K,m],0.00000000,0.00000000,0.00000000,0.00000000,0.00000000,0.00000000,0.00000000,0.00000000,0.00000000,0.00000000,0.00000000,0.00000000,0.00000000,0.00000000,0.00000000,0.00000000,0.00000000,0.00000000,0.00000000,0.00000000,0.00000000,0.00000000,0.00000000,0.00000000,0.00000000,0.00000000,NONE
R03057[K,p],0.00000000,0.00000000,0.00000000,0.00000000,0.00000000,0.00000000,0.00000000,0.00000000,0.00000000,0.00000000,0.00000000,0.00000000,0.00000000,0.00000000,0.00000000,0.00000000,0.00000000,0.00000000,0.00000000,0.00000000,0.00000000,0.00000000,0.00000000,0.00000000,0.00000000,0.00000000,NONE
R03057[K,x],0.00000000,0.00000000,0.00000000,0.00000000,0.00000000,0.00000000,0.00000000,0.00000000,0.00000000,0.00000000,0.00000000,0.00000000,0.00000000,0.00000000,0.00000000,0.00000000,0.00000000,0.00000000,0.00000000,0.00000000,0.00000000,0.00000000,0.00000000,0.00000000,0.00000000,0.00000000,NONE
R03067[K,m],0.00000000,0.00000000,0.00000000,0.00000000,0.00000000,0.00000000,0.00000000,0.00000000,0.00000000,0.00000000,0.00000000,0.00000000,0.00000000,0.00000000,0.00000000,0.00000000,0.00000000,0.00000000,0.00000000,0.00000000,0.00000000,0.00000000,0.00000000,0.00000000,0.00000000,0.00000000,NONE
R03067[K,p],0.00000000,0.00000000,0.00000000,0.00000000,0.00000000,0.00000000,0.00000000,0.00000000,0.00000000,0.00000000,0.00000000,0.00000000,0.00000000,0.00000000,0.00000000,0.00000000,0.00000000,0.00000000,0.00000000,0.00000000,0.00000000,0.00000000,0.00000000,0.00000000,0.00000000,0.00000000,NONE
R03077[K,c],0.00000000,0.00000000,0.00000000,0.00000000,0.00000000,0.00000000,0.00000000,0.00000000,0.00000000,0.00000000,0.00000000,0.00000000,0.00000000,0.00000000,0.00000000,0.00000000,0.00000000,0.00000000,0.00000000,0.00000000,0.00000000,0.00000000,0.00000000,0.00000000,0.00000000,0.00000000,NONE
R03084[K,c],0.00000000,0.00000000,0.00000000,0.00000000,0.00000000,0.00000000,0.00000000,0.00000000,0.00000000,0.00000000,0.00000000,0.00000000,0.00000000,0.00000000,0.00000000,0.00000000,0.00000000,0.00000000,0.00000000,0.00000000,0.00000000,0.00000000,0.00000000,0.00000000,0.00000000,0.00000000,NONE
R03093[K,p],0.00000000,0.00000000,0.00000000,0.00000000,0.00000000,0.00000000,0.00000000,0.00000000,0.00000000,0.00000000,0.00000000,0.00000000,0.00000000,0.00000000,0.00000000,0.00000000,0.00000000,0.00000000,0.00000000,0.00000000,0.00000000,0.00000000,0.00000000,0.00000000,0.00000000,0.00000000,NONE
R03096[K,p],0.00000000,0.00000000,0.00000000,0.00000000,0.00000000,0.00000000,0.00000000,0.00000000,0.00000000,0.00000000,0.00000000,0.00000000,0.00000000,0.00000000,0.00000000,0.00000000,0.00000000,0.00000000,0.00000000,0.00000000,0.00000000,0.00000000,0.00000000,0.00000000,0.00000000,0.00000000,NONE
R03102[K,c],0.00000000,0.00000000,0.00000000,0.00000000,0.00000000,0.00000000,0.00000000,0.00000000,0.00000000,0.00000000,0.00000000,0.00000000,0.00000000,0.00000000,0.00000000,0.00000000,0.00000000,0.00000000,0.00000000,0.00000000,0.00000000,0.00000000,0.00000000,0.00000000,0.00000000,0.00000000,NONE
R03103[K,m],0.00000000,0.00000000,0.00000000,0.00000000,0.00000000,0.00000000,0.00000000,0.00000000,0.00000000,0.00000000,0.00000000,0.00000000,0.00000000,0.00000000,0.00000000,0.00000000,0.00000000,0.00000000,0.00000000,0.00000000,0.00000000,0.00000000,0.00000000,0.00000000,0.00000000,0.00000000,NONE
R03103[K,p],0.00000000,0.00000000,0.00000000,0.00000000,0.00000000,0.00000000,0.00000000,0.00000000,0.00000000,0.00000000,0.00000000,0.00000000,0.00000000,0.00000000,0.00000000,0.00000000,0.00000000,0.00000000,0.00000000,0.00000000,0.00000000,0.00000000,0.00000000,0.00000000,0.00000000,0.00000000,NONE
R03103[K,x],0.00000000,0.00000000,0.00000000,0.00000000,0.00000000,0.00000000,0.00000000,0.00000000,0.00000000,0.00000000,0.00000000,0.00000000,0.00000000,0.00000000,0.00000000,0.00000000,0.00000000,0.00000000,0.00000000,0.00000000,0.00000000,0.00000000,0.00000000,0.00000000,0.00000000,0.00000000,NONE
R03105[K,m],0.00000000,0.00000000,0.00000000,0.00000000,0.00000000,0.00000000,0.00000000,0.00000000,0.00000000,0.00000000,0.00000000,0.00000000,0.00000000,0.00000000,0.00000000,0.00000000,0.00000000,0.00000000,0.00000000,0.00000000,0.00000000,0.00000000,0.00000000,0.00000000,0.00000000,0.00000000,NONE
R03139[K,m],0.00000000,0.00000000,0.00000000,0.00000000,0.00000000,0.00000000,0.00000000,0.00000000,0.00000000,0.00000000,0.00000000,0.00000000,0.00000000,0.00000000,0.00000000,0.00000000,0.00000000,0.00000000,0.00000000,0.00000000,0.00000000,0.00000000,0.00000000,0.00000000,0.00000000,0.00000000,NONE
R03143[K,p],0.00000000,0.00000000,0.00000000,0.00000000,0.00000000,0.00000000,0.00000000,0.00000000,0.00000000,0.00000000,0.00000000,0.00000000,0.00000000,0.00000000,0.00000000,0.00000000,0.00000000,0.00000000,0.00000000,0.00000000,0.00000000,0.00000000,0.00000000,0.00000000,0.00000000,0.00000000,NONE
R03158[K,x],0.00000000,0.00000000,0.00000000,0.00000000,0.00000000,0.00000000,0.00000000,0.00000000,0.00000000,0.00000000,0.00000000,0.00000000,0.00000000,0.00000000,0.00000000,0.00000000,0.00000000,0.00000000,0.00000000,0.00000000,0.00000000,0.00000000,0.00000000,0.00000000,0.00000000,0.00000000,NONE
R03161[K,c],0.00000000,0.00000000,0.00000000,0.00000000,0.00000000,0.00000000,0.00000000,0.00000000,0.00000000,0.00000000,0.00000000,0.00000000,0.00000000,0.00000000,0.00000000,0.00000000,0.00000000,0.00000000,0.00000000,0.00000000,0.00000000,0.00000000,0.00000000,0.00000000,0.00000000,0.00000000,NONE
R03176[K,c],0.00000000,0.00000000,0.00000000,0.00000000,0.00000000,0.00000000,0.00000000,0.00000000,0.00000000,0.00000000,0.00000000,0.00000000,0.00000000,0.00000000,0.00000000,0.00000000,0.00000000,0.00000000,0.00000000,0.00000000,0.00000000,0.00000000,0.00000000,0.00000000,0.00000000,0.00000000,NONE
R03180[K,p],0.00000000,0.00000000,0.00000000,0.00000000,0.00000000,0.00000000,0.00000000,0.00000000,0.00000000,0.00000000,0.00000000,0.00000000,0.00000000,0.00000000,0.00000000,0.00000000,0.00000000,0.00000000,0.00000000,0.00000000,0.00000000,0.00000000,0.00000000,0.00000000,0.00000000,0.00000000,NONE
R03199[K,m],0.00000000,0.00000000,0.00000000,0.00000000,0.00000000,0.00000000,0.00000000,0.00000000,0.00000000,0.00000000,0.00000000,0.00000000,0.00000000,0.00000000,0.00000000,0.00000000,0.00000000,0.00000000,0.00000000,0.00000000,0.00000000,0.00000000,0.00000000,0.00000000,0.00000000,0.00000000,NONE
R03199[K,p],0.00000000,0.00000000,0.00000000,0.00000000,0.00000000,0.00000000,0.00000000,0.00000000,0.00000000,0.00000000,0.00000000,0.00000000,0.00000000,0.00000000,0.00000000,0.00000000,0.00000000,0.00000000,0.00000000,0.00000000,0.00000000,0.00000000,0.00000000,0.00000000,0.00000000,0.00000000,NONE
R03199[K,x],0.00000000,0.00000000,0.00000000,0.00000000,0.00000000,0.00000000,0.00000000,0.00000000,0.00000000,0.00000000,0.00000000,0.00000000,0.00000000,0.00000000,0.00000000,0.00000000,0.00000000,0.00000000,0.00000000,0.00000000,0.00000000,0.00000000,0.00000000,0.00000000,0.00000000,0.00000000,NONE
R03200[K,c],0.00000000,0.00000000,0.00000000,0.00000000,0.00000000,0.00000000,0.00000000,0.00000000,0.00000000,0.00000000,0.00000000,0.00000000,0.00000000,0.00000000,0.00000000,0.00000000,0.00000000,0.00000000,0.00000000,0.00000000,0.00000000,0.00000000,0.00000000,0.00000000,0.00000000,0.00000000,NONE
R03204[K,p],0.00000000,0.00000000,0.00000000,0.00000000,0.00000000,0.00000000,0.00000000,0.00000000,0.00000000,0.00000000,0.00000000,0.00000000,0.00000000,0.00000000,0.00000000,0.00000000,0.00000000,0.00000000,0.00000000,0.00000000,0.00000000,0.00000000,0.00000000,0.00000000,0.00000000,0.00000000,NONE
R03209[K,m],0.00000000,0.00000000,0.00000000,0.00000000,0.00000000,0.00000000,0.00000000,0.00000000,0.00000000,0.00000000,0.00000000,0.00000000,0.00000000,0.00000000,0.00000000,0.00000000,0.00000000,0.00000000,0.00000000,0.00000000,0.00000000,0.00000000,0.00000000,0.00000000,0.00000000,0.00000000,NONE
R03209[K,p],0.00000000,0.00000000,0.00000000,0.00000000,0.00000000,0.00000000,0.00000000,0.00000000,0.00000000,0.00000000,0.00000000,0.00000000,0.00000000,0.00000000,0.00000000,0.00000000,0.00000000,0.00000000,0.00000000,0.00000000,0.00000000,0.00000000,0.00000000,0.00000000,0.00000000,0.00000000,NONE
R03209[K,x],0.00000000,0.00000000,0.00000000,0.00000000,0.00000000,0.00000000,0.00000000,0.00000000,0.00000000,0.00000000,0.00000000,0.00000000,0.00000000,0.00000000,0.00000000,0.00000000,0.00000000,0.00000000,0.00000000,0.00000000,0.00000000,0.00000000,0.00000000,0.00000000,0.00000000,0.00000000,NONE
R03217[K,p],0.00000000,0.00000000,0.00000000,0.00000000,0.00000000,0.00000000,0.00000000,0.00000000,0.00000000,0.00000000,0.00000000,0.00000000,0.00000000,0.00000000,0.00000000,0.00000000,0.00000000,0.00000000,0.00000000,0.00000000,0.00000000,0.00000000,0.00000000,0.00000000,0.00000000,0.00000000,NONE
R03219[K,c],0.00000000,0.00000000,0.00000000,0.00000000,0.00000000,0.00000000,0.00000000,0.00000000,0.00000000,0.00000000,0.00000000,0.00000000,0.00000000,0.00000000,0.00000000,0.00000000,0.00000000,0.00000000,0.00000000,0.00000000,0.00000000,0.00000000,0.00000000,0.00000000,0.00000000,0.00000000,NONE
R03220[K,p],0.00000000,0.00000000,0.00000000,0.00000000,0.00000000,0.00000000,0.00000000,0.00000000,0.00000000,0.00000000,0.00000000,0.00000000,0.00000000,0.00000000,0.00000000,0.00000000,0.00000000,0.00000000,0.00000000,0.00000000,0.00000000,0.00000000,0.00000000,0.00000000,0.00000000,0.00000000,NONE
R03222[K,p],0.00000000,0.00000000,0.00000000,0.00000000,0.00000000,0.00000000,0.00000000,0.00000000,0.00000000,0.00000000,0.00000000,0.00000000,0.00000000,0.00000000,0.00000000,0.00000000,0.00000000,0.00000000,0.00000000,0.00000000,0.00000000,0.00000000,0.00000000,0.00000000,0.00000000,0.00000000,NONE
R03224[K,x],0.00000000,0.00000000,0.00000000,0.00000000,0.00000000,0.00000000,0.00000000,0.00000000,0.00000000,0.00000000,0.00000000,0.00000000,0.00000000,0.00000000,0.00000000,0.00000000,0.00000000,0.00000000,0.00000000,0.00000000,0.00000000,0.00000000,0.00000000,0.00000000,0.00000000,0.00000000,NONE
R03231[K,m],0.00000000,0.00000000,0.00000000,0.00000000,0.00000000,0.00000000,0.00000000,0.00000000,0.00000000,0.00000000,0.00000000,0.00000000,0.00000000,0.00000000,0.00000000,0.00000000,0.00000000,0.00000000,0.00000000,0.00000000,0.00000000,0.00000000,0.00000000,0.00000000,0.00000000,0.00000000,NONE
R03243[K,p],0.00000000,0.00000000,0.00000000,0.00000000,0.00000000,0.00000000,0.00000000,0.00000000,0.00000000,0.00000000,0.00000000,0.00000000,0.00000000,0.00000000,0.00000000,0.00000000,0.00000000,0.00000000,0.00000000,0.00000000,0.00000000,0.00000000,0.00000000,0.00000000,0.00000000,0.00000000,NONE
R03254[K,p],0.00000000,0.00000000,0.00000000,0.00000000,0.00000000,0.00000000,0.00000000,0.00000000,0.00000000,0.00000000,0.00000000,0.00000000,0.00000000,0.00000000,0.00000000,0.00000000,0.00000000,0.00000000,0.00000000,0.00000000,0.00000000,0.00000000,0.00000000,0.00000000,0.00000000,0.00000000,NONE
R03260[K,c],0.00000000,0.00000000,0.00000000,0.00000000,0.00000000,0.00000000,0.00000000,0.00000000,0.00000000,0.00000000,0.00000000,0.00000000,0.00000000,0.00000000,0.00000000,0.00000000,0.00000000,0.00000000,0.00000000,0.00000000,0.00000000,0.00000000,0.00000000,0.00000000,0.00000000,0.00000000,NONE
R03270[K,m],0.00000000,0.00000000,0.00000000,0.00000000,0.00000000,0.00000000,0.00000000,0.00000000,0.00000000,0.00000000,0.00000000,0.00000000,0.00000000,0.00000000,0.00000000,0.00000000,0.00000000,0.00000000,0.00000000,0.00000000,0.00000000,0.00000000,0.00000000,0.00000000,0.00000000,0.00000000,NONE
R03270[K,p],0.00000000,0.00000000,0.00000000,0.00000000,0.00000000,0.00000000,0.00000000,0.00000000,0.00000000,0.00000000,0.00000000,0.00000000,0.00000000,0.00000000,0.00000000,0.00000000,0.00000000,0.00000000,0.00000000,0.00000000,0.00000000,0.00000000,0.00000000,0.00000000,0.00000000,0.00000000,NONE
R03284[K,p],0.00000000,0.00000000,0.00000000,0.00000000,0.00000000,0.00000000,0.00000000,0.00000000,0.00000000,0.00000000,0.00000000,0.00000000,0.00000000,0.00000000,0.00000000,0.00000000,0.00000000,0.00000000,0.00000000,0.00000000,0.00000000,0.00000000,0.00000000,0.00000000,0.00000000,0.00000000,NONE
R03291[K,p],0.00000000,0.00000000,0.00000000,0.00000000,0.00000000,0.00000000,0.00000000,0.00000000,0.00000000,0.00000000,0.00000000,0.00000000,0.00000000,0.00000000,0.00000000,0.00000000,0.00000000,0.00000000,0.00000000,0.00000000,0.00000000,0.00000000,0.00000000,0.00000000,0.00000000,0.00000000,NONE
R03293[K,p],0.00000000,0.00000000,0.00000000,0.00000000,0.00000000,0.00000000,0.00000000,0.00000000,0.00000000,0.00000000,0.00000000,0.00000000,0.00000000,0.00000000,0.00000000,0.00000000,0.00000000,0.00000000,0.00000000,0.00000000,0.00000000,0.00000000,0.00000000,0.00000000,0.00000000,0.00000000,NONE
R03300[K,m],0.00000000,0.00000000,0.00000000,0.00000000,0.00000000,0.00000000,0.00000000,0.00000000,0.00000000,0.00000000,0.00000000,0.00000000,0.00000000,0.00000000,0.00000000,0.00000000,0.00000000,0.00000000,0.00000000,0.00000000,0.00000000,0.00000000,0.00000000,0.00000000,0.00000000,0.00000000,NONE
R03313[K,c],0.00000000,0.00000000,0.00000000,0.00000000,0.00000000,0.00000000,0.00000000,0.00000000,0.00000000,0.00000000,0.00000000,0.00000000,0.00000000,0.00000000,0.00000000,0.00000000,0.00000000,0.00000000,0.00000000,0.00000000,0.00000000,0.00000000,0.00000000,0.00000000,0.00000000,0.00000000,NONE
R03321_mod[K,c],0.00000000,0.00000000,0.00000000,0.00000000,0.00000000,0.00000000,0.00000000,0.00000000,0.00000000,0.00000000,0.00000000,0.00000000,0.00000000,0.00000000,0.00000000,0.00000000,0.00000000,0.00000000,0.00000000,0.00000000,0.00000000,0.00000000,0.00000000,0.00000000,0.00000000,0.00000000,NONE
R03347[K,c],0.00000000,0.00000000,0.00000000,0.00000000,0.00000000,0.00000000,0.00000000,0.00000000,0.00000000,0.00000000,0.00000000,0.00000000,0.00000000,0.00000000,0.00000000,0.00000000,0.00000000,0.00000000,0.00000000,0.00000000,0.00000000,0.00000000,0.00000000,0.00000000,0.00000000,0.00000000,NONE
R03348[K,c],0.00000000,0.00000000,0.00000000,0.00000000,0.00000000,0.00000000,0.00000000,0.00000000,0.00000000,0.00000000,0.00000000,0.00000000,0.00000000,0.00000000,0.00000000,0.00000000,0.00000000,0.00000000,0.00000000,0.00000000,0.00000000,0.00000000,0.00000000,0.00000000,0.00000000,0.00000000,NONE
R03348[K,p],0.00000000,0.00000000,0.00000000,0.00000000,0.00000000,0.00000000,0.00000000,0.00000000,0.00000000,0.00000000,0.00000000,0.00000000,0.00000000,0.00000000,0.00000000,0.00000000,0.00000000,0.00000000,0.00000000,0.00000000,0.00000000,0.00000000,0.00000000,0.00000000,0.00000000,0.00000000,NONE
R03351[K,p],0.00000000,0.00000000,0.00000000,0.00000000,0.00000000,0.00000000,0.00000000,0.00000000,0.00000000,0.00000000,0.00000000,0.00000000,0.00000000,0.00000000,0.00000000,0.00000000,0.00000000,0.00000000,0.00000000,0.00000000,0.00000000,0.00000000,0.00000000,0.00000000,0.00000000,0.00000000,NONE
R03353[K,m],0.00000000,0.00000000,0.00000000,0.00000000,0.00000000,0.00000000,0.00000000,0.00000000,0.00000000,0.00000000,0.00000000,0.00000000,0.00000000,0.00000000,0.00000000,0.00000000,0.00000000,0.00000000,0.00000000,0.00000000,0.00000000,0.00000000,0.00000000,0.00000000,0.00000000,0.00000000,NONE
R03353[K,p],0.00000000,0.00000000,0.00000000,0.00000000,0.00000000,0.00000000,0.00000000,0.00000000,0.00000000,0.00000000,0.00000000,0.00000000,0.00000000,0.00000000,0.00000000,0.00000000,0.00000000,0.00000000,0.00000000,0.00000000,0.00000000,0.00000000,0.00000000,0.00000000,0.00000000,0.00000000,NONE
R03353[K,x],0.00000000,0.00000000,0.00000000,0.00000000,0.00000000,0.00000000,0.00000000,0.00000000,0.00000000,0.00000000,0.00000000,0.00000000,0.00000000,0.00000000,0.00000000,0.00000000,0.00000000,0.00000000,0.00000000,0.00000000,0.00000000,0.00000000,0.00000000,0.00000000,0.00000000,0.00000000,NONE
R03361[K,p],0.00000000,0.00000000,0.00000000,0.00000000,0.00000000,0.00000000,0.00000000,0.00000000,0.00000000,0.00000000,0.00000000,0.00000000,0.00000000,0.00000000,0.00000000,0.00000000,0.00000000,0.00000000,0.00000000,0.00000000,0.00000000,0.00000000,0.00000000,0.00000000,0.00000000,0.00000000,NONE
R03362[K,pm],0.00000000,0.00000000,0.00000000,0.00000000,0.00000000,0.00000000,0.00000000,0.00000000,0.00000000,0.00000000,0.00000000,0.00000000,0.00000000,0.00000000,0.00000000,0.00000000,0.00000000,0.00000000,0.00000000,0.00000000,0.00000000,0.00000000,0.00000000,0.00000000,0.00000000,0.00000000,NONE
R03372[K,c],0.00000000,0.00000000,0.00000000,0.00000000,0.00000000,0.00000000,0.00000000,0.00000000,0.00000000,0.00000000,0.00000000,0.00000000,0.00000000,0.00000000,0.00000000,0.00000000,0.00000000,0.00000000,0.00000000,0.00000000,0.00000000,0.00000000,0.00000000,0.00000000,0.00000000,0.00000000,NONE
R03372[K,p],0.00000000,0.00000000,0.00000000,0.00000000,0.00000000,0.00000000,0.00000000,0.00000000,0.00000000,0.00000000,0.00000000,0.00000000,0.00000000,0.00000000,0.00000000,0.00000000,0.00000000,0.00000000,0.00000000,0.00000000,0.00000000,0.00000000,0.00000000,0.00000000,0.00000000,0.00000000,NONE
R03375[K,c],0.00000000,0.00000000,0.00000000,0.00000000,0.00000000,0.00000000,0.00000000,0.00000000,0.00000000,0.00000000,0.00000000,0.00000000,0.00000000,0.00000000,0.00000000,0.00000000,0.00000000,0.00000000,0.00000000,0.00000000,0.00000000,0.00000000,0.00000000,0.00000000,0.00000000,0.00000000,NONE
R03393[K,p],0.00000000,0.00000000,0.00000000,0.00000000,0.00000000,0.00000000,0.00000000,0.00000000,0.00000000,0.00000000,0.00000000,0.00000000,0.00000000,0.00000000,0.00000000,0.00000000,0.00000000,0.00000000,0.00000000,0.00000000,0.00000000,0.00000000,0.00000000,0.00000000,0.00000000,0.00000000,NONE
R03402[K,p],0.00000000,0.00000000,0.00000000,0.00000000,0.00000000,0.00000000,0.00000000,0.00000000,0.00000000,0.00000000,0.00000000,0.00000000,0.00000000,0.00000000,0.00000000,0.00000000,0.00000000,0.00000000,0.00000000,0.00000000,0.00000000,0.00000000,0.00000000,0.00000000,0.00000000,0.00000000,NONE
R03408[K,p],0.00000000,0.00000000,0.00000000,0.00000000,0.00000000,0.00000000,0.00000000,0.00000000,0.00000000,0.00000000,0.00000000,0.00000000,0.00000000,0.00000000,0.00000000,0.00000000,0.00000000,0.00000000,0.00000000,0.00000000,0.00000000,0.00000000,0.00000000,0.00000000,0.00000000,0.00000000,NONE
R03418[K,c],0.00000000,0.00000000,0.00000000,0.00000000,0.00000000,0.00000000,0.00000000,0.00000000,0.00000000,0.00000000,0.00000000,0.00000000,0.00000000,0.00000000,0.00000000,0.00000000,0.00000000,0.00000000,0.00000000,0.00000000,0.00000000,0.00000000,0.00000000,0.00000000,0.00000000,0.00000000,NONE
R03425[K,m],0.00000000,0.00000000,0.00000000,0.00000000,0.00000000,0.00000000,0.00000000,0.00000000,0.00000000,0.00000000,0.00000000,0.00000000,0.00000000,0.00000000,0.00000000,0.00000000,0.00000000,0.00000000,0.00000000,0.00000000,0.00000000,0.00000000,0.00000000,0.00000000,0.00000000,0.00000000,NONE
R03427[K,m],0.00000000,0.00000000,0.00000000,0.00000000,0.00000000,0.00000000,0.00000000,0.00000000,0.00000000,0.00000000,0.00000000,0.00000000,0.00000000,0.00000000,0.00000000,0.00000000,0.00000000,0.00000000,0.00000000,0.00000000,0.00000000,0.00000000,0.00000000,0.00000000,0.00000000,0.00000000,NONE
R03427[K,p],0.00000000,0.00000000,0.00000000,0.00000000,0.00000000,0.00000000,0.00000000,0.00000000,0.00000000,0.00000000,0.00000000,0.00000000,0.00000000,0.00000000,0.00000000,0.00000000,0.00000000,0.00000000,0.00000000,0.00000000,0.00000000,0.00000000,0.00000000,0.00000000,0.00000000,0.00000000,NONE
R03427[K,x],0.00000000,0.00000000,0.00000000,0.00000000,0.00000000,0.00000000,0.00000000,0.00000000,0.00000000,0.00000000,0.00000000,0.00000000,0.00000000,0.00000000,0.00000000,0.00000000,0.00000000,0.00000000,0.00000000,0.00000000,0.00000000,0.00000000,0.00000000,0.00000000,0.00000000,0.00000000,NONE
R03428[K,c],0.00000000,0.00000000,0.00000000,0.00000000,0.00000000,0.00000000,0.00000000,0.00000000,0.00000000,0.00000000,0.00000000,0.00000000,0.00000000,0.00000000,0.00000000,0.00000000,0.00000000,0.00000000,0.00000000,0.00000000,0.00000000,0.00000000,0.00000000,0.00000000,0.00000000,0.00000000,NONE
R03429[K,c],0.00000000,0.00000000,0.00000000,0.00000000,0.00000000,0.00000000,0.00000000,0.00000000,0.00000000,0.00000000,0.00000000,0.00000000,0.00000000,0.00000000,0.00000000,0.00000000,0.00000000,0.00000000,0.00000000,0.00000000,0.00000000,0.00000000,0.00000000,0.00000000,0.00000000,0.00000000,NONE
R03457[K,p],0.00000000,0.00000000,0.00000000,0.00000000,0.00000000,0.00000000,0.00000000,0.00000000,0.00000000,0.00000000,0.00000000,0.00000000,0.00000000,0.00000000,0.00000000,0.00000000,0.00000000,0.00000000,0.00000000,0.00000000,0.00000000,0.00000000,0.00000000,0.00000000,0.00000000,0.00000000,NONE
R03467[K,c],0.00000000,0.00000000,0.00000000,0.00000000,0.00000000,0.00000000,0.00000000,0.00000000,0.00000000,0.00000000,0.00000000,0.00000000,0.00000000,0.00000000,0.00000000,0.00000000,0.00000000,0.00000000,0.00000000,0.00000000,0.00000000,0.00000000,0.00000000,0.00000000,0.00000000,0.00000000,NONE
R03469[K,p],0.00000000,0.00000000,0.00000000,0.00000000,0.00000000,0.00000000,0.00000000,0.00000000,0.00000000,0.00000000,0.00000000,0.00000000,0.00000000,0.00000000,0.00000000,0.00000000,0.00000000,0.00000000,0.00000000,0.00000000,0.00000000,0.00000000,0.00000000,0.00000000,0.00000000,0.00000000,NONE
R03472[K,p],0.00000000,0.00000000,0.00000000,0.00000000,0.00000000,0.00000000,0.00000000,0.00000000,0.00000000,0.00000000,0.00000000,0.00000000,0.00000000,0.00000000,0.00000000,0.00000000,0.00000000,0.00000000,0.00000000,0.00000000,0.00000000,0.00000000,0.00000000,0.00000000,0.00000000,0.00000000,NONE
R03479[K,p],0.00000000,0.00000000,0.00000000,0.00000000,0.00000000,0.00000000,0.00000000,0.00000000,0.00000000,0.00000000,0.00000000,0.00000000,0.00000000,0.00000000,0.00000000,0.00000000,0.00000000,0.00000000,0.00000000,0.00000000,0.00000000,0.00000000,0.00000000,0.00000000,0.00000000,0.00000000,NONE
R03493[K,c],0.00000000,0.00000000,0.00000000,0.00000000,0.00000000,0.00000000,0.00000000,0.00000000,0.00000000,0.00000000,0.00000000,0.00000000,0.00000000,0.00000000,0.00000000,0.00000000,0.00000000,0.00000000,0.00000000,0.00000000,0.00000000,0.00000000,0.00000000,0.00000000,0.00000000,0.00000000,NONE
R03493[K,p],0.00000000,0.00000000,0.00000000,0.00000000,0.00000000,0.00000000,0.00000000,0.00000000,0.00000000,0.00000000,0.00000000,0.00000000,0.00000000,0.00000000,0.00000000,0.00000000,0.00000000,0.00000000,0.00000000,0.00000000,0.00000000,0.00000000,0.00000000,0.00000000,0.00000000,0.00000000,NONE
R03493[K,x],0.00000000,0.00000000,0.00000000,0.00000000,0.00000000,0.00000000,0.00000000,0.00000000,0.00000000,0.00000000,0.00000000,0.00000000,0.00000000,0.00000000,0.00000000,0.00000000,0.00000000,0.00000000,0.00000000,0.00000000,0.00000000,0.00000000,0.00000000,0.00000000,0.00000000,0.00000000,NONE
R03494[K,c],0.00000000,0.00000000,0.00000000,0.00000000,0.00000000,0.00000000,0.00000000,0.00000000,0.00000000,0.00000000,0.00000000,0.00000000,0.00000000,0.00000000,0.00000000,0.00000000,0.00000000,0.00000000,0.00000000,0.00000000,0.00000000,0.00000000,0.00000000,0.00000000,0.00000000,0.00000000,NONE
R03494[K,p],0.00000000,0.00000000,0.00000000,0.00000000,0.00000000,0.00000000,0.00000000,0.00000000,0.00000000,0.00000000,0.00000000,0.00000000,0.00000000,0.00000000,0.00000000,0.00000000,0.00000000,0.00000000,0.00000000,0.00000000,0.00000000,0.00000000,0.00000000,0.00000000,0.00000000,0.00000000,NONE
R03494[K,x],0.00000000,0.00000000,0.00000000,0.00000000,0.00000000,0.00000000,0.00000000,0.00000000,0.00000000,0.00000000,0.00000000,0.00000000,0.00000000,0.00000000,0.00000000,0.00000000,0.00000000,0.00000000,0.00000000,0.00000000,0.00000000,0.00000000,0.00000000,0.00000000,0.00000000,0.00000000,NONE
R03503[K,m],0.00000000,0.00000000,0.00000000,0.00000000,0.00000000,0.00000000,0.00000000,0.00000000,0.00000000,0.00000000,0.00000000,0.00000000,0.00000000,0.00000000,0.00000000,0.00000000,0.00000000,0.00000000,0.00000000,0.00000000,0.00000000,0.00000000,0.00000000,0.00000000,0.00000000,0.00000000,NONE
R03503[K,p],0.00000000,0.00000000,0.00000000,0.00000000,0.00000000,0.00000000,0.00000000,0.00000000,0.00000000,0.00000000,0.00000000,0.00000000,0.00000000,0.00000000,0.00000000,0.00000000,0.00000000,0.00000000,0.00000000,0.00000000,0.00000000,0.00000000,0.00000000,0.00000000,0.00000000,0.00000000,NONE
R03508[K,p],0.00000000,0.00000000,0.00000000,0.00000000,0.00000000,0.00000000,0.00000000,0.00000000,0.00000000,0.00000000,0.00000000,0.00000000,0.00000000,0.00000000,0.00000000,0.00000000,0.00000000,0.00000000,0.00000000,0.00000000,0.00000000,0.00000000,0.00000000,0.00000000,0.00000000,0.00000000,NONE
R03509[K,p],0.00000000,0.00000000,0.00000000,0.00000000,0.00000000,0.00000000,0.00000000,0.00000000,0.00000000,0.00000000,0.00000000,0.00000000,0.00000000,0.00000000,0.00000000,0.00000000,0.00000000,0.00000000,0.00000000,0.00000000,0.00000000,0.00000000,0.00000000,0.00000000,0.00000000,0.00000000,NONE
R03522[K,p],0.00000000,0.00000000,0.00000000,0.00000000,0.00000000,0.00000000,0.00000000,0.00000000,0.00000000,0.00000000,0.00000000,0.00000000,0.00000000,0.00000000,0.00000000,0.00000000,0.00000000,0.00000000,0.00000000,0.00000000,0.00000000,0.00000000,0.00000000,0.00000000,0.00000000,0.00000000,NONE
R03524[K,c],0.00000000,0.00000000,0.00000000,0.00000000,0.00000000,0.00000000,0.00000000,0.00000000,0.00000000,0.00000000,0.00000000,0.00000000,0.00000000,0.00000000,0.00000000,0.00000000,0.00000000,0.00000000,0.00000000,0.00000000,0.00000000,0.00000000,0.00000000,0.00000000,0.00000000,0.00000000,NONE
R03527[K,p],0.00000000,0.00000000,0.00000000,0.00000000,0.00000000,0.00000000,0.00000000,0.00000000,0.00000000,0.00000000,0.00000000,0.00000000,0.00000000,0.00000000,0.00000000,0.00000000,0.00000000,0.00000000,0.00000000,0.00000000,0.00000000,0.00000000,0.00000000,0.00000000,0.00000000,0.00000000,NONE
R03530[K,p],0.00000000,0.00000000,0.00000000,0.00000000,0.00000000,0.00000000,0.00000000,0.00000000,0.00000000,0.00000000,0.00000000,0.00000000,0.00000000,0.00000000,0.00000000,0.00000000,0.00000000,0.00000000,0.00000000,0.00000000,0.00000000,0.00000000,0.00000000,0.00000000,0.00000000,0.00000000,NONE
R03540[K,c],0.00000000,0.00000000,0.00000000,0.00000000,0.00000000,0.00000000,0.00000000,0.00000000,0.00000000,0.00000000,0.00000000,0.00000000,0.00000000,0.00000000,0.00000000,0.00000000,0.00000000,0.00000000,0.00000000,0.00000000,0.00000000,0.00000000,0.00000000,0.00000000,0.00000000,0.00000000,NONE
R03540[K,p],0.00000000,0.00000000,0.00000000,0.00000000,0.00000000,0.00000000,0.00000000,0.00000000,0.00000000,0.00000000,0.00000000,0.00000000,0.00000000,0.00000000,0.00000000,0.00000000,0.00000000,0.00000000,0.00000000,0.00000000,0.00000000,0.00000000,0.00000000,0.00000000,0.00000000,0.00000000,NONE
R03546[K,c],0.00000000,0.00000000,0.00000000,0.00000000,0.00000000,0.00000000,0.00000000,0.00000000,0.00000000,0.00000000,0.00000000,0.00000000,0.00000000,0.00000000,0.00000000,0.00000000,0.00000000,0.00000000,0.00000000,0.00000000,0.00000000,0.00000000,0.00000000,0.00000000,0.00000000,0.00000000,NONE
R03546[K,m],0.00000000,0.00000000,0.00000000,0.00000000,0.00000000,0.00000000,0.00000000,0.00000000,0.00000000,0.00000000,0.00000000,0.00000000,0.00000000,0.00000000,0.00000000,0.00000000,0.00000000,0.00000000,0.00000000,0.00000000,0.00000000,0.00000000,0.00000000,0.00000000,0.00000000,0.00000000,NONE
R03546[K,p],0.00000000,0.00000000,0.00000000,0.00000000,0.00000000,0.00000000,0.00000000,0.00000000,0.00000000,0.00000000,0.00000000,0.00000000,0.00000000,0.00000000,0.00000000,0.00000000,0.00000000,0.00000000,0.00000000,0.00000000,0.00000000,0.00000000,0.00000000,0.00000000,0.00000000,0.00000000,NONE
R03552[K,c],0.00000000,0.00000000,0.00000000,0.00000000,0.00000000,0.00000000,0.00000000,0.00000000,0.00000000,0.00000000,0.00000000,0.00000000,0.00000000,0.00000000,0.00000000,0.00000000,0.00000000,0.00000000,0.00000000,0.00000000,0.00000000,0.00000000,0.00000000,0.00000000,0.00000000,0.00000000,NONE
R03572[K,p],0.00000000,0.00000000,0.00000000,0.00000000,0.00000000,0.00000000,0.00000000,0.00000000,0.00000000,0.00000000,0.00000000,0.00000000,0.00000000,0.00000000,0.00000000,0.00000000,0.00000000,0.00000000,0.00000000,0.00000000,0.00000000,0.00000000,0.00000000,0.00000000,0.00000000,0.00000000,NONE
R03599[K,p],0.00000000,0.00000000,0.00000000,0.00000000,0.00000000,0.00000000,0.00000000,0.00000000,0.00000000,0.00000000,0.00000000,0.00000000,0.00000000,0.00000000,0.00000000,0.00000000,0.00000000,0.00000000,0.00000000,0.00000000,0.00000000,0.00000000,0.00000000,0.00000000,0.00000000,0.00000000,NONE
R03600[K,p],0.00000000,0.00000000,0.00000000,0.00000000,0.00000000,0.00000000,0.00000000,0.00000000,0.00000000,0.00000000,0.00000000,0.00000000,0.00000000,0.00000000,0.00000000,0.00000000,0.00000000,0.00000000,0.00000000,0.00000000,0.00000000,0.00000000,0.00000000,0.00000000,0.00000000,0.00000000,NONE
R03632[K,c],0.00000000,0.00000000,0.00000000,0.00000000,0.00000000,0.00000000,0.00000000,0.00000000,0.00000000,0.00000000,0.00000000,0.00000000,0.00000000,0.00000000,0.00000000,0.00000000,0.00000000,0.00000000,0.00000000,0.00000000,0.00000000,0.00000000,0.00000000,0.00000000,0.00000000,0.00000000,NONE
R03640[K,c],0.00000000,0.00000000,0.00000000,0.00000000,0.00000000,0.00000000,0.00000000,0.00000000,0.00000000,0.00000000,0.00000000,0.00000000,0.00000000,0.00000000,0.00000000,0.00000000,0.00000000,0.00000000,0.00000000,0.00000000,0.00000000,0.00000000,0.00000000,0.00000000,0.00000000,0.00000000,NONE
R03646[K,p],0.00000000,0.00000000,0.00000000,0.00000000,0.00000000,0.00000000,0.00000000,0.00000000,0.00000000,0.00000000,0.00000000,0.00000000,0.00000000,0.00000000,0.00000000,0.00000000,0.00000000,0.00000000,0.00000000,0.00000000,0.00000000,0.00000000,0.00000000,0.00000000,0.00000000,0.00000000,NONE
R03648[K,m],0.00000000,0.00000000,0.00000000,0.00000000,0.00000000,0.00000000,0.00000000,0.00000000,0.00000000,0.00000000,0.00000000,0.00000000,0.00000000,0.00000000,0.00000000,0.00000000,0.00000000,0.00000000,0.00000000,0.00000000,0.00000000,0.00000000,0.00000000,0.00000000,0.00000000,0.00000000,NONE
R03648[K,p],0.00000000,0.00000000,0.00000000,0.00000000,0.00000000,0.00000000,0.00000000,0.00000000,0.00000000,0.00000000,0.00000000,0.00000000,0.00000000,0.00000000,0.00000000,0.00000000,0.00000000,0.00000000,0.00000000,0.00000000,0.00000000,0.00000000,0.00000000,0.00000000,0.00000000,0.00000000,NONE
R03650[K,m],0.00000000,0.00000000,0.00000000,0.00000000,0.00000000,0.00000000,0.00000000,0.00000000,0.00000000,0.00000000,0.00000000,0.00000000,0.00000000,0.00000000,0.00000000,0.00000000,0.00000000,0.00000000,0.00000000,0.00000000,0.00000000,0.00000000,0.00000000,0.00000000,0.00000000,0.00000000,NONE
R03652[K,m],0.00000000,0.00000000,0.00000000,0.00000000,0.00000000,0.00000000,0.00000000,0.00000000,0.00000000,0.00000000,0.00000000,0.00000000,0.00000000,0.00000000,0.00000000,0.00000000,0.00000000,0.00000000,0.00000000,0.00000000,0.00000000,0.00000000,0.00000000,0.00000000,0.00000000,0.00000000,NONE
R03652[K,p],0.00000000,0.00000000,0.00000000,0.00000000,0.00000000,0.00000000,0.00000000,0.00000000,0.00000000,0.00000000,0.00000000,0.00000000,0.00000000,0.00000000,0.00000000,0.00000000,0.00000000,0.00000000,0.00000000,0.00000000,0.00000000,0.00000000,0.00000000,0.00000000,0.00000000,0.00000000,NONE
R03652[K,x],0.00000000,0.00000000,0.00000000,0.00000000,0.00000000,0.00000000,0.00000000,0.00000000,0.00000000,0.00000000,0.00000000,0.00000000,0.00000000,0.00000000,0.00000000,0.00000000,0.00000000,0.00000000,0.00000000,0.00000000,0.00000000,0.00000000,0.00000000,0.00000000,0.00000000,0.00000000,NONE
R03655[K,p],0.00000000,0.00000000,0.00000000,0.00000000,0.00000000,0.00000000,0.00000000,0.00000000,0.00000000,0.00000000,0.00000000,0.00000000,0.00000000,0.00000000,0.00000000,0.00000000,0.00000000,0.00000000,0.00000000,0.00000000,0.00000000,0.00000000,0.00000000,0.00000000,0.00000000,0.00000000,NONE
R03656[K,c],0.00000000,0.00000000,0.00000000,0.00000000,0.00000000,0.00000000,0.00000000,0.00000000,0.00000000,0.00000000,0.00000000,0.00000000,0.00000000,0.00000000,0.00000000,0.00000000,0.00000000,0.00000000,0.00000000,0.00000000,0.00000000,0.00000000,0.00000000,0.00000000,0.00000000,0.00000000,NONE
R03656[K,m],0.00000000,0.00000000,0.00000000,0.00000000,0.00000000,0.00000000,0.00000000,0.00000000,0.00000000,0.00000000,0.00000000,0.00000000,0.00000000,0.00000000,0.00000000,0.00000000,0.00000000,0.00000000,0.00000000,0.00000000,0.00000000,0.00000000,0.00000000,0.00000000,0.00000000,0.00000000,NONE
R03656[K,p],0.00000000,0.00000000,0.00000000,0.00000000,0.00000000,0.00000000,0.00000000,0.00000000,0.00000000,0.00000000,0.00000000,0.00000000,0.00000000,0.00000000,0.00000000,0.00000000,0.00000000,0.00000000,0.00000000,0.00000000,0.00000000,0.00000000,0.00000000,0.00000000,0.00000000,0.00000000,NONE
R03657[K,c],0.00000000,0.00000000,0.00000000,0.00000000,0.00000000,0.00000000,0.00000000,0.00000000,0.00000000,0.00000000,0.00000000,0.00000000,0.00000000,0.00000000,0.00000000,0.00000000,0.00000000,0.00000000,0.00000000,0.00000000,0.00000000,0.00000000,0.00000000,0.00000000,0.00000000,0.00000000,NONE
R03657[K,m],0.00000000,0.00000000,0.00000000,0.00000000,0.00000000,0.00000000,0.00000000,0.00000000,0.00000000,0.00000000,0.00000000,0.00000000,0.00000000,0.00000000,0.00000000,0.00000000,0.00000000,0.00000000,0.00000000,0.00000000,0.00000000,0.00000000,0.00000000,0.00000000,0.00000000,0.00000000,NONE
R03657[K,p],0.00000000,0.00000000,0.00000000,0.00000000,0.00000000,0.00000000,0.00000000,0.00000000,0.00000000,0.00000000,0.00000000,0.00000000,0.00000000,0.00000000,0.00000000,0.00000000,0.00000000,0.00000000,0.00000000,0.00000000,0.00000000,0.00000000,0.00000000,0.00000000,0.00000000,0.00000000,NONE
R03658[K,m],0.00000000,0.00000000,0.00000000,0.00000000,0.00000000,0.00000000,0.00000000,0.00000000,0.00000000,0.00000000,0.00000000,0.00000000,0.00000000,0.00000000,0.00000000,0.00000000,0.00000000,0.00000000,0.00000000,0.00000000,0.00000000,0.00000000,0.00000000,0.00000000,0.00000000,0.00000000,NONE
R03658[K,p],0.00000000,0.00000000,0.00000000,0.00000000,0.00000000,0.00000000,0.00000000,0.00000000,0.00000000,0.00000000,0.00000000,0.00000000,0.00000000,0.00000000,0.00000000,0.00000000,0.00000000,0.00000000,0.00000000,0.00000000,0.00000000,0.00000000,0.00000000,0.00000000,0.00000000,0.00000000,NONE
R03659[K,p],0.00000000,0.00000000,0.00000000,0.00000000,0.00000000,0.00000000,0.00000000,0.00000000,0.00000000,0.00000000,0.00000000,0.00000000,0.00000000,0.00000000,0.00000000,0.00000000,0.00000000,0.00000000,0.00000000,0.00000000,0.00000000,0.00000000,0.00000000,0.00000000,0.00000000,0.00000000,NONE
R03660[K,p],0.00000000,0.00000000,0.00000000,0.00000000,0.00000000,0.00000000,0.00000000,0.00000000,0.00000000,0.00000000,0.00000000,0.00000000,0.00000000,0.00000000,0.00000000,0.00000000,0.00000000,0.00000000,0.00000000,0.00000000,0.00000000,0.00000000,0.00000000,0.00000000,0.00000000,0.00000000,NONE
R03661[K,m],0.00000000,0.00000000,0.00000000,0.00000000,0.00000000,0.00000000,0.00000000,0.00000000,0.00000000,0.00000000,0.00000000,0.00000000,0.00000000,0.00000000,0.00000000,0.00000000,0.00000000,0.00000000,0.00000000,0.00000000,0.00000000,0.00000000,0.00000000,0.00000000,0.00000000,0.00000000,NONE
R03661[K,p],0.00000000,0.00000000,0.00000000,0.00000000,0.00000000,0.00000000,0.00000000,0.00000000,0.00000000,0.00000000,0.00000000,0.00000000,0.00000000,0.00000000,0.00000000,0.00000000,0.00000000,0.00000000,0.00000000,0.00000000,0.00000000,0.00000000,0.00000000,0.00000000,0.00000000,0.00000000,NONE
R03662[K,p],0.00000000,0.00000000,0.00000000,0.00000000,0.00000000,0.00000000,0.00000000,0.00000000,0.00000000,0.00000000,0.00000000,0.00000000,0.00000000,0.00000000,0.00000000,0.00000000,0.00000000,0.00000000,0.00000000,0.00000000,0.00000000,0.00000000,0.00000000,0.00000000,0.00000000,0.00000000,NONE
R03663[K,m],0.00000000,0.00000000,0.00000000,0.00000000,0.00000000,0.00000000,0.00000000,0.00000000,0.00000000,0.00000000,0.00000000,0.00000000,0.00000000,0.00000000,0.00000000,0.00000000,0.00000000,0.00000000,0.00000000,0.00000000,0.00000000,0.00000000,0.00000000,0.00000000,0.00000000,0.00000000,NONE
R03664[K,p],0.00000000,0.00000000,0.00000000,0.00000000,0.00000000,0.00000000,0.00000000,0.00000000,0.00000000,0.00000000,0.00000000,0.00000000,0.00000000,0.00000000,0.00000000,0.00000000,0.00000000,0.00000000,0.00000000,0.00000000,0.00000000,0.00000000,0.00000000,0.00000000,0.00000000,0.00000000,NONE
R03665[K,c],0.00000000,0.00000000,0.00000000,0.00000000,0.00000000,0.00000000,0.00000000,0.00000000,0.00000000,0.00000000,0.00000000,0.00000000,0.00000000,0.00000000,0.00000000,0.00000000,0.00000000,0.00000000,0.00000000,0.00000000,0.00000000,0.00000000,0.00000000,0.00000000,0.00000000,0.00000000,NONE
R03665[K,m],0.00000000,0.00000000,0.00000000,0.00000000,0.00000000,0.00000000,0.00000000,0.00000000,0.00000000,0.00000000,0.00000000,0.00000000,0.00000000,0.00000000,0.00000000,0.00000000,0.00000000,0.00000000,0.00000000,0.00000000,0.00000000,0.00000000,0.00000000,0.00000000,0.00000000,0.00000000,NONE
R03710[K,p],0.00000000,0.00000000,0.00000000,0.00000000,0.00000000,0.00000000,0.00000000,0.00000000,0.00000000,0.00000000,0.00000000,0.00000000,0.00000000,0.00000000,0.00000000,0.00000000,0.00000000,0.00000000,0.00000000,0.00000000,0.00000000,0.00000000,0.00000000,0.00000000,0.00000000,0.00000000,NONE
R03738[K,c],0.00000000,0.00000000,0.00000000,0.00000000,0.00000000,0.00000000,0.00000000,0.00000000,0.00000000,0.00000000,0.00000000,0.00000000,0.00000000,0.00000000,0.00000000,0.00000000,0.00000000,0.00000000,0.00000000,0.00000000,0.00000000,0.00000000,0.00000000,0.00000000,0.00000000,0.00000000,NONE
R03775[K,c],0.00000000,0.00000000,0.00000000,0.00000000,0.00000000,0.00000000,0.00000000,0.00000000,0.00000000,0.00000000,0.00000000,0.00000000,0.00000000,0.00000000,0.00000000,0.00000000,0.00000000,0.00000000,0.00000000,0.00000000,0.00000000,0.00000000,0.00000000,0.00000000,0.00000000,0.00000000,NONE
R03777[K,x],0.00000000,0.00000000,0.00000000,0.00000000,0.00000000,0.00000000,0.00000000,0.00000000,0.00000000,0.00000000,0.00000000,0.00000000,0.00000000,0.00000000,0.00000000,0.00000000,0.00000000,0.00000000,0.00000000,0.00000000,0.00000000,0.00000000,0.00000000,0.00000000,0.00000000,0.00000000,NONE
R03788[K,c],0.00000000,0.00000000,0.00000000,0.00000000,0.00000000,0.00000000,0.00000000,0.00000000,0.00000000,0.00000000,0.00000000,0.00000000,0.00000000,0.00000000,0.00000000,0.00000000,0.00000000,0.00000000,0.00000000,0.00000000,0.00000000,0.00000000,0.00000000,0.00000000,0.00000000,0.00000000,NONE
R03789[K,c],0.00000000,0.00000000,0.00000000,0.00000000,0.00000000,0.00000000,0.00000000,0.00000000,0.00000000,0.00000000,0.00000000,0.00000000,0.00000000,0.00000000,0.00000000,0.00000000,0.00000000,0.00000000,0.00000000,0.00000000,0.00000000,0.00000000,0.00000000,0.00000000,0.00000000,0.00000000,NONE
R03805[K,c],0.00000000,0.00000000,0.00000000,0.00000000,0.00000000,0.00000000,0.00000000,0.00000000,0.00000000,0.00000000,0.00000000,0.00000000,0.00000000,0.00000000,0.00000000,0.00000000,0.00000000,0.00000000,0.00000000,0.00000000,0.00000000,0.00000000,0.00000000,0.00000000,0.00000000,0.00000000,NONE
R03806[K,c],0.00000000,0.00000000,0.00000000,0.00000000,0.00000000,0.00000000,0.00000000,0.00000000,0.00000000,0.00000000,0.00000000,0.00000000,0.00000000,0.00000000,0.00000000,0.00000000,0.00000000,0.00000000,0.00000000,0.00000000,0.00000000,0.00000000,0.00000000,0.00000000,0.00000000,0.00000000,NONE
R03840[K,c],0.00000000,0.00000000,0.00000000,0.00000000,0.00000000,0.00000000,0.00000000,0.00000000,0.00000000,0.00000000,0.00000000,0.00000000,0.00000000,0.00000000,0.00000000,0.00000000,0.00000000,0.00000000,0.00000000,0.00000000,0.00000000,0.00000000,0.00000000,0.00000000,0.00000000,0.00000000,NONE
R03857[K,x],0.00000000,0.00000000,0.00000000,0.00000000,0.00000000,0.00000000,0.00000000,0.00000000,0.00000000,0.00000000,0.00000000,0.00000000,0.00000000,0.00000000,0.00000000,0.00000000,0.00000000,0.00000000,0.00000000,0.00000000,0.00000000,0.00000000,0.00000000,0.00000000,0.00000000,0.00000000,NONE
R03869[K,x],0.00000000,0.00000000,0.00000000,0.00000000,0.00000000,0.00000000,0.00000000,0.00000000,0.00000000,0.00000000,0.00000000,0.00000000,0.00000000,0.00000000,0.00000000,0.00000000,0.00000000,0.00000000,0.00000000,0.00000000,0.00000000,0.00000000,0.00000000,0.00000000,0.00000000,0.00000000,NONE
R03871[K,c],0.00000000,0.00000000,0.00000000,0.00000000,0.00000000,0.00000000,0.00000000,0.00000000,0.00000000,0.00000000,0.00000000,0.00000000,0.00000000,0.00000000,0.00000000,0.00000000,0.00000000,0.00000000,0.00000000,0.00000000,0.00000000,0.00000000,0.00000000,0.00000000,0.00000000,0.00000000,NONE
R03876[K,c],0.00000000,0.00000000,0.00000000,0.00000000,0.00000000,0.00000000,0.00000000,0.00000000,0.00000000,0.00000000,0.00000000,0.00000000,0.00000000,0.00000000,0.00000000,0.00000000,0.00000000,0.00000000,0.00000000,0.00000000,0.00000000,0.00000000,0.00000000,0.00000000,0.00000000,0.00000000,NONE
R03876[K,pm],0.00000000,0.00000000,0.00000000,0.00000000,0.00000000,0.00000000,0.00000000,0.00000000,0.00000000,0.00000000,0.00000000,0.00000000,0.00000000,0.00000000,0.00000000,0.00000000,0.00000000,0.00000000,0.00000000,0.00000000,0.00000000,0.00000000,0.00000000,0.00000000,0.00000000,0.00000000,NONE
R03893_mod[K,p],0.00000000,0.00000000,0.00000000,0.00000000,0.00000000,0.00000000,0.00000000,0.00000000,0.00000000,0.00000000,0.00000000,0.00000000,0.00000000,0.00000000,0.00000000,0.00000000,0.00000000,0.00000000,0.00000000,0.00000000,0.00000000,0.00000000,0.00000000,0.00000000,0.00000000,0.00000000,NONE
R03896[K,p],0.00000000,0.00000000,0.00000000,0.00000000,0.00000000,0.00000000,0.00000000,0.00000000,0.00000000,0.00000000,0.00000000,0.00000000,0.00000000,0.00000000,0.00000000,0.00000000,0.00000000,0.00000000,0.00000000,0.00000000,0.00000000,0.00000000,0.00000000,0.00000000,0.00000000,0.00000000,NONE
R03919[K,m],0.00000000,0.00000000,0.00000000,0.00000000,0.00000000,0.00000000,0.00000000,0.00000000,0.00000000,0.00000000,0.00000000,0.00000000,0.00000000,0.00000000,0.00000000,0.00000000,0.00000000,0.00000000,0.00000000,0.00000000,0.00000000,0.00000000,0.00000000,0.00000000,0.00000000,0.00000000,NONE
R03919[K,p],0.00000000,0.00000000,0.00000000,0.00000000,0.00000000,0.00000000,0.00000000,0.00000000,0.00000000,0.00000000,0.00000000,0.00000000,0.00000000,0.00000000,0.00000000,0.00000000,0.00000000,0.00000000,0.00000000,0.00000000,0.00000000,0.00000000,0.00000000,0.00000000,0.00000000,0.00000000,NONE
R03919[K,x],0.00000000,0.00000000,0.00000000,0.00000000,0.00000000,0.00000000,0.00000000,0.00000000,0.00000000,0.00000000,0.00000000,0.00000000,0.00000000,0.00000000,0.00000000,0.00000000,0.00000000,0.00000000,0.00000000,0.00000000,0.00000000,0.00000000,0.00000000,0.00000000,0.00000000,0.00000000,NONE
R03938[K,c],0.00000000,0.00000000,0.00000000,0.00000000,0.00000000,0.00000000,0.00000000,0.00000000,0.00000000,0.00000000,0.00000000,0.00000000,0.00000000,0.00000000,0.00000000,0.00000000,0.00000000,0.00000000,0.00000000,0.00000000,0.00000000,0.00000000,0.00000000,0.00000000,0.00000000,0.00000000,NONE
R03955[K,c],0.00000000,0.00000000,0.00000000,0.00000000,0.00000000,0.00000000,0.00000000,0.00000000,0.00000000,0.00000000,0.00000000,0.00000000,0.00000000,0.00000000,0.00000000,0.00000000,0.00000000,0.00000000,0.00000000,0.00000000,0.00000000,0.00000000,0.00000000,0.00000000,0.00000000,0.00000000,NONE
R03955[K,m],0.00000000,0.00000000,0.00000000,0.00000000,0.00000000,0.00000000,0.00000000,0.00000000,0.00000000,0.00000000,0.00000000,0.00000000,0.00000000,0.00000000,0.00000000,0.00000000,0.00000000,0.00000000,0.00000000,0.00000000,0.00000000,0.00000000,0.00000000,0.00000000,0.00000000,0.00000000,NONE
R03955[K,p],0.00000000,0.00000000,0.00000000,0.00000000,0.00000000,0.00000000,0.00000000,0.00000000,0.00000000,0.00000000,0.00000000,0.00000000,0.00000000,0.00000000,0.00000000,0.00000000,0.00000000,0.00000000,0.00000000,0.00000000,0.00000000,0.00000000,0.00000000,0.00000000,0.00000000,0.00000000,NONE
R03955[K,x],0.00000000,0.00000000,0.00000000,0.00000000,0.00000000,0.00000000,0.00000000,0.00000000,0.00000000,0.00000000,0.00000000,0.00000000,0.00000000,0.00000000,0.00000000,0.00000000,0.00000000,0.00000000,0.00000000,0.00000000,0.00000000,0.00000000,0.00000000,0.00000000,0.00000000,0.00000000,NONE
R03983[K,c],0.00000000,0.00000000,0.00000000,0.00000000,0.00000000,0.00000000,0.00000000,0.00000000,0.00000000,0.00000000,0.00000000,0.00000000,0.00000000,0.00000000,0.00000000,0.00000000,0.00000000,0.00000000,0.00000000,0.00000000,0.00000000,0.00000000,0.00000000,0.00000000,0.00000000,0.00000000,NONE
R03990[K,x],0.00000000,0.00000000,0.00000000,0.00000000,0.00000000,0.00000000,0.00000000,0.00000000,0.00000000,0.00000000,0.00000000,0.00000000,0.00000000,0.00000000,0.00000000,0.00000000,0.00000000,0.00000000,0.00000000,0.00000000,0.00000000,0.00000000,0.00000000,0.00000000,0.00000000,0.00000000,NONE
R03992[K,c],0.00000000,0.00000000,0.00000000,0.00000000,0.00000000,0.00000000,0.00000000,0.00000000,0.00000000,0.00000000,0.00000000,0.00000000,0.00000000,0.00000000,0.00000000,0.00000000,0.00000000,0.00000000,0.00000000,0.00000000,0.00000000,0.00000000,0.00000000,0.00000000,0.00000000,0.00000000,NONE
R04007[K,m],0.00000000,0.00000000,0.00000000,0.00000000,0.00000000,0.00000000,0.00000000,0.00000000,0.00000000,0.00000000,0.00000000,0.00000000,0.00000000,0.00000000,0.00000000,0.00000000,0.00000000,0.00000000,0.00000000,0.00000000,0.00000000,0.00000000,0.00000000,0.00000000,0.00000000,0.00000000,NONE
R04007[K,p],0.00000000,0.00000000,0.00000000,0.00000000,0.00000000,0.00000000,0.00000000,0.00000000,0.00000000,0.00000000,0.00000000,0.00000000,0.00000000,0.00000000,0.00000000,0.00000000,0.00000000,0.00000000,0.00000000,0.00000000,0.00000000,0.00000000,0.00000000,0.00000000,0.00000000,0.00000000,NONE
R04007[K,x],0.00000000,0.00000000,0.00000000,0.00000000,0.00000000,0.00000000,0.00000000,0.00000000,0.00000000,0.00000000,0.00000000,0.00000000,0.00000000,0.00000000,0.00000000,0.00000000,0.00000000,0.00000000,0.00000000,0.00000000,0.00000000,0.00000000,0.00000000,0.00000000,0.00000000,0.00000000,NONE
R04014[K,p],0.00000000,0.00000000,0.00000000,0.00000000,0.00000000,0.00000000,0.00000000,0.00000000,0.00000000,0.00000000,0.00000000,0.00000000,0.00000000,0.00000000,0.00000000,0.00000000,0.00000000,0.00000000,0.00000000,0.00000000,0.00000000,0.00000000,0.00000000,0.00000000,0.00000000,0.00000000,NONE
R04020[K,p],0.00000000,0.00000000,0.00000000,0.00000000,0.00000000,0.00000000,0.00000000,0.00000000,0.00000000,0.00000000,0.00000000,0.00000000,0.00000000,0.00000000,0.00000000,0.00000000,0.00000000,0.00000000,0.00000000,0.00000000,0.00000000,0.00000000,0.00000000,0.00000000,0.00000000,0.00000000,NONE
R04027[K,m],0.00000000,0.00000000,0.00000000,0.00000000,0.00000000,0.00000000,0.00000000,0.00000000,0.00000000,0.00000000,0.00000000,0.00000000,0.00000000,0.00000000,0.00000000,0.00000000,0.00000000,0.00000000,0.00000000,0.00000000,0.00000000,0.00000000,0.00000000,0.00000000,0.00000000,0.00000000,NONE
R04027[K,p],0.00000000,0.00000000,0.00000000,0.00000000,0.00000000,0.00000000,0.00000000,0.00000000,0.00000000,0.00000000,0.00000000,0.00000000,0.00000000,0.00000000,0.00000000,0.00000000,0.00000000,0.00000000,0.00000000,0.00000000,0.00000000,0.00000000,0.00000000,0.00000000,0.00000000,0.00000000,NONE
R04027[K,x],0.00000000,0.00000000,0.00000000,0.00000000,0.00000000,0.00000000,0.00000000,0.00000000,0.00000000,0.00000000,0.00000000,0.00000000,0.00000000,0.00000000,0.00000000,0.00000000,0.00000000,0.00000000,0.00000000,0.00000000,0.00000000,0.00000000,0.00000000,0.00000000,0.00000000,0.00000000,NONE
R04035[K,p],0.00000000,0.00000000,0.00000000,0.00000000,0.00000000,0.00000000,0.00000000,0.00000000,0.00000000,0.00000000,0.00000000,0.00000000,0.00000000,0.00000000,0.00000000,0.00000000,0.00000000,0.00000000,0.00000000,0.00000000,0.00000000,0.00000000,0.00000000,0.00000000,0.00000000,0.00000000,NONE
R04037[K,p],0.00000000,0.00000000,0.00000000,0.00000000,0.00000000,0.00000000,0.00000000,0.00000000,0.00000000,0.00000000,0.00000000,0.00000000,0.00000000,0.00000000,0.00000000,0.00000000,0.00000000,0.00000000,0.00000000,0.00000000,0.00000000,0.00000000,0.00000000,0.00000000,0.00000000,0.00000000,NONE
R04065[K,m],0.00000000,0.00000000,0.00000000,0.00000000,0.00000000,0.00000000,0.00000000,0.00000000,0.00000000,0.00000000,0.00000000,0.00000000,0.00000000,0.00000000,0.00000000,0.00000000,0.00000000,0.00000000,0.00000000,0.00000000,0.00000000,0.00000000,0.00000000,0.00000000,0.00000000,0.00000000,NONE
R04090[K,c],0.00000000,0.00000000,0.00000000,0.00000000,0.00000000,0.00000000,0.00000000,0.00000000,0.00000000,0.00000000,0.00000000,0.00000000,0.00000000,0.00000000,0.00000000,0.00000000,0.00000000,0.00000000,0.00000000,0.00000000,0.00000000,0.00000000,0.00000000,0.00000000,0.00000000,0.00000000,NONE
R04095[K,m],0.00000000,0.00000000,0.00000000,0.00000000,0.00000000,0.00000000,0.00000000,0.00000000,0.00000000,0.00000000,0.00000000,0.00000000,0.00000000,0.00000000,0.00000000,0.00000000,0.00000000,0.00000000,0.00000000,0.00000000,0.00000000,0.00000000,0.00000000,0.00000000,0.00000000,0.00000000,NONE
R04120[K,p],0.00000000,0.00000000,0.00000000,0.00000000,0.00000000,0.00000000,0.00000000,0.00000000,0.00000000,0.00000000,0.00000000,0.00000000,0.00000000,0.00000000,0.00000000,0.00000000,0.00000000,0.00000000,0.00000000,0.00000000,0.00000000,0.00000000,0.00000000,0.00000000,0.00000000,0.00000000,NONE
R04131[K,p],0.00000000,0.00000000,0.00000000,0.00000000,0.00000000,0.00000000,0.00000000,0.00000000,0.00000000,0.00000000,0.00000000,0.00000000,0.00000000,0.00000000,0.00000000,0.00000000,0.00000000,0.00000000,0.00000000,0.00000000,0.00000000,0.00000000,0.00000000,0.00000000,0.00000000,0.00000000,NONE
R04137[K,x],0.00000000,0.00000000,0.00000000,0.00000000,0.00000000,0.00000000,0.00000000,0.00000000,0.00000000,0.00000000,0.00000000,0.00000000,0.00000000,0.00000000,0.00000000,0.00000000,0.00000000,0.00000000,0.00000000,0.00000000,0.00000000,0.00000000,0.00000000,0.00000000,0.00000000,0.00000000,NONE
R04138[K,m],0.00000000,0.00000000,0.00000000,0.00000000,0.00000000,0.00000000,0.00000000,0.00000000,0.00000000,0.00000000,0.00000000,0.00000000,0.00000000,0.00000000,0.00000000,0.00000000,0.00000000,0.00000000,0.00000000,0.00000000,0.00000000,0.00000000,0.00000000,0.00000000,0.00000000,0.00000000,NONE
R04143[K,c],0.00000000,0.00000000,0.00000000,0.00000000,0.00000000,0.00000000,0.00000000,0.00000000,0.00000000,0.00000000,0.00000000,0.00000000,0.00000000,0.00000000,0.00000000,0.00000000,0.00000000,0.00000000,0.00000000,0.00000000,0.00000000,0.00000000,0.00000000,0.00000000,0.00000000,0.00000000,NONE
R04147[K,m],0.00000000,0.00000000,0.00000000,0.00000000,0.00000000,0.00000000,0.00000000,0.00000000,0.00000000,0.00000000,0.00000000,0.00000000,0.00000000,0.00000000,0.00000000,0.00000000,0.00000000,0.00000000,0.00000000,0.00000000,0.00000000,0.00000000,0.00000000,0.00000000,0.00000000,0.00000000,NONE
R04147[K,p],0.00000000,0.00000000,0.00000000,0.00000000,0.00000000,0.00000000,0.00000000,0.00000000,0.00000000,0.00000000,0.00000000,0.00000000,0.00000000,0.00000000,0.00000000,0.00000000,0.00000000,0.00000000,0.00000000,0.00000000,0.00000000,0.00000000,0.00000000,0.00000000,0.00000000,0.00000000,NONE
R04147[K,x],0.00000000,0.00000000,0.00000000,0.00000000,0.00000000,0.00000000,0.00000000,0.00000000,0.00000000,0.00000000,0.00000000,0.00000000,0.00000000,0.00000000,0.00000000,0.00000000,0.00000000,0.00000000,0.00000000,0.00000000,0.00000000,0.00000000,0.00000000,0.00000000,0.00000000,0.00000000,NONE
R04190[K,c],0.00000000,0.00000000,0.00000000,0.00000000,0.00000000,0.00000000,0.00000000,0.00000000,0.00000000,0.00000000,0.00000000,0.00000000,0.00000000,0.00000000,0.00000000,0.00000000,0.00000000,0.00000000,0.00000000,0.00000000,0.00000000,0.00000000,0.00000000,0.00000000,0.00000000,0.00000000,NONE
R04198[K,c],0.00000000,0.00000000,0.00000000,0.00000000,0.00000000,0.00000000,0.00000000,0.00000000,0.00000000,0.00000000,0.00000000,0.00000000,0.00000000,0.00000000,0.00000000,0.00000000,0.00000000,0.00000000,0.00000000,0.00000000,0.00000000,0.00000000,0.00000000,0.00000000,0.00000000,0.00000000,NONE
R04199[K,c],0.00000000,0.00000000,0.00000000,0.00000000,0.00000000,0.00000000,0.00000000,0.00000000,0.00000000,0.00000000,0.00000000,0.00000000,0.00000000,0.00000000,0.00000000,0.00000000,0.00000000,0.00000000,0.00000000,0.00000000,0.00000000,0.00000000,0.00000000,0.00000000,0.00000000,0.00000000,NONE
R04203[K,m],0.00000000,0.00000000,0.00000000,0.00000000,0.00000000,0.00000000,0.00000000,0.00000000,0.00000000,0.00000000,0.00000000,0.00000000,0.00000000,0.00000000,0.00000000,0.00000000,0.00000000,0.00000000,0.00000000,0.00000000,0.00000000,0.00000000,0.00000000,0.00000000,0.00000000,0.00000000,NONE
R04203[K,x],0.00000000,0.00000000,0.00000000,0.00000000,0.00000000,0.00000000,0.00000000,0.00000000,0.00000000,0.00000000,0.00000000,0.00000000,0.00000000,0.00000000,0.00000000,0.00000000,0.00000000,0.00000000,0.00000000,0.00000000,0.00000000,0.00000000,0.00000000,0.00000000,0.00000000,0.00000000,NONE
R04204[K,m],0.00000000,0.00000000,0.00000000,0.00000000,0.00000000,0.00000000,0.00000000,0.00000000,0.00000000,0.00000000,0.00000000,0.00000000,0.00000000,0.00000000,0.00000000,0.00000000,0.00000000,0.00000000,0.00000000,0.00000000,0.00000000,0.00000000,0.00000000,0.00000000,0.00000000,0.00000000,NONE
R04204[K,x],0.00000000,0.00000000,0.00000000,0.00000000,0.00000000,0.00000000,0.00000000,0.00000000,0.00000000,0.00000000,0.00000000,0.00000000,0.00000000,0.00000000,0.00000000,0.00000000,0.00000000,0.00000000,0.00000000,0.00000000,0.00000000,0.00000000,0.00000000,0.00000000,0.00000000,0.00000000,NONE
R04209[K,p],0.00000000,0.00000000,0.00000000,0.00000000,0.00000000,0.00000000,0.00000000,0.00000000,0.00000000,0.00000000,0.00000000,0.00000000,0.00000000,0.00000000,0.00000000,0.00000000,0.00000000,0.00000000,0.00000000,0.00000000,0.00000000,0.00000000,0.00000000,0.00000000,0.00000000,0.00000000,NONE
R04224[K,x],0.00000000,0.00000000,0.00000000,0.00000000,0.00000000,0.00000000,0.00000000,0.00000000,0.00000000,0.00000000,0.00000000,0.00000000,0.00000000,0.00000000,0.00000000,0.00000000,0.00000000,0.00000000,0.00000000,0.00000000,0.00000000,0.00000000,0.00000000,0.00000000,0.00000000,0.00000000,NONE
R04238[K,c],0.00000000,0.00000000,0.00000000,0.00000000,0.00000000,0.00000000,0.00000000,0.00000000,0.00000000,0.00000000,0.00000000,0.00000000,0.00000000,0.00000000,0.00000000,0.00000000,0.00000000,0.00000000,0.00000000,0.00000000,0.00000000,0.00000000,0.00000000,0.00000000,0.00000000,0.00000000,NONE
R04257[K,p],0.00000000,0.00000000,0.00000000,0.00000000,0.00000000,0.00000000,0.00000000,0.00000000,0.00000000,0.00000000,0.00000000,0.00000000,0.00000000,0.00000000,0.00000000,0.00000000,0.00000000,0.00000000,0.00000000,0.00000000,0.00000000,0.00000000,0.00000000,0.00000000,0.00000000,0.00000000,NONE
R04273[K,p],0.00000000,0.00000000,0.00000000,0.00000000,0.00000000,0.00000000,0.00000000,0.00000000,0.00000000,0.00000000,0.00000000,0.00000000,0.00000000,0.00000000,0.00000000,0.00000000,0.00000000,0.00000000,0.00000000,0.00000000,0.00000000,0.00000000,0.00000000,0.00000000,0.00000000,0.00000000,NONE
R04283[K,c],0.00000000,0.00000000,0.00000000,0.00000000,0.00000000,0.00000000,0.00000000,0.00000000,0.00000000,0.00000000,0.00000000,0.00000000,0.00000000,0.00000000,0.00000000,0.00000000,0.00000000,0.00000000,0.00000000,0.00000000,0.00000000,0.00000000,0.00000000,0.00000000,0.00000000,0.00000000,NONE
R04294[K,m],0.00000000,0.00000000,0.00000000,0.00000000,0.00000000,0.00000000,0.00000000,0.00000000,0.00000000,0.00000000,0.00000000,0.00000000,0.00000000,0.00000000,0.00000000,0.00000000,0.00000000,0.00000000,0.00000000,0.00000000,0.00000000,0.00000000,0.00000000,0.00000000,0.00000000,0.00000000,NONE
R04300[K,c],0.00000000,0.00000000,0.00000000,0.00000000,0.00000000,0.00000000,0.00000000,0.00000000,0.00000000,0.00000000,0.00000000,0.00000000,0.00000000,0.00000000,0.00000000,0.00000000,0.00000000,0.00000000,0.00000000,0.00000000,0.00000000,0.00000000,0.00000000,0.00000000,0.00000000,0.00000000,NONE
R04300[K,m],0.00000000,0.00000000,0.00000000,0.00000000,0.00000000,0.00000000,0.00000000,0.00000000,0.00000000,0.00000000,0.00000000,0.00000000,0.00000000,0.00000000,0.00000000,0.00000000,0.00000000,0.00000000,0.00000000,0.00000000,0.00000000,0.00000000,0.00000000,0.00000000,0.00000000,0.00000000,NONE
R04300[K,p],0.00000000,0.00000000,0.00000000,0.00000000,0.00000000,0.00000000,0.00000000,0.00000000,0.00000000,0.00000000,0.00000000,0.00000000,0.00000000,0.00000000,0.00000000,0.00000000,0.00000000,0.00000000,0.00000000,0.00000000,0.00000000,0.00000000,0.00000000,0.00000000,0.00000000,0.00000000,NONE
R04300[K,x],0.00000000,0.00000000,0.00000000,0.00000000,0.00000000,0.00000000,0.00000000,0.00000000,0.00000000,0.00000000,0.00000000,0.00000000,0.00000000,0.00000000,0.00000000,0.00000000,0.00000000,0.00000000,0.00000000,0.00000000,0.00000000,0.00000000,0.00000000,0.00000000,0.00000000,0.00000000,NONE
R04304[K,p],0.00000000,0.00000000,0.00000000,0.00000000,0.00000000,0.00000000,0.00000000,0.00000000,0.00000000,0.00000000,0.00000000,0.00000000,0.00000000,0.00000000,0.00000000,0.00000000,0.00000000,0.00000000,0.00000000,0.00000000,0.00000000,0.00000000,0.00000000,0.00000000,0.00000000,0.00000000,NONE
R04313[K,m],0.00000000,0.00000000,0.00000000,0.00000000,0.00000000,0.00000000,0.00000000,0.00000000,0.00000000,0.00000000,0.00000000,0.00000000,0.00000000,0.00000000,0.00000000,0.00000000,0.00000000,0.00000000,0.00000000,0.00000000,0.00000000,0.00000000,0.00000000,0.00000000,0.00000000,0.00000000,NONE
R04313[K,p],0.00000000,0.00000000,0.00000000,0.00000000,0.00000000,0.00000000,0.00000000,0.00000000,0.00000000,0.00000000,0.00000000,0.00000000,0.00000000,0.00000000,0.00000000,0.00000000,0.00000000,0.00000000,0.00000000,0.00000000,0.00000000,0.00000000,0.00000000,0.00000000,0.00000000,0.00000000,NONE
R04313[K,x],0.00000000,0.00000000,0.00000000,0.00000000,0.00000000,0.00000000,0.00000000,0.00000000,0.00000000,0.00000000,0.00000000,0.00000000,0.00000000,0.00000000,0.00000000,0.00000000,0.00000000,0.00000000,0.00000000,0.00000000,0.00000000,0.00000000,0.00000000,0.00000000,0.00000000,0.00000000,NONE
R04355[K,p],0.00000000,0.00000000,0.00000000,0.00000000,0.00000000,0.00000000,0.00000000,0.00000000,0.00000000,0.00000000,0.00000000,0.00000000,0.00000000,0.00000000,0.00000000,0.00000000,0.00000000,0.00000000,0.00000000,0.00000000,0.00000000,0.00000000,0.00000000,0.00000000,0.00000000,0.00000000,NONE
R04361[K,c],0.00000000,0.00000000,0.00000000,0.00000000,0.00000000,0.00000000,0.00000000,0.00000000,0.00000000,0.00000000,0.00000000,0.00000000,0.00000000,0.00000000,0.00000000,0.00000000,0.00000000,0.00000000,0.00000000,0.00000000,0.00000000,0.00000000,0.00000000,0.00000000,0.00000000,0.00000000,NONE
R04361[K,m],0.00000000,0.00000000,0.00000000,0.00000000,0.00000000,0.00000000,0.00000000,0.00000000,0.00000000,0.00000000,0.00000000,0.00000000,0.00000000,0.00000000,0.00000000,0.00000000,0.00000000,0.00000000,0.00000000,0.00000000,0.00000000,0.00000000,0.00000000,0.00000000,0.00000000,0.00000000,NONE
R04361[K,p],0.00000000,0.00000000,0.00000000,0.00000000,0.00000000,0.00000000,0.00000000,0.00000000,0.00000000,0.00000000,0.00000000,0.00000000,0.00000000,0.00000000,0.00000000,0.00000000,0.00000000,0.00000000,0.00000000,0.00000000,0.00000000,0.00000000,0.00000000,0.00000000,0.00000000,0.00000000,NONE
R04361[K,x],0.00000000,0.00000000,0.00000000,0.00000000,0.00000000,0.00000000,0.00000000,0.00000000,0.00000000,0.00000000,0.00000000,0.00000000,0.00000000,0.00000000,0.00000000,0.00000000,0.00000000,0.00000000,0.00000000,0.00000000,0.00000000,0.00000000,0.00000000,0.00000000,0.00000000,0.00000000,NONE
R04377[K,m],0.00000000,0.00000000,0.00000000,0.00000000,0.00000000,0.00000000,0.00000000,0.00000000,0.00000000,0.00000000,0.00000000,0.00000000,0.00000000,0.00000000,0.00000000,0.00000000,0.00000000,0.00000000,0.00000000,0.00000000,0.00000000,0.00000000,0.00000000,0.00000000,0.00000000,0.00000000,NONE
R04377[K,p],0.00000000,0.00000000,0.00000000,0.00000000,0.00000000,0.00000000,0.00000000,0.00000000,0.00000000,0.00000000,0.00000000,0.00000000,0.00000000,0.00000000,0.00000000,0.00000000,0.00000000,0.00000000,0.00000000,0.00000000,0.00000000,0.00000000,0.00000000,0.00000000,0.00000000,0.00000000,NONE
R04377[K,x],0.00000000,0.00000000,0.00000000,0.00000000,0.00000000,0.00000000,0.00000000,0.00000000,0.00000000,0.00000000,0.00000000,0.00000000,0.00000000,0.00000000,0.00000000,0.00000000,0.00000000,0.00000000,0.00000000,0.00000000,0.00000000,0.00000000,0.00000000,0.00000000,0.00000000,0.00000000,NONE
R04378[K,c],0.00000000,0.00000000,0.00000000,0.00000000,0.00000000,0.00000000,0.00000000,0.00000000,0.00000000,0.00000000,0.00000000,0.00000000,0.00000000,0.00000000,0.00000000,0.00000000,0.00000000,0.00000000,0.00000000,0.00000000,0.00000000,0.00000000,0.00000000,0.00000000,0.00000000,0.00000000,NONE
R04405[K,c],0.00000000,0.00000000,0.00000000,0.00000000,0.00000000,0.00000000,0.00000000,0.00000000,0.00000000,0.00000000,0.00000000,0.00000000,0.00000000,0.00000000,0.00000000,0.00000000,0.00000000,0.00000000,0.00000000,0.00000000,0.00000000,0.00000000,0.00000000,0.00000000,0.00000000,0.00000000,NONE
R04405[K,p],0.00000000,0.00000000,0.00000000,0.00000000,0.00000000,0.00000000,0.00000000,0.00000000,0.00000000,0.00000000,0.00000000,0.00000000,0.00000000,0.00000000,0.00000000,0.00000000,0.00000000,0.00000000,0.00000000,0.00000000,0.00000000,0.00000000,0.00000000,0.00000000,0.00000000,0.00000000,NONE
R04420[K,c],0.00000000,0.00000000,0.00000000,0.00000000,0.00000000,0.00000000,0.00000000,0.00000000,0.00000000,0.00000000,0.00000000,0.00000000,0.00000000,0.00000000,0.00000000,0.00000000,0.00000000,0.00000000,0.00000000,0.00000000,0.00000000,0.00000000,0.00000000,0.00000000,0.00000000,0.00000000,NONE
R04427[K,m],0.00000000,0.00000000,0.00000000,0.00000000,0.00000000,0.00000000,0.00000000,0.00000000,0.00000000,0.00000000,0.00000000,0.00000000,0.00000000,0.00000000,0.00000000,0.00000000,0.00000000,0.00000000,0.00000000,0.00000000,0.00000000,0.00000000,0.00000000,0.00000000,0.00000000,0.00000000,NONE
R04427[K,p],0.00000000,0.00000000,0.00000000,0.00000000,0.00000000,0.00000000,0.00000000,0.00000000,0.00000000,0.00000000,0.00000000,0.00000000,0.00000000,0.00000000,0.00000000,0.00000000,0.00000000,0.00000000,0.00000000,0.00000000,0.00000000,0.00000000,0.00000000,0.00000000,0.00000000,0.00000000,NONE
R04427[K,x],0.00000000,0.00000000,0.00000000,0.00000000,0.00000000,0.00000000,0.00000000,0.00000000,0.00000000,0.00000000,0.00000000,0.00000000,0.00000000,0.00000000,0.00000000,0.00000000,0.00000000,0.00000000,0.00000000,0.00000000,0.00000000,0.00000000,0.00000000,0.00000000,0.00000000,0.00000000,NONE
R04432[K,p],0.00000000,0.00000000,0.00000000,0.00000000,0.00000000,0.00000000,0.00000000,0.00000000,0.00000000,0.00000000,0.00000000,0.00000000,0.00000000,0.00000000,0.00000000,0.00000000,0.00000000,0.00000000,0.00000000,0.00000000,0.00000000,0.00000000,0.00000000,0.00000000,0.00000000,0.00000000,NONE
R04433[K,m],0.00000000,0.00000000,0.00000000,0.00000000,0.00000000,0.00000000,0.00000000,0.00000000,0.00000000,0.00000000,0.00000000,0.00000000,0.00000000,0.00000000,0.00000000,0.00000000,0.00000000,0.00000000,0.00000000,0.00000000,0.00000000,0.00000000,0.00000000,0.00000000,0.00000000,0.00000000,NONE
R04437[K,c],0.00000000,0.00000000,0.00000000,0.00000000,0.00000000,0.00000000,0.00000000,0.00000000,0.00000000,0.00000000,0.00000000,0.00000000,0.00000000,0.00000000,0.00000000,0.00000000,0.00000000,0.00000000,0.00000000,0.00000000,0.00000000,0.00000000,0.00000000,0.00000000,0.00000000,0.00000000,NONE
R04444[K,c],0.00000000,0.00000000,0.00000000,0.00000000,0.00000000,0.00000000,0.00000000,0.00000000,0.00000000,0.00000000,0.00000000,0.00000000,0.00000000,0.00000000,0.00000000,0.00000000,0.00000000,0.00000000,0.00000000,0.00000000,0.00000000,0.00000000,0.00000000,0.00000000,0.00000000,0.00000000,NONE
R04444[K,m],0.00000000,0.00000000,0.00000000,0.00000000,0.00000000,0.00000000,0.00000000,0.00000000,0.00000000,0.00000000,0.00000000,0.00000000,0.00000000,0.00000000,0.00000000,0.00000000,0.00000000,0.00000000,0.00000000,0.00000000,0.00000000,0.00000000,0.00000000,0.00000000,0.00000000,0.00000000,NONE
R04445[K,p],0.00000000,0.00000000,0.00000000,0.00000000,0.00000000,0.00000000,0.00000000,0.00000000,0.00000000,0.00000000,0.00000000,0.00000000,0.00000000,0.00000000,0.00000000,0.00000000,0.00000000,0.00000000,0.00000000,0.00000000,0.00000000,0.00000000,0.00000000,0.00000000,0.00000000,0.00000000,NONE
R04457[K,p],0.00000000,0.00000000,0.00000000,0.00000000,0.00000000,0.00000000,0.00000000,0.00000000,0.00000000,0.00000000,0.00000000,0.00000000,0.00000000,0.00000000,0.00000000,0.00000000,0.00000000,0.00000000,0.00000000,0.00000000,0.00000000,0.00000000,0.00000000,0.00000000,0.00000000,0.00000000,NONE
R04463[K,p],0.00000000,0.00000000,0.00000000,0.00000000,0.00000000,0.00000000,0.00000000,0.00000000,0.00000000,0.00000000,0.00000000,0.00000000,0.00000000,0.00000000,0.00000000,0.00000000,0.00000000,0.00000000,0.00000000,0.00000000,0.00000000,0.00000000,0.00000000,0.00000000,0.00000000,0.00000000,NONE
R04469[K,p],0.00000000,0.00000000,0.00000000,0.00000000,0.00000000,0.00000000,0.00000000,0.00000000,0.00000000,0.00000000,0.00000000,0.00000000,0.00000000,0.00000000,0.00000000,0.00000000,0.00000000,0.00000000,0.00000000,0.00000000,0.00000000,0.00000000,0.00000000,0.00000000,0.00000000,0.00000000,NONE
R04506[K,c],0.00000000,0.00000000,0.00000000,0.00000000,0.00000000,0.00000000,0.00000000,0.00000000,0.00000000,0.00000000,0.00000000,0.00000000,0.00000000,0.00000000,0.00000000,0.00000000,0.00000000,0.00000000,0.00000000,0.00000000,0.00000000,0.00000000,0.00000000,0.00000000,0.00000000,0.00000000,NONE
R04513[K,p],0.00000000,0.00000000,0.00000000,0.00000000,0.00000000,0.00000000,0.00000000,0.00000000,0.00000000,0.00000000,0.00000000,0.00000000,0.00000000,0.00000000,0.00000000,0.00000000,0.00000000,0.00000000,0.00000000,0.00000000,0.00000000,0.00000000,0.00000000,0.00000000,0.00000000,0.00000000,NONE
R04531[K,c],0.00000000,0.00000000,0.00000000,0.00000000,0.00000000,0.00000000,0.00000000,0.00000000,0.00000000,0.00000000,0.00000000,0.00000000,0.00000000,0.00000000,0.00000000,0.00000000,0.00000000,0.00000000,0.00000000,0.00000000,0.00000000,0.00000000,0.00000000,0.00000000,0.00000000,0.00000000,NONE
R04545[K,p],0.00000000,0.00000000,0.00000000,0.00000000,0.00000000,0.00000000,0.00000000,0.00000000,0.00000000,0.00000000,0.00000000,0.00000000,0.00000000,0.00000000,0.00000000,0.00000000,0.00000000,0.00000000,0.00000000,0.00000000,0.00000000,0.00000000,0.00000000,0.00000000,0.00000000,0.00000000,NONE
R04558[K,p],0.00000000,0.00000000,0.00000000,0.00000000,0.00000000,0.00000000,0.00000000,0.00000000,0.00000000,0.00000000,0.00000000,0.00000000,0.00000000,0.00000000,0.00000000,0.00000000,0.00000000,0.00000000,0.00000000,0.00000000,0.00000000,0.00000000,0.00000000,0.00000000,0.00000000,0.00000000,NONE
R04559[K,m],0.00000000,0.00000000,0.00000000,0.00000000,0.00000000,0.00000000,0.00000000,0.00000000,0.00000000,0.00000000,0.00000000,0.00000000,0.00000000,0.00000000,0.00000000,0.00000000,0.00000000,0.00000000,0.00000000,0.00000000,0.00000000,0.00000000,0.00000000,0.00000000,0.00000000,0.00000000,NONE
R04559[K,p],0.00000000,0.00000000,0.00000000,0.00000000,0.00000000,0.00000000,0.00000000,0.00000000,0.00000000,0.00000000,0.00000000,0.00000000,0.00000000,0.00000000,0.00000000,0.00000000,0.00000000,0.00000000,0.00000000,0.00000000,0.00000000,0.00000000,0.00000000,0.00000000,0.00000000,0.00000000,NONE
R04560[K,p],0.00000000,0.00000000,0.00000000,0.00000000,0.00000000,0.00000000,0.00000000,0.00000000,0.00000000,0.00000000,0.00000000,0.00000000,0.00000000,0.00000000,0.00000000,0.00000000,0.00000000,0.00000000,0.00000000,0.00000000,0.00000000,0.00000000,0.00000000,0.00000000,0.00000000,0.00000000,NONE
R04591[K,p],0.00000000,0.00000000,0.00000000,0.00000000,0.00000000,0.00000000,0.00000000,0.00000000,0.00000000,0.00000000,0.00000000,0.00000000,0.00000000,0.00000000,0.00000000,0.00000000,0.00000000,0.00000000,0.00000000,0.00000000,0.00000000,0.00000000,0.00000000,0.00000000,0.00000000,0.00000000,NONE
R04621[K,p],0.00000000,0.00000000,0.00000000,0.00000000,0.00000000,0.00000000,0.00000000,0.00000000,0.00000000,0.00000000,0.00000000,0.00000000,0.00000000,0.00000000,0.00000000,0.00000000,0.00000000,0.00000000,0.00000000,0.00000000,0.00000000,0.00000000,0.00000000,0.00000000,0.00000000,0.00000000,NONE
R04638[K,p],0.00000000,0.00000000,0.00000000,0.00000000,0.00000000,0.00000000,0.00000000,0.00000000,0.00000000,0.00000000,0.00000000,0.00000000,0.00000000,0.00000000,0.00000000,0.00000000,0.00000000,0.00000000,0.00000000,0.00000000,0.00000000,0.00000000,0.00000000,0.00000000,0.00000000,0.00000000,NONE
R04640[K,p],0.00000000,0.00000000,0.00000000,0.00000000,0.00000000,0.00000000,0.00000000,0.00000000,0.00000000,0.00000000,0.00000000,0.00000000,0.00000000,0.00000000,0.00000000,0.00000000,0.00000000,0.00000000,0.00000000,0.00000000,0.00000000,0.00000000,0.00000000,0.00000000,0.00000000,0.00000000,NONE
R04656[K,c],0.00000000,0.00000000,0.00000000,0.00000000,0.00000000,0.00000000,0.00000000,0.00000000,0.00000000,0.00000000,0.00000000,0.00000000,0.00000000,0.00000000,0.00000000,0.00000000,0.00000000,0.00000000,0.00000000,0.00000000,0.00000000,0.00000000,0.00000000,0.00000000,0.00000000,0.00000000,NONE
R04666[K,c],0.00000000,0.00000000,0.00000000,0.00000000,0.00000000,0.00000000,0.00000000,0.00000000,0.00000000,0.00000000,0.00000000,0.00000000,0.00000000,0.00000000,0.00000000,0.00000000,0.00000000,0.00000000,0.00000000,0.00000000,0.00000000,0.00000000,0.00000000,0.00000000,0.00000000,0.00000000,NONE
R04666[K,m],0.00000000,0.00000000,0.00000000,0.00000000,0.00000000,0.00000000,0.00000000,0.00000000,0.00000000,0.00000000,0.00000000,0.00000000,0.00000000,0.00000000,0.00000000,0.00000000,0.00000000,0.00000000,0.00000000,0.00000000,0.00000000,0.00000000,0.00000000,0.00000000,0.00000000,0.00000000,NONE
R04666[K,p],0.00000000,0.00000000,0.00000000,0.00000000,0.00000000,0.00000000,0.00000000,0.00000000,0.00000000,0.00000000,0.00000000,0.00000000,0.00000000,0.00000000,0.00000000,0.00000000,0.00000000,0.00000000,0.00000000,0.00000000,0.00000000,0.00000000,0.00000000,0.00000000,0.00000000,0.00000000,NONE
R04666[K,pm],0.00000000,0.00000000,0.00000000,0.00000000,0.00000000,0.00000000,0.00000000,0.00000000,0.00000000,0.00000000,0.00000000,0.00000000,0.00000000,0.00000000,0.00000000,0.00000000,0.00000000,0.00000000,0.00000000,0.00000000,0.00000000,0.00000000,0.00000000,0.00000000,0.00000000,0.00000000,NONE
R04666[K,x],0.00000000,0.00000000,0.00000000,0.00000000,0.00000000,0.00000000,0.00000000,0.00000000,0.00000000,0.00000000,0.00000000,0.00000000,0.00000000,0.00000000,0.00000000,0.00000000,0.00000000,0.00000000,0.00000000,0.00000000,0.00000000,0.00000000,0.00000000,0.00000000,0.00000000,0.00000000,NONE
R04671[K,c],0.00000000,0.00000000,0.00000000,0.00000000,0.00000000,0.00000000,0.00000000,0.00000000,0.00000000,0.00000000,0.00000000,0.00000000,0.00000000,0.00000000,0.00000000,0.00000000,0.00000000,0.00000000,0.00000000,0.00000000,0.00000000,0.00000000,0.00000000,0.00000000,0.00000000,0.00000000,NONE
R04711[K,p],0.00000000,0.00000000,0.00000000,0.00000000,0.00000000,0.00000000,0.00000000,0.00000000,0.00000000,0.00000000,0.00000000,0.00000000,0.00000000,0.00000000,0.00000000,0.00000000,0.00000000,0.00000000,0.00000000,0.00000000,0.00000000,0.00000000,0.00000000,0.00000000,0.00000000,0.00000000,NONE
R04718[K,c],0.00000000,0.00000000,0.00000000,0.00000000,0.00000000,0.00000000,0.00000000,0.00000000,0.00000000,0.00000000,0.00000000,0.00000000,0.00000000,0.00000000,0.00000000,0.00000000,0.00000000,0.00000000,0.00000000,0.00000000,0.00000000,0.00000000,0.00000000,0.00000000,0.00000000,0.00000000,NONE
R04726[K,c],0.00000000,0.00000000,0.00000000,0.00000000,0.00000000,0.00000000,0.00000000,0.00000000,0.00000000,0.00000000,0.00000000,0.00000000,0.00000000,0.00000000,0.00000000,0.00000000,0.00000000,0.00000000,0.00000000,0.00000000,0.00000000,0.00000000,0.00000000,0.00000000,0.00000000,0.00000000,NONE
R04726[K,m],0.00000000,0.00000000,0.00000000,0.00000000,0.00000000,0.00000000,0.00000000,0.00000000,0.00000000,0.00000000,0.00000000,0.00000000,0.00000000,0.00000000,0.00000000,0.00000000,0.00000000,0.00000000,0.00000000,0.00000000,0.00000000,0.00000000,0.00000000,0.00000000,0.00000000,0.00000000,NONE
R04726[K,x],0.00000000,0.00000000,0.00000000,0.00000000,0.00000000,0.00000000,0.00000000,0.00000000,0.00000000,0.00000000,0.00000000,0.00000000,0.00000000,0.00000000,0.00000000,0.00000000,0.00000000,0.00000000,0.00000000,0.00000000,0.00000000,0.00000000,0.00000000,0.00000000,0.00000000,0.00000000,NONE
R04737[K,x],0.00000000,0.00000000,0.00000000,0.00000000,0.00000000,0.00000000,0.00000000,0.00000000,0.00000000,0.00000000,0.00000000,0.00000000,0.00000000,0.00000000,0.00000000,0.00000000,0.00000000,0.00000000,0.00000000,0.00000000,0.00000000,0.00000000,0.00000000,0.00000000,0.00000000,0.00000000,NONE
R04739[K,x],0.00000000,0.00000000,0.00000000,0.00000000,0.00000000,0.00000000,0.00000000,0.00000000,0.00000000,0.00000000,0.00000000,0.00000000,0.00000000,0.00000000,0.00000000,0.00000000,0.00000000,0.00000000,0.00000000,0.00000000,0.00000000,0.00000000,0.00000000,0.00000000,0.00000000,0.00000000,NONE
R04741[K,x],0.00000000,0.00000000,0.00000000,0.00000000,0.00000000,0.00000000,0.00000000,0.00000000,0.00000000,0.00000000,0.00000000,0.00000000,0.00000000,0.00000000,0.00000000,0.00000000,0.00000000,0.00000000,0.00000000,0.00000000,0.00000000,0.00000000,0.00000000,0.00000000,0.00000000,0.00000000,NONE
R04743[K,x],0.00000000,0.00000000,0.00000000,0.00000000,0.00000000,0.00000000,0.00000000,0.00000000,0.00000000,0.00000000,0.00000000,0.00000000,0.00000000,0.00000000,0.00000000,0.00000000,0.00000000,0.00000000,0.00000000,0.00000000,0.00000000,0.00000000,0.00000000,0.00000000,0.00000000,0.00000000,NONE
R04745[K,x],0.00000000,0.00000000,0.00000000,0.00000000,0.00000000,0.00000000,0.00000000,0.00000000,0.00000000,0.00000000,0.00000000,0.00000000,0.00000000,0.00000000,0.00000000,0.00000000,0.00000000,0.00000000,0.00000000,0.00000000,0.00000000,0.00000000,0.00000000,0.00000000,0.00000000,0.00000000,NONE
R04748[K,x],0.00000000,0.00000000,0.00000000,0.00000000,0.00000000,0.00000000,0.00000000,0.00000000,0.00000000,0.00000000,0.00000000,0.00000000,0.00000000,0.00000000,0.00000000,0.00000000,0.00000000,0.00000000,0.00000000,0.00000000,0.00000000,0.00000000,0.00000000,0.00000000,0.00000000,0.00000000,NONE
R04751[K,x],0.00000000,0.00000000,0.00000000,0.00000000,0.00000000,0.00000000,0.00000000,0.00000000,0.00000000,0.00000000,0.00000000,0.00000000,0.00000000,0.00000000,0.00000000,0.00000000,0.00000000,0.00000000,0.00000000,0.00000000,0.00000000,0.00000000,0.00000000,0.00000000,0.00000000,0.00000000,NONE
R04754[K,x],0.00000000,0.00000000,0.00000000,0.00000000,0.00000000,0.00000000,0.00000000,0.00000000,0.00000000,0.00000000,0.00000000,0.00000000,0.00000000,0.00000000,0.00000000,0.00000000,0.00000000,0.00000000,0.00000000,0.00000000,0.00000000,0.00000000,0.00000000,0.00000000,0.00000000,0.00000000,NONE
R04764[K,p],0.00000000,0.00000000,0.00000000,0.00000000,0.00000000,0.00000000,0.00000000,0.00000000,0.00000000,0.00000000,0.00000000,0.00000000,0.00000000,0.00000000,0.00000000,0.00000000,0.00000000,0.00000000,0.00000000,0.00000000,0.00000000,0.00000000,0.00000000,0.00000000,0.00000000,0.00000000,NONE
R04771[K,c],0.00000000,0.00000000,0.00000000,0.00000000,0.00000000,0.00000000,0.00000000,0.00000000,0.00000000,0.00000000,0.00000000,0.00000000,0.00000000,0.00000000,0.00000000,0.00000000,0.00000000,0.00000000,0.00000000,0.00000000,0.00000000,0.00000000,0.00000000,0.00000000,0.00000000,0.00000000,NONE
R04771[K,p],0.00000000,0.00000000,0.00000000,0.00000000,0.00000000,0.00000000,0.00000000,0.00000000,0.00000000,0.00000000,0.00000000,0.00000000,0.00000000,0.00000000,0.00000000,0.00000000,0.00000000,0.00000000,0.00000000,0.00000000,0.00000000,0.00000000,0.00000000,0.00000000,0.00000000,0.00000000,NONE
R04773[K,p],0.00000000,0.00000000,0.00000000,0.00000000,0.00000000,0.00000000,0.00000000,0.00000000,0.00000000,0.00000000,0.00000000,0.00000000,0.00000000,0.00000000,0.00000000,0.00000000,0.00000000,0.00000000,0.00000000,0.00000000,0.00000000,0.00000000,0.00000000,0.00000000,0.00000000,0.00000000,NONE
R04783[K,c],0.00000000,0.00000000,0.00000000,0.00000000,0.00000000,0.00000000,0.00000000,0.00000000,0.00000000,0.00000000,0.00000000,0.00000000,0.00000000,0.00000000,0.00000000,0.00000000,0.00000000,0.00000000,0.00000000,0.00000000,0.00000000,0.00000000,0.00000000,0.00000000,0.00000000,0.00000000,NONE
R04786_mod[K,p],0.00000000,0.00000000,0.00000000,0.00000000,0.00000000,0.00000000,0.00000000,0.00000000,0.00000000,0.00000000,0.00000000,0.00000000,0.00000000,0.00000000,0.00000000,0.00000000,0.00000000,0.00000000,0.00000000,0.00000000,0.00000000,0.00000000,0.00000000,0.00000000,0.00000000,0.00000000,NONE
R04787[K,p],0.00000000,0.00000000,0.00000000,0.00000000,0.00000000,0.00000000,0.00000000,0.00000000,0.00000000,0.00000000,0.00000000,0.00000000,0.00000000,0.00000000,0.00000000,0.00000000,0.00000000,0.00000000,0.00000000,0.00000000,0.00000000,0.00000000,0.00000000,0.00000000,0.00000000,0.00000000,NONE
R04804[K,m],0.00000000,0.00000000,0.00000000,0.00000000,0.00000000,0.00000000,0.00000000,0.00000000,0.00000000,0.00000000,0.00000000,0.00000000,0.00000000,0.00000000,0.00000000,0.00000000,0.00000000,0.00000000,0.00000000,0.00000000,0.00000000,0.00000000,0.00000000,0.00000000,0.00000000,0.00000000,NONE
R04804[K,p],0.00000000,0.00000000,0.00000000,0.00000000,0.00000000,0.00000000,0.00000000,0.00000000,0.00000000,0.00000000,0.00000000,0.00000000,0.00000000,0.00000000,0.00000000,0.00000000,0.00000000,0.00000000,0.00000000,0.00000000,0.00000000,0.00000000,0.00000000,0.00000000,0.00000000,0.00000000,NONE
R04804[K,x],0.00000000,0.00000000,0.00000000,0.00000000,0.00000000,0.00000000,0.00000000,0.00000000,0.00000000,0.00000000,0.00000000,0.00000000,0.00000000,0.00000000,0.00000000,0.00000000,0.00000000,0.00000000,0.00000000,0.00000000,0.00000000,0.00000000,0.00000000,0.00000000,0.00000000,0.00000000,NONE
R04809[K,m],0.00000000,0.00000000,0.00000000,0.00000000,0.00000000,0.00000000,0.00000000,0.00000000,0.00000000,0.00000000,0.00000000,0.00000000,0.00000000,0.00000000,0.00000000,0.00000000,0.00000000,0.00000000,0.00000000,0.00000000,0.00000000,0.00000000,0.00000000,0.00000000,0.00000000,0.00000000,NONE
R04809[K,p],0.00000000,0.00000000,0.00000000,0.00000000,0.00000000,0.00000000,0.00000000,0.00000000,0.00000000,0.00000000,0.00000000,0.00000000,0.00000000,0.00000000,0.00000000,0.00000000,0.00000000,0.00000000,0.00000000,0.00000000,0.00000000,0.00000000,0.00000000,0.00000000,0.00000000,0.00000000,NONE
R04809[K,x],0.00000000,0.00000000,0.00000000,0.00000000,0.00000000,0.00000000,0.00000000,0.00000000,0.00000000,0.00000000,0.00000000,0.00000000,0.00000000,0.00000000,0.00000000,0.00000000,0.00000000,0.00000000,0.00000000,0.00000000,0.00000000,0.00000000,0.00000000,0.00000000,0.00000000,0.00000000,NONE
R04810[K,x],0.00000000,0.00000000,0.00000000,0.00000000,0.00000000,0.00000000,0.00000000,0.00000000,0.00000000,0.00000000,0.00000000,0.00000000,0.00000000,0.00000000,0.00000000,0.00000000,0.00000000,0.00000000,0.00000000,0.00000000,0.00000000,0.00000000,0.00000000,0.00000000,0.00000000,0.00000000,NONE
R04858[K,c],0.00000000,0.00000000,0.00000000,0.00000000,0.00000000,0.00000000,0.00000000,0.00000000,0.00000000,0.00000000,0.00000000,0.00000000,0.00000000,0.00000000,0.00000000,0.00000000,0.00000000,0.00000000,0.00000000,0.00000000,0.00000000,0.00000000,0.00000000,0.00000000,0.00000000,0.00000000,NONE
R04858[K,m],0.00000000,0.00000000,0.00000000,0.00000000,0.00000000,0.00000000,0.00000000,0.00000000,0.00000000,0.00000000,0.00000000,0.00000000,0.00000000,0.00000000,0.00000000,0.00000000,0.00000000,0.00000000,0.00000000,0.00000000,0.00000000,0.00000000,0.00000000,0.00000000,0.00000000,0.00000000,NONE
R04858[K,p],0.00000000,0.00000000,0.00000000,0.00000000,0.00000000,0.00000000,0.00000000,0.00000000,0.00000000,0.00000000,0.00000000,0.00000000,0.00000000,0.00000000,0.00000000,0.00000000,0.00000000,0.00000000,0.00000000,0.00000000,0.00000000,0.00000000,0.00000000,0.00000000,0.00000000,0.00000000,NONE
R04858[K,x],0.00000000,0.00000000,0.00000000,0.00000000,0.00000000,0.00000000,0.00000000,0.00000000,0.00000000,0.00000000,0.00000000,0.00000000,0.00000000,0.00000000,0.00000000,0.00000000,0.00000000,0.00000000,0.00000000,0.00000000,0.00000000,0.00000000,0.00000000,0.00000000,0.00000000,0.00000000,NONE
R04869[K,m],0.00000000,0.00000000,0.00000000,0.00000000,0.00000000,0.00000000,0.00000000,0.00000000,0.00000000,0.00000000,0.00000000,0.00000000,0.00000000,0.00000000,0.00000000,0.00000000,0.00000000,0.00000000,0.00000000,0.00000000,0.00000000,0.00000000,0.00000000,0.00000000,0.00000000,0.00000000,NONE
R04869[K,p],0.00000000,0.00000000,0.00000000,0.00000000,0.00000000,0.00000000,0.00000000,0.00000000,0.00000000,0.00000000,0.00000000,0.00000000,0.00000000,0.00000000,0.00000000,0.00000000,0.00000000,0.00000000,0.00000000,0.00000000,0.00000000,0.00000000,0.00000000,0.00000000,0.00000000,0.00000000,NONE
R04869[K,x],0.00000000,0.00000000,0.00000000,0.00000000,0.00000000,0.00000000,0.00000000,0.00000000,0.00000000,0.00000000,0.00000000,0.00000000,0.00000000,0.00000000,0.00000000,0.00000000,0.00000000,0.00000000,0.00000000,0.00000000,0.00000000,0.00000000,0.00000000,0.00000000,0.00000000,0.00000000,NONE
R04872[K,c],0.00000000,0.00000000,0.00000000,0.00000000,0.00000000,0.00000000,0.00000000,0.00000000,0.00000000,0.00000000,0.00000000,0.00000000,0.00000000,0.00000000,0.00000000,0.00000000,0.00000000,0.00000000,0.00000000,0.00000000,0.00000000,0.00000000,0.00000000,0.00000000,0.00000000,0.00000000,NONE
R04882[K,m],0.00000000,0.00000000,0.00000000,0.00000000,0.00000000,0.00000000,0.00000000,0.00000000,0.00000000,0.00000000,0.00000000,0.00000000,0.00000000,0.00000000,0.00000000,0.00000000,0.00000000,0.00000000,0.00000000,0.00000000,0.00000000,0.00000000,0.00000000,0.00000000,0.00000000,0.00000000,NONE
R04891[K,m],0.00000000,0.00000000,0.00000000,0.00000000,0.00000000,0.00000000,0.00000000,0.00000000,0.00000000,0.00000000,0.00000000,0.00000000,0.00000000,0.00000000,0.00000000,0.00000000,0.00000000,0.00000000,0.00000000,0.00000000,0.00000000,0.00000000,0.00000000,0.00000000,0.00000000,0.00000000,NONE
R04903[K,m],0.00000000,0.00000000,0.00000000,0.00000000,0.00000000,0.00000000,0.00000000,0.00000000,0.00000000,0.00000000,0.00000000,0.00000000,0.00000000,0.00000000,0.00000000,0.00000000,0.00000000,0.00000000,0.00000000,0.00000000,0.00000000,0.00000000,0.00000000,0.00000000,0.00000000,0.00000000,NONE
R04910[K,p],0.00000000,0.00000000,0.00000000,0.00000000,0.00000000,0.00000000,0.00000000,0.00000000,0.00000000,0.00000000,0.00000000,0.00000000,0.00000000,0.00000000,0.00000000,0.00000000,0.00000000,0.00000000,0.00000000,0.00000000,0.00000000,0.00000000,0.00000000,0.00000000,0.00000000,0.00000000,NONE
R04920[K,m],0.00000000,0.00000000,0.00000000,0.00000000,0.00000000,0.00000000,0.00000000,0.00000000,0.00000000,0.00000000,0.00000000,0.00000000,0.00000000,0.00000000,0.00000000,0.00000000,0.00000000,0.00000000,0.00000000,0.00000000,0.00000000,0.00000000,0.00000000,0.00000000,0.00000000,0.00000000,NONE
R04920[K,p],0.00000000,0.00000000,0.00000000,0.00000000,0.00000000,0.00000000,0.00000000,0.00000000,0.00000000,0.00000000,0.00000000,0.00000000,0.00000000,0.00000000,0.00000000,0.00000000,0.00000000,0.00000000,0.00000000,0.00000000,0.00000000,0.00000000,0.00000000,0.00000000,0.00000000,0.00000000,NONE
R04920[K,x],0.00000000,0.00000000,0.00000000,0.00000000,0.00000000,0.00000000,0.00000000,0.00000000,0.00000000,0.00000000,0.00000000,0.00000000,0.00000000,0.00000000,0.00000000,0.00000000,0.00000000,0.00000000,0.00000000,0.00000000,0.00000000,0.00000000,0.00000000,0.00000000,0.00000000,0.00000000,NONE
R04929[K,p],0.00000000,0.00000000,0.00000000,0.00000000,0.00000000,0.00000000,0.00000000,0.00000000,0.00000000,0.00000000,0.00000000,0.00000000,0.00000000,0.00000000,0.00000000,0.00000000,0.00000000,0.00000000,0.00000000,0.00000000,0.00000000,0.00000000,0.00000000,0.00000000,0.00000000,0.00000000,NONE
R04936[K,c],0.00000000,0.00000000,0.00000000,0.00000000,0.00000000,0.00000000,0.00000000,0.00000000,0.00000000,0.00000000,0.00000000,0.00000000,0.00000000,0.00000000,0.00000000,0.00000000,0.00000000,0.00000000,0.00000000,0.00000000,0.00000000,0.00000000,0.00000000,0.00000000,0.00000000,0.00000000,NONE
R04936[K,p],0.00000000,0.00000000,0.00000000,0.00000000,0.00000000,0.00000000,0.00000000,0.00000000,0.00000000,0.00000000,0.00000000,0.00000000,0.00000000,0.00000000,0.00000000,0.00000000,0.00000000,0.00000000,0.00000000,0.00000000,0.00000000,0.00000000,0.00000000,0.00000000,0.00000000,0.00000000,NONE
R04941[K,p],0.00000000,0.00000000,0.00000000,0.00000000,0.00000000,0.00000000,0.00000000,0.00000000,0.00000000,0.00000000,0.00000000,0.00000000,0.00000000,0.00000000,0.00000000,0.00000000,0.00000000,0.00000000,0.00000000,0.00000000,0.00000000,0.00000000,0.00000000,0.00000000,0.00000000,0.00000000,NONE
R04942[K,p],0.00000000,0.00000000,0.00000000,0.00000000,0.00000000,0.00000000,0.00000000,0.00000000,0.00000000,0.00000000,0.00000000,0.00000000,0.00000000,0.00000000,0.00000000,0.00000000,0.00000000,0.00000000,0.00000000,0.00000000,0.00000000,0.00000000,0.00000000,0.00000000,0.00000000,0.00000000,NONE
R04944[K,c],0.00000000,0.00000000,0.00000000,0.00000000,0.00000000,0.00000000,0.00000000,0.00000000,0.00000000,0.00000000,0.00000000,0.00000000,0.00000000,0.00000000,0.00000000,0.00000000,0.00000000,0.00000000,0.00000000,0.00000000,0.00000000,0.00000000,0.00000000,0.00000000,0.00000000,0.00000000,NONE
R04944[K,p],0.00000000,0.00000000,0.00000000,0.00000000,0.00000000,0.00000000,0.00000000,0.00000000,0.00000000,0.00000000,0.00000000,0.00000000,0.00000000,0.00000000,0.00000000,0.00000000,0.00000000,0.00000000,0.00000000,0.00000000,0.00000000,0.00000000,0.00000000,0.00000000,0.00000000,0.00000000,NONE
R04945[K,c],0.00000000,0.00000000,0.00000000,0.00000000,0.00000000,0.00000000,0.00000000,0.00000000,0.00000000,0.00000000,0.00000000,0.00000000,0.00000000,0.00000000,0.00000000,0.00000000,0.00000000,0.00000000,0.00000000,0.00000000,0.00000000,0.00000000,0.00000000,0.00000000,0.00000000,0.00000000,NONE
R04945[K,p],0.00000000,0.00000000,0.00000000,0.00000000,0.00000000,0.00000000,0.00000000,0.00000000,0.00000000,0.00000000,0.00000000,0.00000000,0.00000000,0.00000000,0.00000000,0.00000000,0.00000000,0.00000000,0.00000000,0.00000000,0.00000000,0.00000000,0.00000000,0.00000000,0.00000000,0.00000000,NONE
R04946[K,c],0.00000000,0.00000000,0.00000000,0.00000000,0.00000000,0.00000000,0.00000000,0.00000000,0.00000000,0.00000000,0.00000000,0.00000000,0.00000000,0.00000000,0.00000000,0.00000000,0.00000000,0.00000000,0.00000000,0.00000000,0.00000000,0.00000000,0.00000000,0.00000000,0.00000000,0.00000000,NONE
R04946[K,p],0.00000000,0.00000000,0.00000000,0.00000000,0.00000000,0.00000000,0.00000000,0.00000000,0.00000000,0.00000000,0.00000000,0.00000000,0.00000000,0.00000000,0.00000000,0.00000000,0.00000000,0.00000000,0.00000000,0.00000000,0.00000000,0.00000000,0.00000000,0.00000000,0.00000000,0.00000000,NONE
R04949[K,p],0.00000000,0.00000000,0.00000000,0.00000000,0.00000000,0.00000000,0.00000000,0.00000000,0.00000000,0.00000000,0.00000000,0.00000000,0.00000000,0.00000000,0.00000000,0.00000000,0.00000000,0.00000000,0.00000000,0.00000000,0.00000000,0.00000000,0.00000000,0.00000000,0.00000000,0.00000000,NONE
R04952[K,c],0.00000000,0.00000000,0.00000000,0.00000000,0.00000000,0.00000000,0.00000000,0.00000000,0.00000000,0.00000000,0.00000000,0.00000000,0.00000000,0.00000000,0.00000000,0.00000000,0.00000000,0.00000000,0.00000000,0.00000000,0.00000000,0.00000000,0.00000000,0.00000000,0.00000000,0.00000000,NONE
R04952[K,m],0.00000000,0.00000000,0.00000000,0.00000000,0.00000000,0.00000000,0.00000000,0.00000000,0.00000000,0.00000000,0.00000000,0.00000000,0.00000000,0.00000000,0.00000000,0.00000000,0.00000000,0.00000000,0.00000000,0.00000000,0.00000000,0.00000000,0.00000000,0.00000000,0.00000000,0.00000000,NONE
R04952[K,x],0.00000000,0.00000000,0.00000000,0.00000000,0.00000000,0.00000000,0.00000000,0.00000000,0.00000000,0.00000000,0.00000000,0.00000000,0.00000000,0.00000000,0.00000000,0.00000000,0.00000000,0.00000000,0.00000000,0.00000000,0.00000000,0.00000000,0.00000000,0.00000000,0.00000000,0.00000000,NONE
R04963[K,c],0.00000000,0.00000000,0.00000000,0.00000000,0.00000000,0.00000000,0.00000000,0.00000000,0.00000000,0.00000000,0.00000000,0.00000000,0.00000000,0.00000000,0.00000000,0.00000000,0.00000000,0.00000000,0.00000000,0.00000000,0.00000000,0.00000000,0.00000000,0.00000000,0.00000000,0.00000000,NONE
R04963[K,m],0.00000000,0.00000000,0.00000000,0.00000000,0.00000000,0.00000000,0.00000000,0.00000000,0.00000000,0.00000000,0.00000000,0.00000000,0.00000000,0.00000000,0.00000000,0.00000000,0.00000000,0.00000000,0.00000000,0.00000000,0.00000000,0.00000000,0.00000000,0.00000000,0.00000000,0.00000000,NONE
R04963[K,x],0.00000000,0.00000000,0.00000000,0.00000000,0.00000000,0.00000000,0.00000000,0.00000000,0.00000000,0.00000000,0.00000000,0.00000000,0.00000000,0.00000000,0.00000000,0.00000000,0.00000000,0.00000000,0.00000000,0.00000000,0.00000000,0.00000000,0.00000000,0.00000000,0.00000000,0.00000000,NONE
R04969[K,m],0.00000000,0.00000000,0.00000000,0.00000000,0.00000000,0.00000000,0.00000000,0.00000000,0.00000000,0.00000000,0.00000000,0.00000000,0.00000000,0.00000000,0.00000000,0.00000000,0.00000000,0.00000000,0.00000000,0.00000000,0.00000000,0.00000000,0.00000000,0.00000000,0.00000000,0.00000000,NONE
R04982[K,p],0.00000000,0.00000000,0.00000000,0.00000000,0.00000000,0.00000000,0.00000000,0.00000000,0.00000000,0.00000000,0.00000000,0.00000000,0.00000000,0.00000000,0.00000000,0.00000000,0.00000000,0.00000000,0.00000000,0.00000000,0.00000000,0.00000000,0.00000000,0.00000000,0.00000000,0.00000000,NONE
R04983[K,p],0.00000000,0.00000000,0.00000000,0.00000000,0.00000000,0.00000000,0.00000000,0.00000000,0.00000000,0.00000000,0.00000000,0.00000000,0.00000000,0.00000000,0.00000000,0.00000000,0.00000000,0.00000000,0.00000000,0.00000000,0.00000000,0.00000000,0.00000000,0.00000000,0.00000000,0.00000000,NONE
R04990[K,p],0.00000000,0.00000000,0.00000000,0.00000000,0.00000000,0.00000000,0.00000000,0.00000000,0.00000000,0.00000000,0.00000000,0.00000000,0.00000000,0.00000000,0.00000000,0.00000000,0.00000000,0.00000000,0.00000000,0.00000000,0.00000000,0.00000000,0.00000000,0.00000000,0.00000000,0.00000000,NONE
R04993[K,m],0.00000000,0.00000000,0.00000000,0.00000000,0.00000000,0.00000000,0.00000000,0.00000000,0.00000000,0.00000000,0.00000000,0.00000000,0.00000000,0.00000000,0.00000000,0.00000000,0.00000000,0.00000000,0.00000000,0.00000000,0.00000000,0.00000000,0.00000000,0.00000000,0.00000000,0.00000000,NONE
R04993[K,p],0.00000000,0.00000000,0.00000000,0.00000000,0.00000000,0.00000000,0.00000000,0.00000000,0.00000000,0.00000000,0.00000000,0.00000000,0.00000000,0.00000000,0.00000000,0.00000000,0.00000000,0.00000000,0.00000000,0.00000000,0.00000000,0.00000000,0.00000000,0.00000000,0.00000000,0.00000000,NONE
R04993[K,x],0.00000000,0.00000000,0.00000000,0.00000000,0.00000000,0.00000000,0.00000000,0.00000000,0.00000000,0.00000000,0.00000000,0.00000000,0.00000000,0.00000000,0.00000000,0.00000000,0.00000000,0.00000000,0.00000000,0.00000000,0.00000000,0.00000000,0.00000000,0.00000000,0.00000000,0.00000000,NONE
R04998_mod[K,p],0.00000000,0.00000000,0.00000000,0.00000000,0.00000000,0.00000000,0.00000000,0.00000000,0.00000000,0.00000000,0.00000000,0.00000000,0.00000000,0.00000000,0.00000000,0.00000000,0.00000000,0.00000000,0.00000000,0.00000000,0.00000000,0.00000000,0.00000000,0.00000000,0.00000000,0.00000000,NONE
R05030[K,c],0.00000000,0.00000000,0.00000000,0.00000000,0.00000000,0.00000000,0.00000000,0.00000000,0.00000000,0.00000000,0.00000000,0.00000000,0.00000000,0.00000000,0.00000000,0.00000000,0.00000000,0.00000000,0.00000000,0.00000000,0.00000000,0.00000000,0.00000000,0.00000000,0.00000000,0.00000000,NONE
R05050[K,m],0.00000000,0.00000000,0.00000000,0.00000000,0.00000000,0.00000000,0.00000000,0.00000000,0.00000000,0.00000000,0.00000000,0.00000000,0.00000000,0.00000000,0.00000000,0.00000000,0.00000000,0.00000000,0.00000000,0.00000000,0.00000000,0.00000000,0.00000000,0.00000000,0.00000000,0.00000000,NONE
R05052[K,m],0.00000000,0.00000000,0.00000000,0.00000000,0.00000000,0.00000000,0.00000000,0.00000000,0.00000000,0.00000000,0.00000000,0.00000000,0.00000000,0.00000000,0.00000000,0.00000000,0.00000000,0.00000000,0.00000000,0.00000000,0.00000000,0.00000000,0.00000000,0.00000000,0.00000000,0.00000000,NONE
R05052[K,p],0.00000000,0.00000000,0.00000000,0.00000000,0.00000000,0.00000000,0.00000000,0.00000000,0.00000000,0.00000000,0.00000000,0.00000000,0.00000000,0.00000000,0.00000000,0.00000000,0.00000000,0.00000000,0.00000000,0.00000000,0.00000000,0.00000000,0.00000000,0.00000000,0.00000000,0.00000000,NONE
R05052[K,x],0.00000000,0.00000000,0.00000000,0.00000000,0.00000000,0.00000000,0.00000000,0.00000000,0.00000000,0.00000000,0.00000000,0.00000000,0.00000000,0.00000000,0.00000000,0.00000000,0.00000000,0.00000000,0.00000000,0.00000000,0.00000000,0.00000000,0.00000000,0.00000000,0.00000000,0.00000000,NONE
R05066[K,x],0.00000000,0.00000000,0.00000000,0.00000000,0.00000000,0.00000000,0.00000000,0.00000000,0.00000000,0.00000000,0.00000000,0.00000000,0.00000000,0.00000000,0.00000000,0.00000000,0.00000000,0.00000000,0.00000000,0.00000000,0.00000000,0.00000000,0.00000000,0.00000000,0.00000000,0.00000000,NONE
R05068[K,p],0.00000000,0.00000000,0.00000000,0.00000000,0.00000000,0.00000000,0.00000000,0.00000000,0.00000000,0.00000000,0.00000000,0.00000000,0.00000000,0.00000000,0.00000000,0.00000000,0.00000000,0.00000000,0.00000000,0.00000000,0.00000000,0.00000000,0.00000000,0.00000000,0.00000000,0.00000000,NONE
R05085[K,p],0.00000000,0.00000000,0.00000000,0.00000000,0.00000000,0.00000000,0.00000000,0.00000000,0.00000000,0.00000000,0.00000000,0.00000000,0.00000000,0.00000000,0.00000000,0.00000000,0.00000000,0.00000000,0.00000000,0.00000000,0.00000000,0.00000000,0.00000000,0.00000000,0.00000000,0.00000000,NONE
R05086[K,p],0.00000000,0.00000000,0.00000000,0.00000000,0.00000000,0.00000000,0.00000000,0.00000000,0.00000000,0.00000000,0.00000000,0.00000000,0.00000000,0.00000000,0.00000000,0.00000000,0.00000000,0.00000000,0.00000000,0.00000000,0.00000000,0.00000000,0.00000000,0.00000000,0.00000000,0.00000000,NONE
R05136[K,p],0.00000000,0.00000000,0.00000000,0.00000000,0.00000000,0.00000000,0.00000000,0.00000000,0.00000000,0.00000000,0.00000000,0.00000000,0.00000000,0.00000000,0.00000000,0.00000000,0.00000000,0.00000000,0.00000000,0.00000000,0.00000000,0.00000000,0.00000000,0.00000000,0.00000000,0.00000000,NONE
R05188[K,c],0.00000000,0.00000000,0.00000000,0.00000000,0.00000000,0.00000000,0.00000000,0.00000000,0.00000000,0.00000000,0.00000000,0.00000000,0.00000000,0.00000000,0.00000000,0.00000000,0.00000000,0.00000000,0.00000000,0.00000000,0.00000000,0.00000000,0.00000000,0.00000000,0.00000000,0.00000000,NONE
R05191[K,c],0.00000000,0.00000000,0.00000000,0.00000000,0.00000000,0.00000000,0.00000000,0.00000000,0.00000000,0.00000000,0.00000000,0.00000000,0.00000000,0.00000000,0.00000000,0.00000000,0.00000000,0.00000000,0.00000000,0.00000000,0.00000000,0.00000000,0.00000000,0.00000000,0.00000000,0.00000000,NONE
R05196[K,p],0.00000000,0.00000000,0.00000000,0.00000000,0.00000000,0.00000000,0.00000000,0.00000000,0.00000000,0.00000000,0.00000000,0.00000000,0.00000000,0.00000000,0.00000000,0.00000000,0.00000000,0.00000000,0.00000000,0.00000000,0.00000000,0.00000000,0.00000000,0.00000000,0.00000000,0.00000000,NONE
R05202[K,p],0.00000000,0.00000000,0.00000000,0.00000000,0.00000000,0.00000000,0.00000000,0.00000000,0.00000000,0.00000000,0.00000000,0.00000000,0.00000000,0.00000000,0.00000000,0.00000000,0.00000000,0.00000000,0.00000000,0.00000000,0.00000000,0.00000000,0.00000000,0.00000000,0.00000000,0.00000000,NONE
R05265[K,p],0.00000000,0.00000000,0.00000000,0.00000000,0.00000000,0.00000000,0.00000000,0.00000000,0.00000000,0.00000000,0.00000000,0.00000000,0.00000000,0.00000000,0.00000000,0.00000000,0.00000000,0.00000000,0.00000000,0.00000000,0.00000000,0.00000000,0.00000000,0.00000000,0.00000000,0.00000000,NONE
R05287[K,c],0.00000000,0.00000000,0.00000000,0.00000000,0.00000000,0.00000000,0.00000000,0.00000000,0.00000000,0.00000000,0.00000000,0.00000000,0.00000000,0.00000000,0.00000000,0.00000000,0.00000000,0.00000000,0.00000000,0.00000000,0.00000000,0.00000000,0.00000000,0.00000000,0.00000000,0.00000000,NONE
R05337[K,p],0.00000000,0.00000000,0.00000000,0.00000000,0.00000000,0.00000000,0.00000000,0.00000000,0.00000000,0.00000000,0.00000000,0.00000000,0.00000000,0.00000000,0.00000000,0.00000000,0.00000000,0.00000000,0.00000000,0.00000000,0.00000000,0.00000000,0.00000000,0.00000000,0.00000000,0.00000000,NONE
R05341[K,p],0.00000000,0.00000000,0.00000000,0.00000000,0.00000000,0.00000000,0.00000000,0.00000000,0.00000000,0.00000000,0.00000000,0.00000000,0.00000000,0.00000000,0.00000000,0.00000000,0.00000000,0.00000000,0.00000000,0.00000000,0.00000000,0.00000000,0.00000000,0.00000000,0.00000000,0.00000000,NONE
R05352[K,x],0.00000000,0.00000000,0.00000000,0.00000000,0.00000000,0.00000000,0.00000000,0.00000000,0.00000000,0.00000000,0.00000000,0.00000000,0.00000000,0.00000000,0.00000000,0.00000000,0.00000000,0.00000000,0.00000000,0.00000000,0.00000000,0.00000000,0.00000000,0.00000000,0.00000000,0.00000000,NONE
R05379[K,c],0.00000000,0.00000000,0.00000000,0.00000000,0.00000000,0.00000000,0.00000000,0.00000000,0.00000000,0.00000000,0.00000000,0.00000000,0.00000000,0.00000000,0.00000000,0.00000000,0.00000000,0.00000000,0.00000000,0.00000000,0.00000000,0.00000000,0.00000000,0.00000000,0.00000000,0.00000000,NONE
R05395[K,p],0.00000000,0.00000000,0.00000000,0.00000000,0.00000000,0.00000000,0.00000000,0.00000000,0.00000000,0.00000000,0.00000000,0.00000000,0.00000000,0.00000000,0.00000000,0.00000000,0.00000000,0.00000000,0.00000000,0.00000000,0.00000000,0.00000000,0.00000000,0.00000000,0.00000000,0.00000000,NONE
R05396[K,p],0.00000000,0.00000000,0.00000000,0.00000000,0.00000000,0.00000000,0.00000000,0.00000000,0.00000000,0.00000000,0.00000000,0.00000000,0.00000000,0.00000000,0.00000000,0.00000000,0.00000000,0.00000000,0.00000000,0.00000000,0.00000000,0.00000000,0.00000000,0.00000000,0.00000000,0.00000000,NONE
R05492[K,p],0.00000000,0.00000000,0.00000000,0.00000000,0.00000000,0.00000000,0.00000000,0.00000000,0.00000000,0.00000000,0.00000000,0.00000000,0.00000000,0.00000000,0.00000000,0.00000000,0.00000000,0.00000000,0.00000000,0.00000000,0.00000000,0.00000000,0.00000000,0.00000000,0.00000000,0.00000000,NONE
R05511[K,m],0.00000000,0.00000000,0.00000000,0.00000000,0.00000000,0.00000000,0.00000000,0.00000000,0.00000000,0.00000000,0.00000000,0.00000000,0.00000000,0.00000000,0.00000000,0.00000000,0.00000000,0.00000000,0.00000000,0.00000000,0.00000000,0.00000000,0.00000000,0.00000000,0.00000000,0.00000000,NONE
R05511[K,p],0.00000000,0.00000000,0.00000000,0.00000000,0.00000000,0.00000000,0.00000000,0.00000000,0.00000000,0.00000000,0.00000000,0.00000000,0.00000000,0.00000000,0.00000000,0.00000000,0.00000000,0.00000000,0.00000000,0.00000000,0.00000000,0.00000000,0.00000000,0.00000000,0.00000000,0.00000000,NONE
R05511[K,x],0.00000000,0.00000000,0.00000000,0.00000000,0.00000000,0.00000000,0.00000000,0.00000000,0.00000000,0.00000000,0.00000000,0.00000000,0.00000000,0.00000000,0.00000000,0.00000000,0.00000000,0.00000000,0.00000000,0.00000000,0.00000000,0.00000000,0.00000000,0.00000000,0.00000000,0.00000000,NONE
R05551[K,p],0.00000000,0.00000000,0.00000000,0.00000000,0.00000000,0.00000000,0.00000000,0.00000000,0.00000000,0.00000000,0.00000000,0.00000000,0.00000000,0.00000000,0.00000000,0.00000000,0.00000000,0.00000000,0.00000000,0.00000000,0.00000000,0.00000000,0.00000000,0.00000000,0.00000000,0.00000000,NONE
R05556[K,p],0.00000000,0.00000000,0.00000000,0.00000000,0.00000000,0.00000000,0.00000000,0.00000000,0.00000000,0.00000000,0.00000000,0.00000000,0.00000000,0.00000000,0.00000000,0.00000000,0.00000000,0.00000000,0.00000000,0.00000000,0.00000000,0.00000000,0.00000000,0.00000000,0.00000000,0.00000000,NONE
R05576_mod[K,c],0.00000000,0.00000000,0.00000000,0.00000000,0.00000000,0.00000000,0.00000000,0.00000000,0.00000000,0.00000000,0.00000000,0.00000000,0.00000000,0.00000000,0.00000000,0.00000000,0.00000000,0.00000000,0.00000000,0.00000000,0.00000000,0.00000000,0.00000000,0.00000000,0.00000000,0.00000000,NONE
R05577[K,c],0.00000000,0.00000000,0.00000000,0.00000000,0.00000000,0.00000000,0.00000000,0.00000000,0.00000000,0.00000000,0.00000000,0.00000000,0.00000000,0.00000000,0.00000000,0.00000000,0.00000000,0.00000000,0.00000000,0.00000000,0.00000000,0.00000000,0.00000000,0.00000000,0.00000000,0.00000000,NONE
R05577[K,m],0.00000000,0.00000000,0.00000000,0.00000000,0.00000000,0.00000000,0.00000000,0.00000000,0.00000000,0.00000000,0.00000000,0.00000000,0.00000000,0.00000000,0.00000000,0.00000000,0.00000000,0.00000000,0.00000000,0.00000000,0.00000000,0.00000000,0.00000000,0.00000000,0.00000000,0.00000000,NONE
R05577[K,p],0.00000000,0.00000000,0.00000000,0.00000000,0.00000000,0.00000000,0.00000000,0.00000000,0.00000000,0.00000000,0.00000000,0.00000000,0.00000000,0.00000000,0.00000000,0.00000000,0.00000000,0.00000000,0.00000000,0.00000000,0.00000000,0.00000000,0.00000000,0.00000000,0.00000000,0.00000000,NONE
R05577[K,x],0.00000000,0.00000000,0.00000000,0.00000000,0.00000000,0.00000000,0.00000000,0.00000000,0.00000000,0.00000000,0.00000000,0.00000000,0.00000000,0.00000000,0.00000000,0.00000000,0.00000000,0.00000000,0.00000000,0.00000000,0.00000000,0.00000000,0.00000000,0.00000000,0.00000000,0.00000000,NONE
R05578[K,p],0.00000000,0.00000000,0.00000000,0.00000000,0.00000000,0.00000000,0.00000000,0.00000000,0.00000000,0.00000000,0.00000000,0.00000000,0.00000000,0.00000000,0.00000000,0.00000000,0.00000000,0.00000000,0.00000000,0.00000000,0.00000000,0.00000000,0.00000000,0.00000000,0.00000000,0.00000000,NONE
R05583[K,p],0.00000000,0.00000000,0.00000000,0.00000000,0.00000000,0.00000000,0.00000000,0.00000000,0.00000000,0.00000000,0.00000000,0.00000000,0.00000000,0.00000000,0.00000000,0.00000000,0.00000000,0.00000000,0.00000000,0.00000000,0.00000000,0.00000000,0.00000000,0.00000000,0.00000000,0.00000000,NONE
R05591[K,p],0.00000000,0.00000000,0.00000000,0.00000000,0.00000000,0.00000000,0.00000000,0.00000000,0.00000000,0.00000000,0.00000000,0.00000000,0.00000000,0.00000000,0.00000000,0.00000000,0.00000000,0.00000000,0.00000000,0.00000000,0.00000000,0.00000000,0.00000000,0.00000000,0.00000000,0.00000000,NONE
R05593[K,p],0.00000000,0.00000000,0.00000000,0.00000000,0.00000000,0.00000000,0.00000000,0.00000000,0.00000000,0.00000000,0.00000000,0.00000000,0.00000000,0.00000000,0.00000000,0.00000000,0.00000000,0.00000000,0.00000000,0.00000000,0.00000000,0.00000000,0.00000000,0.00000000,0.00000000,0.00000000,NONE
R05599[K,x],0.00000000,0.00000000,0.00000000,0.00000000,0.00000000,0.00000000,0.00000000,0.00000000,0.00000000,0.00000000,0.00000000,0.00000000,0.00000000,0.00000000,0.00000000,0.00000000,0.00000000,0.00000000,0.00000000,0.00000000,0.00000000,0.00000000,0.00000000,0.00000000,0.00000000,0.00000000,NONE
R05604[K,c],0.00000000,0.00000000,0.00000000,0.00000000,0.00000000,0.00000000,0.00000000,0.00000000,0.00000000,0.00000000,0.00000000,0.00000000,0.00000000,0.00000000,0.00000000,0.00000000,0.00000000,0.00000000,0.00000000,0.00000000,0.00000000,0.00000000,0.00000000,0.00000000,0.00000000,0.00000000,NONE
R05616[K,p],0.00000000,0.00000000,0.00000000,0.00000000,0.00000000,0.00000000,0.00000000,0.00000000,0.00000000,0.00000000,0.00000000,0.00000000,0.00000000,0.00000000,0.00000000,0.00000000,0.00000000,0.00000000,0.00000000,0.00000000,0.00000000,0.00000000,0.00000000,0.00000000,0.00000000,0.00000000,NONE
R05617[K,p],0.00000000,0.00000000,0.00000000,0.00000000,0.00000000,0.00000000,0.00000000,0.00000000,0.00000000,0.00000000,0.00000000,0.00000000,0.00000000,0.00000000,0.00000000,0.00000000,0.00000000,0.00000000,0.00000000,0.00000000,0.00000000,0.00000000,0.00000000,0.00000000,0.00000000,0.00000000,NONE
R05634[K,p],0.00000000,0.00000000,0.00000000,0.00000000,0.00000000,0.00000000,0.00000000,0.00000000,0.00000000,0.00000000,0.00000000,0.00000000,0.00000000,0.00000000,0.00000000,0.00000000,0.00000000,0.00000000,0.00000000,0.00000000,0.00000000,0.00000000,0.00000000,0.00000000,0.00000000,0.00000000,NONE
R05639[K,m],0.00000000,0.00000000,0.00000000,0.00000000,0.00000000,0.00000000,0.00000000,0.00000000,0.00000000,0.00000000,0.00000000,0.00000000,0.00000000,0.00000000,0.00000000,0.00000000,0.00000000,0.00000000,0.00000000,0.00000000,0.00000000,0.00000000,0.00000000,0.00000000,0.00000000,0.00000000,NONE
R05639[K,p],0.00000000,0.00000000,0.00000000,0.00000000,0.00000000,0.00000000,0.00000000,0.00000000,0.00000000,0.00000000,0.00000000,0.00000000,0.00000000,0.00000000,0.00000000,0.00000000,0.00000000,0.00000000,0.00000000,0.00000000,0.00000000,0.00000000,0.00000000,0.00000000,0.00000000,0.00000000,NONE
R05639[K,x],0.00000000,0.00000000,0.00000000,0.00000000,0.00000000,0.00000000,0.00000000,0.00000000,0.00000000,0.00000000,0.00000000,0.00000000,0.00000000,0.00000000,0.00000000,0.00000000,0.00000000,0.00000000,0.00000000,0.00000000,0.00000000,0.00000000,0.00000000,0.00000000,0.00000000,0.00000000,NONE
R05640[K,m],0.00000000,0.00000000,0.00000000,0.00000000,0.00000000,0.00000000,0.00000000,0.00000000,0.00000000,0.00000000,0.00000000,0.00000000,0.00000000,0.00000000,0.00000000,0.00000000,0.00000000,0.00000000,0.00000000,0.00000000,0.00000000,0.00000000,0.00000000,0.00000000,0.00000000,0.00000000,NONE
R05640[K,p],0.00000000,0.00000000,0.00000000,0.00000000,0.00000000,0.00000000,0.00000000,0.00000000,0.00000000,0.00000000,0.00000000,0.00000000,0.00000000,0.00000000,0.00000000,0.00000000,0.00000000,0.00000000,0.00000000,0.00000000,0.00000000,0.00000000,0.00000000,0.00000000,0.00000000,0.00000000,NONE
R05640[K,x],0.00000000,0.00000000,0.00000000,0.00000000,0.00000000,0.00000000,0.00000000,0.00000000,0.00000000,0.00000000,0.00000000,0.00000000,0.00000000,0.00000000,0.00000000,0.00000000,0.00000000,0.00000000,0.00000000,0.00000000,0.00000000,0.00000000,0.00000000,0.00000000,0.00000000,0.00000000,NONE
R05644[K,m],0.00000000,0.00000000,0.00000000,0.00000000,0.00000000,0.00000000,0.00000000,0.00000000,0.00000000,0.00000000,0.00000000,0.00000000,0.00000000,0.00000000,0.00000000,0.00000000,0.00000000,0.00000000,0.00000000,0.00000000,0.00000000,0.00000000,0.00000000,0.00000000,0.00000000,0.00000000,NONE
R05644[K,p],0.00000000,0.00000000,0.00000000,0.00000000,0.00000000,0.00000000,0.00000000,0.00000000,0.00000000,0.00000000,0.00000000,0.00000000,0.00000000,0.00000000,0.00000000,0.00000000,0.00000000,0.00000000,0.00000000,0.00000000,0.00000000,0.00000000,0.00000000,0.00000000,0.00000000,0.00000000,NONE
R05644[K,x],0.00000000,0.00000000,0.00000000,0.00000000,0.00000000,0.00000000,0.00000000,0.00000000,0.00000000,0.00000000,0.00000000,0.00000000,0.00000000,0.00000000,0.00000000,0.00000000,0.00000000,0.00000000,0.00000000,0.00000000,0.00000000,0.00000000,0.00000000,0.00000000,0.00000000,0.00000000,NONE
R05648[K,p],0.00000000,0.00000000,0.00000000,0.00000000,0.00000000,0.00000000,0.00000000,0.00000000,0.00000000,0.00000000,0.00000000,0.00000000,0.00000000,0.00000000,0.00000000,0.00000000,0.00000000,0.00000000,0.00000000,0.00000000,0.00000000,0.00000000,0.00000000,0.00000000,0.00000000,0.00000000,NONE
R05651[K,p],0.00000000,0.00000000,0.00000000,0.00000000,0.00000000,0.00000000,0.00000000,0.00000000,0.00000000,0.00000000,0.00000000,0.00000000,0.00000000,0.00000000,0.00000000,0.00000000,0.00000000,0.00000000,0.00000000,0.00000000,0.00000000,0.00000000,0.00000000,0.00000000,0.00000000,0.00000000,NONE
R05685[K,p],0.00000000,0.00000000,0.00000000,0.00000000,0.00000000,0.00000000,0.00000000,0.00000000,0.00000000,0.00000000,0.00000000,0.00000000,0.00000000,0.00000000,0.00000000,0.00000000,0.00000000,0.00000000,0.00000000,0.00000000,0.00000000,0.00000000,0.00000000,0.00000000,0.00000000,0.00000000,NONE
R05688[K,p],0.00000000,0.00000000,0.00000000,0.00000000,0.00000000,0.00000000,0.00000000,0.00000000,0.00000000,0.00000000,0.00000000,0.00000000,0.00000000,0.00000000,0.00000000,0.00000000,0.00000000,0.00000000,0.00000000,0.00000000,0.00000000,0.00000000,0.00000000,0.00000000,0.00000000,0.00000000,NONE
R05700[K,m],0.00000000,0.00000000,0.00000000,0.00000000,0.00000000,0.00000000,0.00000000,0.00000000,0.00000000,0.00000000,0.00000000,0.00000000,0.00000000,0.00000000,0.00000000,0.00000000,0.00000000,0.00000000,0.00000000,0.00000000,0.00000000,0.00000000,0.00000000,0.00000000,0.00000000,0.00000000,NONE
R05703[K,m],0.00000000,0.00000000,0.00000000,0.00000000,0.00000000,0.00000000,0.00000000,0.00000000,0.00000000,0.00000000,0.00000000,0.00000000,0.00000000,0.00000000,0.00000000,0.00000000,0.00000000,0.00000000,0.00000000,0.00000000,0.00000000,0.00000000,0.00000000,0.00000000,0.00000000,0.00000000,NONE
R05703[K,p],0.00000000,0.00000000,0.00000000,0.00000000,0.00000000,0.00000000,0.00000000,0.00000000,0.00000000,0.00000000,0.00000000,0.00000000,0.00000000,0.00000000,0.00000000,0.00000000,0.00000000,0.00000000,0.00000000,0.00000000,0.00000000,0.00000000,0.00000000,0.00000000,0.00000000,0.00000000,NONE
R05703[K,x],0.00000000,0.00000000,0.00000000,0.00000000,0.00000000,0.00000000,0.00000000,0.00000000,0.00000000,0.00000000,0.00000000,0.00000000,0.00000000,0.00000000,0.00000000,0.00000000,0.00000000,0.00000000,0.00000000,0.00000000,0.00000000,0.00000000,0.00000000,0.00000000,0.00000000,0.00000000,NONE
R05731[K,c],0.00000000,0.00000000,0.00000000,0.00000000,0.00000000,0.00000000,0.00000000,0.00000000,0.00000000,0.00000000,0.00000000,0.00000000,0.00000000,0.00000000,0.00000000,0.00000000,0.00000000,0.00000000,0.00000000,0.00000000,0.00000000,0.00000000,0.00000000,0.00000000,0.00000000,0.00000000,NONE
R05733[K,c],0.00000000,0.00000000,0.00000000,0.00000000,0.00000000,0.00000000,0.00000000,0.00000000,0.00000000,0.00000000,0.00000000,0.00000000,0.00000000,0.00000000,0.00000000,0.00000000,0.00000000,0.00000000,0.00000000,0.00000000,0.00000000,0.00000000,0.00000000,0.00000000,0.00000000,0.00000000,NONE
R05734[K,c],0.00000000,0.00000000,0.00000000,0.00000000,0.00000000,0.00000000,0.00000000,0.00000000,0.00000000,0.00000000,0.00000000,0.00000000,0.00000000,0.00000000,0.00000000,0.00000000,0.00000000,0.00000000,0.00000000,0.00000000,0.00000000,0.00000000,0.00000000,0.00000000,0.00000000,0.00000000,NONE
R05736[K,c],0.00000000,0.00000000,0.00000000,0.00000000,0.00000000,0.00000000,0.00000000,0.00000000,0.00000000,0.00000000,0.00000000,0.00000000,0.00000000,0.00000000,0.00000000,0.00000000,0.00000000,0.00000000,0.00000000,0.00000000,0.00000000,0.00000000,0.00000000,0.00000000,0.00000000,0.00000000,NONE
R05776[K,c],0.00000000,0.00000000,0.00000000,0.00000000,0.00000000,0.00000000,0.00000000,0.00000000,0.00000000,0.00000000,0.00000000,0.00000000,0.00000000,0.00000000,0.00000000,0.00000000,0.00000000,0.00000000,0.00000000,0.00000000,0.00000000,0.00000000,0.00000000,0.00000000,0.00000000,0.00000000,NONE
R05883[K,p],0.00000000,0.00000000,0.00000000,0.00000000,0.00000000,0.00000000,0.00000000,0.00000000,0.00000000,0.00000000,0.00000000,0.00000000,0.00000000,0.00000000,0.00000000,0.00000000,0.00000000,0.00000000,0.00000000,0.00000000,0.00000000,0.00000000,0.00000000,0.00000000,0.00000000,0.00000000,NONE
R06171[K,c],0.00000000,0.00000000,0.00000000,0.00000000,0.00000000,0.00000000,0.00000000,0.00000000,0.00000000,0.00000000,0.00000000,0.00000000,0.00000000,0.00000000,0.00000000,0.00000000,0.00000000,0.00000000,0.00000000,0.00000000,0.00000000,0.00000000,0.00000000,0.00000000,0.00000000,0.00000000,NONE
R06171[K,m],0.00000000,0.00000000,0.00000000,0.00000000,0.00000000,0.00000000,0.00000000,0.00000000,0.00000000,0.00000000,0.00000000,0.00000000,0.00000000,0.00000000,0.00000000,0.00000000,0.00000000,0.00000000,0.00000000,0.00000000,0.00000000,0.00000000,0.00000000,0.00000000,0.00000000,0.00000000,NONE
R06171[K,p],0.00000000,0.00000000,0.00000000,0.00000000,0.00000000,0.00000000,0.00000000,0.00000000,0.00000000,0.00000000,0.00000000,0.00000000,0.00000000,0.00000000,0.00000000,0.00000000,0.00000000,0.00000000,0.00000000,0.00000000,0.00000000,0.00000000,0.00000000,0.00000000,0.00000000,0.00000000,NONE
R06171[K,x],0.00000000,0.00000000,0.00000000,0.00000000,0.00000000,0.00000000,0.00000000,0.00000000,0.00000000,0.00000000,0.00000000,0.00000000,0.00000000,0.00000000,0.00000000,0.00000000,0.00000000,0.00000000,0.00000000,0.00000000,0.00000000,0.00000000,0.00000000,0.00000000,0.00000000,0.00000000,NONE
R06223[K,m],0.00000000,0.00000000,0.00000000,0.00000000,0.00000000,0.00000000,0.00000000,0.00000000,0.00000000,0.00000000,0.00000000,0.00000000,0.00000000,0.00000000,0.00000000,0.00000000,0.00000000,0.00000000,0.00000000,0.00000000,0.00000000,0.00000000,0.00000000,0.00000000,0.00000000,0.00000000,NONE
R06223[K,p],0.00000000,0.00000000,0.00000000,0.00000000,0.00000000,0.00000000,0.00000000,0.00000000,0.00000000,0.00000000,0.00000000,0.00000000,0.00000000,0.00000000,0.00000000,0.00000000,0.00000000,0.00000000,0.00000000,0.00000000,0.00000000,0.00000000,0.00000000,0.00000000,0.00000000,0.00000000,NONE
R06223[K,x],0.00000000,0.00000000,0.00000000,0.00000000,0.00000000,0.00000000,0.00000000,0.00000000,0.00000000,0.00000000,0.00000000,0.00000000,0.00000000,0.00000000,0.00000000,0.00000000,0.00000000,0.00000000,0.00000000,0.00000000,0.00000000,0.00000000,0.00000000,0.00000000,0.00000000,0.00000000,NONE
R06270[K,p],0.00000000,0.00000000,0.00000000,0.00000000,0.00000000,0.00000000,0.00000000,0.00000000,0.00000000,0.00000000,0.00000000,0.00000000,0.00000000,0.00000000,0.00000000,0.00000000,0.00000000,0.00000000,0.00000000,0.00000000,0.00000000,0.00000000,0.00000000,0.00000000,0.00000000,0.00000000,NONE
R06364[K,c],0.00000000,0.00000000,0.00000000,0.00000000,0.00000000,0.00000000,0.00000000,0.00000000,0.00000000,0.00000000,0.00000000,0.00000000,0.00000000,0.00000000,0.00000000,0.00000000,0.00000000,0.00000000,0.00000000,0.00000000,0.00000000,0.00000000,0.00000000,0.00000000,0.00000000,0.00000000,NONE
R06364[K,m],0.00000000,0.00000000,0.00000000,0.00000000,0.00000000,0.00000000,0.00000000,0.00000000,0.00000000,0.00000000,0.00000000,0.00000000,0.00000000,0.00000000,0.00000000,0.00000000,0.00000000,0.00000000,0.00000000,0.00000000,0.00000000,0.00000000,0.00000000,0.00000000,0.00000000,0.00000000,NONE
R06364[K,p],0.00000000,0.00000000,0.00000000,0.00000000,0.00000000,0.00000000,0.00000000,0.00000000,0.00000000,0.00000000,0.00000000,0.00000000,0.00000000,0.00000000,0.00000000,0.00000000,0.00000000,0.00000000,0.00000000,0.00000000,0.00000000,0.00000000,0.00000000,0.00000000,0.00000000,0.00000000,NONE
R06364[K,x],0.00000000,0.00000000,0.00000000,0.00000000,0.00000000,0.00000000,0.00000000,0.00000000,0.00000000,0.00000000,0.00000000,0.00000000,0.00000000,0.00000000,0.00000000,0.00000000,0.00000000,0.00000000,0.00000000,0.00000000,0.00000000,0.00000000,0.00000000,0.00000000,0.00000000,0.00000000,NONE
R06366[K,c],0.00000000,0.00000000,0.00000000,0.00000000,0.00000000,0.00000000,0.00000000,0.00000000,0.00000000,0.00000000,0.00000000,0.00000000,0.00000000,0.00000000,0.00000000,0.00000000,0.00000000,0.00000000,0.00000000,0.00000000,0.00000000,0.00000000,0.00000000,0.00000000,0.00000000,0.00000000,NONE
R06366[K,m],0.00000000,0.00000000,0.00000000,0.00000000,0.00000000,0.00000000,0.00000000,0.00000000,0.00000000,0.00000000,0.00000000,0.00000000,0.00000000,0.00000000,0.00000000,0.00000000,0.00000000,0.00000000,0.00000000,0.00000000,0.00000000,0.00000000,0.00000000,0.00000000,0.00000000,0.00000000,NONE
R06366[K,p],0.00000000,0.00000000,0.00000000,0.00000000,0.00000000,0.00000000,0.00000000,0.00000000,0.00000000,0.00000000,0.00000000,0.00000000,0.00000000,0.00000000,0.00000000,0.00000000,0.00000000,0.00000000,0.00000000,0.00000000,0.00000000,0.00000000,0.00000000,0.00000000,0.00000000,0.00000000,NONE
R06366[K,x],0.00000000,0.00000000,0.00000000,0.00000000,0.00000000,0.00000000,0.00000000,0.00000000,0.00000000,0.00000000,0.00000000,0.00000000,0.00000000,0.00000000,0.00000000,0.00000000,0.00000000,0.00000000,0.00000000,0.00000000,0.00000000,0.00000000,0.00000000,0.00000000,0.00000000,0.00000000,NONE
R06369[K,p],0.00000000,0.00000000,0.00000000,0.00000000,0.00000000,0.00000000,0.00000000,0.00000000,0.00000000,0.00000000,0.00000000,0.00000000,0.00000000,0.00000000,0.00000000,0.00000000,0.00000000,0.00000000,0.00000000,0.00000000,0.00000000,0.00000000,0.00000000,0.00000000,0.00000000,0.00000000,NONE
R06370[K,c],0.00000000,0.00000000,0.00000000,0.00000000,0.00000000,0.00000000,0.00000000,0.00000000,0.00000000,0.00000000,0.00000000,0.00000000,0.00000000,0.00000000,0.00000000,0.00000000,0.00000000,0.00000000,0.00000000,0.00000000,0.00000000,0.00000000,0.00000000,0.00000000,0.00000000,0.00000000,NONE
R06370[K,m],0.00000000,0.00000000,0.00000000,0.00000000,0.00000000,0.00000000,0.00000000,0.00000000,0.00000000,0.00000000,0.00000000,0.00000000,0.00000000,0.00000000,0.00000000,0.00000000,0.00000000,0.00000000,0.00000000,0.00000000,0.00000000,0.00000000,0.00000000,0.00000000,0.00000000,0.00000000,NONE
R06370[K,p],0.00000000,0.00000000,0.00000000,0.00000000,0.00000000,0.00000000,0.00000000,0.00000000,0.00000000,0.00000000,0.00000000,0.00000000,0.00000000,0.00000000,0.00000000,0.00000000,0.00000000,0.00000000,0.00000000,0.00000000,0.00000000,0.00000000,0.00000000,0.00000000,0.00000000,0.00000000,NONE
R06370[K,x],0.00000000,0.00000000,0.00000000,0.00000000,0.00000000,0.00000000,0.00000000,0.00000000,0.00000000,0.00000000,0.00000000,0.00000000,0.00000000,0.00000000,0.00000000,0.00000000,0.00000000,0.00000000,0.00000000,0.00000000,0.00000000,0.00000000,0.00000000,0.00000000,0.00000000,0.00000000,NONE
R06401_mod[K,p],0.00000000,0.00000000,0.00000000,0.00000000,0.00000000,0.00000000,0.00000000,0.00000000,0.00000000,0.00000000,0.00000000,0.00000000,0.00000000,0.00000000,0.00000000,0.00000000,0.00000000,0.00000000,0.00000000,0.00000000,0.00000000,0.00000000,0.00000000,0.00000000,0.00000000,0.00000000,NONE
R06402[K,c],0.00000000,0.00000000,0.00000000,0.00000000,0.00000000,0.00000000,0.00000000,0.00000000,0.00000000,0.00000000,0.00000000,0.00000000,0.00000000,0.00000000,0.00000000,0.00000000,0.00000000,0.00000000,0.00000000,0.00000000,0.00000000,0.00000000,0.00000000,0.00000000,0.00000000,0.00000000,NONE
R06402[K,m],0.00000000,0.00000000,0.00000000,0.00000000,0.00000000,0.00000000,0.00000000,0.00000000,0.00000000,0.00000000,0.00000000,0.00000000,0.00000000,0.00000000,0.00000000,0.00000000,0.00000000,0.00000000,0.00000000,0.00000000,0.00000000,0.00000000,0.00000000,0.00000000,0.00000000,0.00000000,NONE
R06402[K,p],0.00000000,0.00000000,0.00000000,0.00000000,0.00000000,0.00000000,0.00000000,0.00000000,0.00000000,0.00000000,0.00000000,0.00000000,0.00000000,0.00000000,0.00000000,0.00000000,0.00000000,0.00000000,0.00000000,0.00000000,0.00000000,0.00000000,0.00000000,0.00000000,0.00000000,0.00000000,NONE
R06402[K,x],0.00000000,0.00000000,0.00000000,0.00000000,0.00000000,0.00000000,0.00000000,0.00000000,0.00000000,0.00000000,0.00000000,0.00000000,0.00000000,0.00000000,0.00000000,0.00000000,0.00000000,0.00000000,0.00000000,0.00000000,0.00000000,0.00000000,0.00000000,0.00000000,0.00000000,0.00000000,NONE
R06404_mod[K,p],0.00000000,0.00000000,0.00000000,0.00000000,0.00000000,0.00000000,0.00000000,0.00000000,0.00000000,0.00000000,0.00000000,0.00000000,0.00000000,0.00000000,0.00000000,0.00000000,0.00000000,0.00000000,0.00000000,0.00000000,0.00000000,0.00000000,0.00000000,0.00000000,0.00000000,0.00000000,NONE
R06405[K,c],0.00000000,0.00000000,0.00000000,0.00000000,0.00000000,0.00000000,0.00000000,0.00000000,0.00000000,0.00000000,0.00000000,0.00000000,0.00000000,0.00000000,0.00000000,0.00000000,0.00000000,0.00000000,0.00000000,0.00000000,0.00000000,0.00000000,0.00000000,0.00000000,0.00000000,0.00000000,NONE
R06405[K,m],0.00000000,0.00000000,0.00000000,0.00000000,0.00000000,0.00000000,0.00000000,0.00000000,0.00000000,0.00000000,0.00000000,0.00000000,0.00000000,0.00000000,0.00000000,0.00000000,0.00000000,0.00000000,0.00000000,0.00000000,0.00000000,0.00000000,0.00000000,0.00000000,0.00000000,0.00000000,NONE
R06405[K,p],0.00000000,0.00000000,0.00000000,0.00000000,0.00000000,0.00000000,0.00000000,0.00000000,0.00000000,0.00000000,0.00000000,0.00000000,0.00000000,0.00000000,0.00000000,0.00000000,0.00000000,0.00000000,0.00000000,0.00000000,0.00000000,0.00000000,0.00000000,0.00000000,0.00000000,0.00000000,NONE
R06405[K,x],0.00000000,0.00000000,0.00000000,0.00000000,0.00000000,0.00000000,0.00000000,0.00000000,0.00000000,0.00000000,0.00000000,0.00000000,0.00000000,0.00000000,0.00000000,0.00000000,0.00000000,0.00000000,0.00000000,0.00000000,0.00000000,0.00000000,0.00000000,0.00000000,0.00000000,0.00000000,NONE
R06411[K,x],0.00000000,0.00000000,0.00000000,0.00000000,0.00000000,0.00000000,0.00000000,0.00000000,0.00000000,0.00000000,0.00000000,0.00000000,0.00000000,0.00000000,0.00000000,0.00000000,0.00000000,0.00000000,0.00000000,0.00000000,0.00000000,0.00000000,0.00000000,0.00000000,0.00000000,0.00000000,NONE
R06412[K,x],0.00000000,0.00000000,0.00000000,0.00000000,0.00000000,0.00000000,0.00000000,0.00000000,0.00000000,0.00000000,0.00000000,0.00000000,0.00000000,0.00000000,0.00000000,0.00000000,0.00000000,0.00000000,0.00000000,0.00000000,0.00000000,0.00000000,0.00000000,0.00000000,0.00000000,0.00000000,NONE
R06413[K,c],0.00000000,0.00000000,0.00000000,0.00000000,0.00000000,0.00000000,0.00000000,0.00000000,0.00000000,0.00000000,0.00000000,0.00000000,0.00000000,0.00000000,0.00000000,0.00000000,0.00000000,0.00000000,0.00000000,0.00000000,0.00000000,0.00000000,0.00000000,0.00000000,0.00000000,0.00000000,NONE
R06413[K,m],0.00000000,0.00000000,0.00000000,0.00000000,0.00000000,0.00000000,0.00000000,0.00000000,0.00000000,0.00000000,0.00000000,0.00000000,0.00000000,0.00000000,0.00000000,0.00000000,0.00000000,0.00000000,0.00000000,0.00000000,0.00000000,0.00000000,0.00000000,0.00000000,0.00000000,0.00000000,NONE
R06413[K,p],0.00000000,0.00000000,0.00000000,0.00000000,0.00000000,0.00000000,0.00000000,0.00000000,0.00000000,0.00000000,0.00000000,0.00000000,0.00000000,0.00000000,0.00000000,0.00000000,0.00000000,0.00000000,0.00000000,0.00000000,0.00000000,0.00000000,0.00000000,0.00000000,0.00000000,0.00000000,NONE
R06413[K,x],0.00000000,0.00000000,0.00000000,0.00000000,0.00000000,0.00000000,0.00000000,0.00000000,0.00000000,0.00000000,0.00000000,0.00000000,0.00000000,0.00000000,0.00000000,0.00000000,0.00000000,0.00000000,0.00000000,0.00000000,0.00000000,0.00000000,0.00000000,0.00000000,0.00000000,0.00000000,NONE
R06415[K,p],0.00000000,0.00000000,0.00000000,0.00000000,0.00000000,0.00000000,0.00000000,0.00000000,0.00000000,0.00000000,0.00000000,0.00000000,0.00000000,0.00000000,0.00000000,0.00000000,0.00000000,0.00000000,0.00000000,0.00000000,0.00000000,0.00000000,0.00000000,0.00000000,0.00000000,0.00000000,NONE
R06513[K,c],0.00000000,0.00000000,0.00000000,0.00000000,0.00000000,0.00000000,0.00000000,0.00000000,0.00000000,0.00000000,0.00000000,0.00000000,0.00000000,0.00000000,0.00000000,0.00000000,0.00000000,0.00000000,0.00000000,0.00000000,0.00000000,0.00000000,0.00000000,0.00000000,0.00000000,0.00000000,NONE
R06513[K,p],0.00000000,0.00000000,0.00000000,0.00000000,0.00000000,0.00000000,0.00000000,0.00000000,0.00000000,0.00000000,0.00000000,0.00000000,0.00000000,0.00000000,0.00000000,0.00000000,0.00000000,0.00000000,0.00000000,0.00000000,0.00000000,0.00000000,0.00000000,0.00000000,0.00000000,0.00000000,NONE
R06516[K,m],0.00000000,0.00000000,0.00000000,0.00000000,0.00000000,0.00000000,0.00000000,0.00000000,0.00000000,0.00000000,0.00000000,0.00000000,0.00000000,0.00000000,0.00000000,0.00000000,0.00000000,0.00000000,0.00000000,0.00000000,0.00000000,0.00000000,0.00000000,0.00000000,0.00000000,0.00000000,NONE
R06516[K,p],0.00000000,0.00000000,0.00000000,0.00000000,0.00000000,0.00000000,0.00000000,0.00000000,0.00000000,0.00000000,0.00000000,0.00000000,0.00000000,0.00000000,0.00000000,0.00000000,0.00000000,0.00000000,0.00000000,0.00000000,0.00000000,0.00000000,0.00000000,0.00000000,0.00000000,0.00000000,NONE
R06516[K,pm],0.00000000,0.00000000,0.00000000,0.00000000,0.00000000,0.00000000,0.00000000,0.00000000,0.00000000,0.00000000,0.00000000,0.00000000,0.00000000,0.00000000,0.00000000,0.00000000,0.00000000,0.00000000,0.00000000,0.00000000,0.00000000,0.00000000,0.00000000,0.00000000,0.00000000,0.00000000,NONE
R06516[K,x],0.00000000,0.00000000,0.00000000,0.00000000,0.00000000,0.00000000,0.00000000,0.00000000,0.00000000,0.00000000,0.00000000,0.00000000,0.00000000,0.00000000,0.00000000,0.00000000,0.00000000,0.00000000,0.00000000,0.00000000,0.00000000,0.00000000,0.00000000,0.00000000,0.00000000,0.00000000,NONE
R06518[K,pm],0.00000000,0.00000000,0.00000000,0.00000000,0.00000000,0.00000000,0.00000000,0.00000000,0.00000000,0.00000000,0.00000000,0.00000000,0.00000000,0.00000000,0.00000000,0.00000000,0.00000000,0.00000000,0.00000000,0.00000000,0.00000000,0.00000000,0.00000000,0.00000000,0.00000000,0.00000000,NONE
R06519[K,p],0.00000000,0.00000000,0.00000000,0.00000000,0.00000000,0.00000000,0.00000000,0.00000000,0.00000000,0.00000000,0.00000000,0.00000000,0.00000000,0.00000000,0.00000000,0.00000000,0.00000000,0.00000000,0.00000000,0.00000000,0.00000000,0.00000000,0.00000000,0.00000000,0.00000000,0.00000000,NONE
R06520[K,pm],0.00000000,0.00000000,0.00000000,0.00000000,0.00000000,0.00000000,0.00000000,0.00000000,0.00000000,0.00000000,0.00000000,0.00000000,0.00000000,0.00000000,0.00000000,0.00000000,0.00000000,0.00000000,0.00000000,0.00000000,0.00000000,0.00000000,0.00000000,0.00000000,0.00000000,0.00000000,NONE
R06521[K,pm],0.00000000,0.00000000,0.00000000,0.00000000,0.00000000,0.00000000,0.00000000,0.00000000,0.00000000,0.00000000,0.00000000,0.00000000,0.00000000,0.00000000,0.00000000,0.00000000,0.00000000,0.00000000,0.00000000,0.00000000,0.00000000,0.00000000,0.00000000,0.00000000,0.00000000,0.00000000,NONE
R06539[K,c],0.00000000,0.00000000,0.00000000,0.00000000,0.00000000,0.00000000,0.00000000,0.00000000,0.00000000,0.00000000,0.00000000,0.00000000,0.00000000,0.00000000,0.00000000,0.00000000,0.00000000,0.00000000,0.00000000,0.00000000,0.00000000,0.00000000,0.00000000,0.00000000,0.00000000,0.00000000,NONE
R06556[K,c],0.00000000,0.00000000,0.00000000,0.00000000,0.00000000,0.00000000,0.00000000,0.00000000,0.00000000,0.00000000,0.00000000,0.00000000,0.00000000,0.00000000,0.00000000,0.00000000,0.00000000,0.00000000,0.00000000,0.00000000,0.00000000,0.00000000,0.00000000,0.00000000,0.00000000,0.00000000,NONE
R06556[K,p],0.00000000,0.00000000,0.00000000,0.00000000,0.00000000,0.00000000,0.00000000,0.00000000,0.00000000,0.00000000,0.00000000,0.00000000,0.00000000,0.00000000,0.00000000,0.00000000,0.00000000,0.00000000,0.00000000,0.00000000,0.00000000,0.00000000,0.00000000,0.00000000,0.00000000,0.00000000,NONE
R06562[K,c],0.00000000,0.00000000,0.00000000,0.00000000,0.00000000,0.00000000,0.00000000,0.00000000,0.00000000,0.00000000,0.00000000,0.00000000,0.00000000,0.00000000,0.00000000,0.00000000,0.00000000,0.00000000,0.00000000,0.00000000,0.00000000,0.00000000,0.00000000,0.00000000,0.00000000,0.00000000,NONE
R06568[K,c],0.00000000,0.00000000,0.00000000,0.00000000,0.00000000,0.00000000,0.00000000,0.00000000,0.00000000,0.00000000,0.00000000,0.00000000,0.00000000,0.00000000,0.00000000,0.00000000,0.00000000,0.00000000,0.00000000,0.00000000,0.00000000,0.00000000,0.00000000,0.00000000,0.00000000,0.00000000,NONE
R06568[K,p],0.00000000,0.00000000,0.00000000,0.00000000,0.00000000,0.00000000,0.00000000,0.00000000,0.00000000,0.00000000,0.00000000,0.00000000,0.00000000,0.00000000,0.00000000,0.00000000,0.00000000,0.00000000,0.00000000,0.00000000,0.00000000,0.00000000,0.00000000,0.00000000,0.00000000,0.00000000,NONE
R06582[K,c],0.00000000,0.00000000,0.00000000,0.00000000,0.00000000,0.00000000,0.00000000,0.00000000,0.00000000,0.00000000,0.00000000,0.00000000,0.00000000,0.00000000,0.00000000,0.00000000,0.00000000,0.00000000,0.00000000,0.00000000,0.00000000,0.00000000,0.00000000,0.00000000,0.00000000,0.00000000,NONE
R06590[K,p],0.00000000,0.00000000,0.00000000,0.00000000,0.00000000,0.00000000,0.00000000,0.00000000,0.00000000,0.00000000,0.00000000,0.00000000,0.00000000,0.00000000,0.00000000,0.00000000,0.00000000,0.00000000,0.00000000,0.00000000,0.00000000,0.00000000,0.00000000,0.00000000,0.00000000,0.00000000,NONE
R06611[K,c],0.00000000,0.00000000,0.00000000,0.00000000,0.00000000,0.00000000,0.00000000,0.00000000,0.00000000,0.00000000,0.00000000,0.00000000,0.00000000,0.00000000,0.00000000,0.00000000,0.00000000,0.00000000,0.00000000,0.00000000,0.00000000,0.00000000,0.00000000,0.00000000,0.00000000,0.00000000,NONE
R06740[K,m],0.00000000,0.00000000,0.00000000,0.00000000,0.00000000,0.00000000,0.00000000,0.00000000,0.00000000,0.00000000,0.00000000,0.00000000,0.00000000,0.00000000,0.00000000,0.00000000,0.00000000,0.00000000,0.00000000,0.00000000,0.00000000,0.00000000,0.00000000,0.00000000,0.00000000,0.00000000,NONE
R06740[K,x],0.00000000,0.00000000,0.00000000,0.00000000,0.00000000,0.00000000,0.00000000,0.00000000,0.00000000,0.00000000,0.00000000,0.00000000,0.00000000,0.00000000,0.00000000,0.00000000,0.00000000,0.00000000,0.00000000,0.00000000,0.00000000,0.00000000,0.00000000,0.00000000,0.00000000,0.00000000,NONE
R06810[K,c],0.00000000,0.00000000,0.00000000,0.00000000,0.00000000,0.00000000,0.00000000,0.00000000,0.00000000,0.00000000,0.00000000,0.00000000,0.00000000,0.00000000,0.00000000,0.00000000,0.00000000,0.00000000,0.00000000,0.00000000,0.00000000,0.00000000,0.00000000,0.00000000,0.00000000,0.00000000,NONE
R06853[K,c],0.00000000,0.00000000,0.00000000,0.00000000,0.00000000,0.00000000,0.00000000,0.00000000,0.00000000,0.00000000,0.00000000,0.00000000,0.00000000,0.00000000,0.00000000,0.00000000,0.00000000,0.00000000,0.00000000,0.00000000,0.00000000,0.00000000,0.00000000,0.00000000,0.00000000,0.00000000,NONE
R06853[K,m],0.00000000,0.00000000,0.00000000,0.00000000,0.00000000,0.00000000,0.00000000,0.00000000,0.00000000,0.00000000,0.00000000,0.00000000,0.00000000,0.00000000,0.00000000,0.00000000,0.00000000,0.00000000,0.00000000,0.00000000,0.00000000,0.00000000,0.00000000,0.00000000,0.00000000,0.00000000,NONE
R06853[K,p],0.00000000,0.00000000,0.00000000,0.00000000,0.00000000,0.00000000,0.00000000,0.00000000,0.00000000,0.00000000,0.00000000,0.00000000,0.00000000,0.00000000,0.00000000,0.00000000,0.00000000,0.00000000,0.00000000,0.00000000,0.00000000,0.00000000,0.00000000,0.00000000,0.00000000,0.00000000,NONE
R06854[K,c],0.00000000,0.00000000,0.00000000,0.00000000,0.00000000,0.00000000,0.00000000,0.00000000,0.00000000,0.00000000,0.00000000,0.00000000,0.00000000,0.00000000,0.00000000,0.00000000,0.00000000,0.00000000,0.00000000,0.00000000,0.00000000,0.00000000,0.00000000,0.00000000,0.00000000,0.00000000,NONE
R06854[K,m],0.00000000,0.00000000,0.00000000,0.00000000,0.00000000,0.00000000,0.00000000,0.00000000,0.00000000,0.00000000,0.00000000,0.00000000,0.00000000,0.00000000,0.00000000,0.00000000,0.00000000,0.00000000,0.00000000,0.00000000,0.00000000,0.00000000,0.00000000,0.00000000,0.00000000,0.00000000,NONE
R06854[K,p],0.00000000,0.00000000,0.00000000,0.00000000,0.00000000,0.00000000,0.00000000,0.00000000,0.00000000,0.00000000,0.00000000,0.00000000,0.00000000,0.00000000,0.00000000,0.00000000,0.00000000,0.00000000,0.00000000,0.00000000,0.00000000,0.00000000,0.00000000,0.00000000,0.00000000,0.00000000,NONE
R06858[K,p],0.00000000,0.00000000,0.00000000,0.00000000,0.00000000,0.00000000,0.00000000,0.00000000,0.00000000,0.00000000,0.00000000,0.00000000,0.00000000,0.00000000,0.00000000,0.00000000,0.00000000,0.00000000,0.00000000,0.00000000,0.00000000,0.00000000,0.00000000,0.00000000,0.00000000,0.00000000,NONE
R06859[K,m],0.00000000,0.00000000,0.00000000,0.00000000,0.00000000,0.00000000,0.00000000,0.00000000,0.00000000,0.00000000,0.00000000,0.00000000,0.00000000,0.00000000,0.00000000,0.00000000,0.00000000,0.00000000,0.00000000,0.00000000,0.00000000,0.00000000,0.00000000,0.00000000,0.00000000,0.00000000,NONE
R06859[K,p],0.00000000,0.00000000,0.00000000,0.00000000,0.00000000,0.00000000,0.00000000,0.00000000,0.00000000,0.00000000,0.00000000,0.00000000,0.00000000,0.00000000,0.00000000,0.00000000,0.00000000,0.00000000,0.00000000,0.00000000,0.00000000,0.00000000,0.00000000,0.00000000,0.00000000,0.00000000,NONE
R06859[K,x],0.00000000,0.00000000,0.00000000,0.00000000,0.00000000,0.00000000,0.00000000,0.00000000,0.00000000,0.00000000,0.00000000,0.00000000,0.00000000,0.00000000,0.00000000,0.00000000,0.00000000,0.00000000,0.00000000,0.00000000,0.00000000,0.00000000,0.00000000,0.00000000,0.00000000,0.00000000,NONE
R06867_mod[K,m],0.00000000,0.00000000,0.00000000,0.00000000,0.00000000,0.00000000,0.00000000,0.00000000,0.00000000,0.00000000,0.00000000,0.00000000,0.00000000,0.00000000,0.00000000,0.00000000,0.00000000,0.00000000,0.00000000,0.00000000,0.00000000,0.00000000,0.00000000,0.00000000,0.00000000,0.00000000,NONE
R06867_mod[K,p],0.00000000,0.00000000,0.00000000,0.00000000,0.00000000,0.00000000,0.00000000,0.00000000,0.00000000,0.00000000,0.00000000,0.00000000,0.00000000,0.00000000,0.00000000,0.00000000,0.00000000,0.00000000,0.00000000,0.00000000,0.00000000,0.00000000,0.00000000,0.00000000,0.00000000,0.00000000,NONE
R06867_mod[K,x],0.00000000,0.00000000,0.00000000,0.00000000,0.00000000,0.00000000,0.00000000,0.00000000,0.00000000,0.00000000,0.00000000,0.00000000,0.00000000,0.00000000,0.00000000,0.00000000,0.00000000,0.00000000,0.00000000,0.00000000,0.00000000,0.00000000,0.00000000,0.00000000,0.00000000,0.00000000,NONE
R06906[K,p],0.00000000,0.00000000,0.00000000,0.00000000,0.00000000,0.00000000,0.00000000,0.00000000,0.00000000,0.00000000,0.00000000,0.00000000,0.00000000,0.00000000,0.00000000,0.00000000,0.00000000,0.00000000,0.00000000,0.00000000,0.00000000,0.00000000,0.00000000,0.00000000,0.00000000,0.00000000,NONE
R06907[K,c],0.00000000,0.00000000,0.00000000,0.00000000,0.00000000,0.00000000,0.00000000,0.00000000,0.00000000,0.00000000,0.00000000,0.00000000,0.00000000,0.00000000,0.00000000,0.00000000,0.00000000,0.00000000,0.00000000,0.00000000,0.00000000,0.00000000,0.00000000,0.00000000,0.00000000,0.00000000,NONE
R06907[K,p],0.00000000,0.00000000,0.00000000,0.00000000,0.00000000,0.00000000,0.00000000,0.00000000,0.00000000,0.00000000,0.00000000,0.00000000,0.00000000,0.00000000,0.00000000,0.00000000,0.00000000,0.00000000,0.00000000,0.00000000,0.00000000,0.00000000,0.00000000,0.00000000,0.00000000,0.00000000,NONE
R06913[K,p],0.00000000,0.00000000,0.00000000,0.00000000,0.00000000,0.00000000,0.00000000,0.00000000,0.00000000,0.00000000,0.00000000,0.00000000,0.00000000,0.00000000,0.00000000,0.00000000,0.00000000,0.00000000,0.00000000,0.00000000,0.00000000,0.00000000,0.00000000,0.00000000,0.00000000,0.00000000,NONE
R06920[K,c],0.00000000,0.00000000,0.00000000,0.00000000,0.00000000,0.00000000,0.00000000,0.00000000,0.00000000,0.00000000,0.00000000,0.00000000,0.00000000,0.00000000,0.00000000,0.00000000,0.00000000,0.00000000,0.00000000,0.00000000,0.00000000,0.00000000,0.00000000,0.00000000,0.00000000,0.00000000,NONE
R06920[K,p],0.00000000,0.00000000,0.00000000,0.00000000,0.00000000,0.00000000,0.00000000,0.00000000,0.00000000,0.00000000,0.00000000,0.00000000,0.00000000,0.00000000,0.00000000,0.00000000,0.00000000,0.00000000,0.00000000,0.00000000,0.00000000,0.00000000,0.00000000,0.00000000,0.00000000,0.00000000,NONE
R06941[K,x],0.00000000,0.00000000,0.00000000,0.00000000,0.00000000,0.00000000,0.00000000,0.00000000,0.00000000,0.00000000,0.00000000,0.00000000,0.00000000,0.00000000,0.00000000,0.00000000,0.00000000,0.00000000,0.00000000,0.00000000,0.00000000,0.00000000,0.00000000,0.00000000,0.00000000,0.00000000,NONE
R06942[K,x],0.00000000,0.00000000,0.00000000,0.00000000,0.00000000,0.00000000,0.00000000,0.00000000,0.00000000,0.00000000,0.00000000,0.00000000,0.00000000,0.00000000,0.00000000,0.00000000,0.00000000,0.00000000,0.00000000,0.00000000,0.00000000,0.00000000,0.00000000,0.00000000,0.00000000,0.00000000,NONE
R06975[K,p],0.00000000,0.00000000,0.00000000,0.00000000,0.00000000,0.00000000,0.00000000,0.00000000,0.00000000,0.00000000,0.00000000,0.00000000,0.00000000,0.00000000,0.00000000,0.00000000,0.00000000,0.00000000,0.00000000,0.00000000,0.00000000,0.00000000,0.00000000,0.00000000,0.00000000,0.00000000,NONE
R07002[K,p],0.00000000,0.00000000,0.00000000,0.00000000,0.00000000,0.00000000,0.00000000,0.00000000,0.00000000,0.00000000,0.00000000,0.00000000,0.00000000,0.00000000,0.00000000,0.00000000,0.00000000,0.00000000,0.00000000,0.00000000,0.00000000,0.00000000,0.00000000,0.00000000,0.00000000,0.00000000,NONE
R07003[K,p],0.00000000,0.00000000,0.00000000,0.00000000,0.00000000,0.00000000,0.00000000,0.00000000,0.00000000,0.00000000,0.00000000,0.00000000,0.00000000,0.00000000,0.00000000,0.00000000,0.00000000,0.00000000,0.00000000,0.00000000,0.00000000,0.00000000,0.00000000,0.00000000,0.00000000,0.00000000,NONE
R07004[K,p],0.00000000,0.00000000,0.00000000,0.00000000,0.00000000,0.00000000,0.00000000,0.00000000,0.00000000,0.00000000,0.00000000,0.00000000,0.00000000,0.00000000,0.00000000,0.00000000,0.00000000,0.00000000,0.00000000,0.00000000,0.00000000,0.00000000,0.00000000,0.00000000,0.00000000,0.00000000,NONE
R07023[K,p],0.00000000,0.00000000,0.00000000,0.00000000,0.00000000,0.00000000,0.00000000,0.00000000,0.00000000,0.00000000,0.00000000,0.00000000,0.00000000,0.00000000,0.00000000,0.00000000,0.00000000,0.00000000,0.00000000,0.00000000,0.00000000,0.00000000,0.00000000,0.00000000,0.00000000,0.00000000,NONE
R07024[K,p],0.00000000,0.00000000,0.00000000,0.00000000,0.00000000,0.00000000,0.00000000,0.00000000,0.00000000,0.00000000,0.00000000,0.00000000,0.00000000,0.00000000,0.00000000,0.00000000,0.00000000,0.00000000,0.00000000,0.00000000,0.00000000,0.00000000,0.00000000,0.00000000,0.00000000,0.00000000,NONE
R07025[K,p],0.00000000,0.00000000,0.00000000,0.00000000,0.00000000,0.00000000,0.00000000,0.00000000,0.00000000,0.00000000,0.00000000,0.00000000,0.00000000,0.00000000,0.00000000,0.00000000,0.00000000,0.00000000,0.00000000,0.00000000,0.00000000,0.00000000,0.00000000,0.00000000,0.00000000,0.00000000,NONE
R07026[K,p],0.00000000,0.00000000,0.00000000,0.00000000,0.00000000,0.00000000,0.00000000,0.00000000,0.00000000,0.00000000,0.00000000,0.00000000,0.00000000,0.00000000,0.00000000,0.00000000,0.00000000,0.00000000,0.00000000,0.00000000,0.00000000,0.00000000,0.00000000,0.00000000,0.00000000,0.00000000,NONE
R07034[K,p],0.00000000,0.00000000,0.00000000,0.00000000,0.00000000,0.00000000,0.00000000,0.00000000,0.00000000,0.00000000,0.00000000,0.00000000,0.00000000,0.00000000,0.00000000,0.00000000,0.00000000,0.00000000,0.00000000,0.00000000,0.00000000,0.00000000,0.00000000,0.00000000,0.00000000,0.00000000,NONE
R07035[K,p],0.00000000,0.00000000,0.00000000,0.00000000,0.00000000,0.00000000,0.00000000,0.00000000,0.00000000,0.00000000,0.00000000,0.00000000,0.00000000,0.00000000,0.00000000,0.00000000,0.00000000,0.00000000,0.00000000,0.00000000,0.00000000,0.00000000,0.00000000,0.00000000,0.00000000,0.00000000,NONE
R07069[K,p],0.00000000,0.00000000,0.00000000,0.00000000,0.00000000,0.00000000,0.00000000,0.00000000,0.00000000,0.00000000,0.00000000,0.00000000,0.00000000,0.00000000,0.00000000,0.00000000,0.00000000,0.00000000,0.00000000,0.00000000,0.00000000,0.00000000,0.00000000,0.00000000,0.00000000,0.00000000,NONE
R07070[K,p],0.00000000,0.00000000,0.00000000,0.00000000,0.00000000,0.00000000,0.00000000,0.00000000,0.00000000,0.00000000,0.00000000,0.00000000,0.00000000,0.00000000,0.00000000,0.00000000,0.00000000,0.00000000,0.00000000,0.00000000,0.00000000,0.00000000,0.00000000,0.00000000,0.00000000,0.00000000,NONE
R07083[K,p],0.00000000,0.00000000,0.00000000,0.00000000,0.00000000,0.00000000,0.00000000,0.00000000,0.00000000,0.00000000,0.00000000,0.00000000,0.00000000,0.00000000,0.00000000,0.00000000,0.00000000,0.00000000,0.00000000,0.00000000,0.00000000,0.00000000,0.00000000,0.00000000,0.00000000,0.00000000,NONE
R07084[K,p],0.00000000,0.00000000,0.00000000,0.00000000,0.00000000,0.00000000,0.00000000,0.00000000,0.00000000,0.00000000,0.00000000,0.00000000,0.00000000,0.00000000,0.00000000,0.00000000,0.00000000,0.00000000,0.00000000,0.00000000,0.00000000,0.00000000,0.00000000,0.00000000,0.00000000,0.00000000,NONE
R07091[K,p],0.00000000,0.00000000,0.00000000,0.00000000,0.00000000,0.00000000,0.00000000,0.00000000,0.00000000,0.00000000,0.00000000,0.00000000,0.00000000,0.00000000,0.00000000,0.00000000,0.00000000,0.00000000,0.00000000,0.00000000,0.00000000,0.00000000,0.00000000,0.00000000,0.00000000,0.00000000,NONE
R07092[K,p],0.00000000,0.00000000,0.00000000,0.00000000,0.00000000,0.00000000,0.00000000,0.00000000,0.00000000,0.00000000,0.00000000,0.00000000,0.00000000,0.00000000,0.00000000,0.00000000,0.00000000,0.00000000,0.00000000,0.00000000,0.00000000,0.00000000,0.00000000,0.00000000,0.00000000,0.00000000,NONE
R07093[K,p],0.00000000,0.00000000,0.00000000,0.00000000,0.00000000,0.00000000,0.00000000,0.00000000,0.00000000,0.00000000,0.00000000,0.00000000,0.00000000,0.00000000,0.00000000,0.00000000,0.00000000,0.00000000,0.00000000,0.00000000,0.00000000,0.00000000,0.00000000,0.00000000,0.00000000,0.00000000,NONE
R07094[K,p],0.00000000,0.00000000,0.00000000,0.00000000,0.00000000,0.00000000,0.00000000,0.00000000,0.00000000,0.00000000,0.00000000,0.00000000,0.00000000,0.00000000,0.00000000,0.00000000,0.00000000,0.00000000,0.00000000,0.00000000,0.00000000,0.00000000,0.00000000,0.00000000,0.00000000,0.00000000,NONE
R07100[K,p],0.00000000,0.00000000,0.00000000,0.00000000,0.00000000,0.00000000,0.00000000,0.00000000,0.00000000,0.00000000,0.00000000,0.00000000,0.00000000,0.00000000,0.00000000,0.00000000,0.00000000,0.00000000,0.00000000,0.00000000,0.00000000,0.00000000,0.00000000,0.00000000,0.00000000,0.00000000,NONE
R07113[K,p],0.00000000,0.00000000,0.00000000,0.00000000,0.00000000,0.00000000,0.00000000,0.00000000,0.00000000,0.00000000,0.00000000,0.00000000,0.00000000,0.00000000,0.00000000,0.00000000,0.00000000,0.00000000,0.00000000,0.00000000,0.00000000,0.00000000,0.00000000,0.00000000,0.00000000,0.00000000,NONE
R07116[K,p],0.00000000,0.00000000,0.00000000,0.00000000,0.00000000,0.00000000,0.00000000,0.00000000,0.00000000,0.00000000,0.00000000,0.00000000,0.00000000,0.00000000,0.00000000,0.00000000,0.00000000,0.00000000,0.00000000,0.00000000,0.00000000,0.00000000,0.00000000,0.00000000,0.00000000,0.00000000,NONE
R07140[K,c],0.00000000,0.00000000,0.00000000,0.00000000,0.00000000,0.00000000,0.00000000,0.00000000,0.00000000,0.00000000,0.00000000,0.00000000,0.00000000,0.00000000,0.00000000,0.00000000,0.00000000,0.00000000,0.00000000,0.00000000,0.00000000,0.00000000,0.00000000,0.00000000,0.00000000,0.00000000,NONE
R07145[K,c],0.00000000,0.00000000,0.00000000,0.00000000,0.00000000,0.00000000,0.00000000,0.00000000,0.00000000,0.00000000,0.00000000,0.00000000,0.00000000,0.00000000,0.00000000,0.00000000,0.00000000,0.00000000,0.00000000,0.00000000,0.00000000,0.00000000,0.00000000,0.00000000,0.00000000,0.00000000,NONE
R07168[K,c],0.00000000,0.00000000,0.00000000,0.00000000,0.00000000,0.00000000,0.00000000,0.00000000,0.00000000,0.00000000,0.00000000,0.00000000,0.00000000,0.00000000,0.00000000,0.00000000,0.00000000,0.00000000,0.00000000,0.00000000,0.00000000,0.00000000,0.00000000,0.00000000,0.00000000,0.00000000,NONE
R07226[K,m],0.00000000,0.00000000,0.00000000,0.00000000,0.00000000,0.00000000,0.00000000,0.00000000,0.00000000,0.00000000,0.00000000,0.00000000,0.00000000,0.00000000,0.00000000,0.00000000,0.00000000,0.00000000,0.00000000,0.00000000,0.00000000,0.00000000,0.00000000,0.00000000,0.00000000,0.00000000,NONE
R07237[K,p],0.00000000,0.00000000,0.00000000,0.00000000,0.00000000,0.00000000,0.00000000,0.00000000,0.00000000,0.00000000,0.00000000,0.00000000,0.00000000,0.00000000,0.00000000,0.00000000,0.00000000,0.00000000,0.00000000,0.00000000,0.00000000,0.00000000,0.00000000,0.00000000,0.00000000,0.00000000,NONE
R07238[K,p],0.00000000,0.00000000,0.00000000,0.00000000,0.00000000,0.00000000,0.00000000,0.00000000,0.00000000,0.00000000,0.00000000,0.00000000,0.00000000,0.00000000,0.00000000,0.00000000,0.00000000,0.00000000,0.00000000,0.00000000,0.00000000,0.00000000,0.00000000,0.00000000,0.00000000,0.00000000,NONE
R07259[K,c],0.00000000,0.00000000,0.00000000,0.00000000,0.00000000,0.00000000,0.00000000,0.00000000,0.00000000,0.00000000,0.00000000,0.00000000,0.00000000,0.00000000,0.00000000,0.00000000,0.00000000,0.00000000,0.00000000,0.00000000,0.00000000,0.00000000,0.00000000,0.00000000,0.00000000,0.00000000,NONE
R07260[K,p],0.00000000,0.00000000,0.00000000,0.00000000,0.00000000,0.00000000,0.00000000,0.00000000,0.00000000,0.00000000,0.00000000,0.00000000,0.00000000,0.00000000,0.00000000,0.00000000,0.00000000,0.00000000,0.00000000,0.00000000,0.00000000,0.00000000,0.00000000,0.00000000,0.00000000,0.00000000,NONE
R07261_mod[K,c],0.00000000,0.00000000,0.00000000,0.00000000,0.00000000,0.00000000,0.00000000,0.00000000,0.00000000,0.00000000,0.00000000,0.00000000,0.00000000,0.00000000,0.00000000,0.00000000,0.00000000,0.00000000,0.00000000,0.00000000,0.00000000,0.00000000,0.00000000,0.00000000,0.00000000,0.00000000,NONE
R07276[K,c],0.00000000,0.00000000,0.00000000,0.00000000,0.00000000,0.00000000,0.00000000,0.00000000,0.00000000,0.00000000,0.00000000,0.00000000,0.00000000,0.00000000,0.00000000,0.00000000,0.00000000,0.00000000,0.00000000,0.00000000,0.00000000,0.00000000,0.00000000,0.00000000,0.00000000,0.00000000,NONE
R07281[K,p],0.00000000,0.00000000,0.00000000,0.00000000,0.00000000,0.00000000,0.00000000,0.00000000,0.00000000,0.00000000,0.00000000,0.00000000,0.00000000,0.00000000,0.00000000,0.00000000,0.00000000,0.00000000,0.00000000,0.00000000,0.00000000,0.00000000,0.00000000,0.00000000,0.00000000,0.00000000,NONE
R07297[K,c],0.00000000,0.00000000,0.00000000,0.00000000,0.00000000,0.00000000,0.00000000,0.00000000,0.00000000,0.00000000,0.00000000,0.00000000,0.00000000,0.00000000,0.00000000,0.00000000,0.00000000,0.00000000,0.00000000,0.00000000,0.00000000,0.00000000,0.00000000,0.00000000,0.00000000,0.00000000,NONE
R07316[K,c],0.00000000,0.00000000,0.00000000,0.00000000,0.00000000,0.00000000,0.00000000,0.00000000,0.00000000,0.00000000,0.00000000,0.00000000,0.00000000,0.00000000,0.00000000,0.00000000,0.00000000,0.00000000,0.00000000,0.00000000,0.00000000,0.00000000,0.00000000,0.00000000,0.00000000,0.00000000,NONE
R07316[K,m],0.00000000,0.00000000,0.00000000,0.00000000,0.00000000,0.00000000,0.00000000,0.00000000,0.00000000,0.00000000,0.00000000,0.00000000,0.00000000,0.00000000,0.00000000,0.00000000,0.00000000,0.00000000,0.00000000,0.00000000,0.00000000,0.00000000,0.00000000,0.00000000,0.00000000,0.00000000,NONE
R07316[K,p],0.00000000,0.00000000,0.00000000,0.00000000,0.00000000,0.00000000,0.00000000,0.00000000,0.00000000,0.00000000,0.00000000,0.00000000,0.00000000,0.00000000,0.00000000,0.00000000,0.00000000,0.00000000,0.00000000,0.00000000,0.00000000,0.00000000,0.00000000,0.00000000,0.00000000,0.00000000,NONE
R07344[K,c],0.00000000,0.00000000,0.00000000,0.00000000,0.00000000,0.00000000,0.00000000,0.00000000,0.00000000,0.00000000,0.00000000,0.00000000,0.00000000,0.00000000,0.00000000,0.00000000,0.00000000,0.00000000,0.00000000,0.00000000,0.00000000,0.00000000,0.00000000,0.00000000,0.00000000,0.00000000,NONE
R07350[K,c],0.00000000,0.00000000,0.00000000,0.00000000,0.00000000,0.00000000,0.00000000,0.00000000,0.00000000,0.00000000,0.00000000,0.00000000,0.00000000,0.00000000,0.00000000,0.00000000,0.00000000,0.00000000,0.00000000,0.00000000,0.00000000,0.00000000,0.00000000,0.00000000,0.00000000,0.00000000,NONE
R07363[K,c],0.00000000,0.00000000,0.00000000,0.00000000,0.00000000,0.00000000,0.00000000,0.00000000,0.00000000,0.00000000,0.00000000,0.00000000,0.00000000,0.00000000,0.00000000,0.00000000,0.00000000,0.00000000,0.00000000,0.00000000,0.00000000,0.00000000,0.00000000,0.00000000,0.00000000,0.00000000,NONE
R07363[K,m],0.00000000,0.00000000,0.00000000,0.00000000,0.00000000,0.00000000,0.00000000,0.00000000,0.00000000,0.00000000,0.00000000,0.00000000,0.00000000,0.00000000,0.00000000,0.00000000,0.00000000,0.00000000,0.00000000,0.00000000,0.00000000,0.00000000,0.00000000,0.00000000,0.00000000,0.00000000,NONE
R07363[K,p],0.00000000,0.00000000,0.00000000,0.00000000,0.00000000,0.00000000,0.00000000,0.00000000,0.00000000,0.00000000,0.00000000,0.00000000,0.00000000,0.00000000,0.00000000,0.00000000,0.00000000,0.00000000,0.00000000,0.00000000,0.00000000,0.00000000,0.00000000,0.00000000,0.00000000,0.00000000,NONE
R07363[K,x],0.00000000,0.00000000,0.00000000,0.00000000,0.00000000,0.00000000,0.00000000,0.00000000,0.00000000,0.00000000,0.00000000,0.00000000,0.00000000,0.00000000,0.00000000,0.00000000,0.00000000,0.00000000,0.00000000,0.00000000,0.00000000,0.00000000,0.00000000,0.00000000,0.00000000,0.00000000,NONE
R07364[K,c],0.00000000,0.00000000,0.00000000,0.00000000,0.00000000,0.00000000,0.00000000,0.00000000,0.00000000,0.00000000,0.00000000,0.00000000,0.00000000,0.00000000,0.00000000,0.00000000,0.00000000,0.00000000,0.00000000,0.00000000,0.00000000,0.00000000,0.00000000,0.00000000,0.00000000,0.00000000,NONE
R07384[K,m],0.00000000,0.00000000,0.00000000,0.00000000,0.00000000,0.00000000,0.00000000,0.00000000,0.00000000,0.00000000,0.00000000,0.00000000,0.00000000,0.00000000,0.00000000,0.00000000,0.00000000,0.00000000,0.00000000,0.00000000,0.00000000,0.00000000,0.00000000,0.00000000,0.00000000,0.00000000,NONE
R07384[K,p],0.00000000,0.00000000,0.00000000,0.00000000,0.00000000,0.00000000,0.00000000,0.00000000,0.00000000,0.00000000,0.00000000,0.00000000,0.00000000,0.00000000,0.00000000,0.00000000,0.00000000,0.00000000,0.00000000,0.00000000,0.00000000,0.00000000,0.00000000,0.00000000,0.00000000,0.00000000,NONE
R07384[K,x],0.00000000,0.00000000,0.00000000,0.00000000,0.00000000,0.00000000,0.00000000,0.00000000,0.00000000,0.00000000,0.00000000,0.00000000,0.00000000,0.00000000,0.00000000,0.00000000,0.00000000,0.00000000,0.00000000,0.00000000,0.00000000,0.00000000,0.00000000,0.00000000,0.00000000,0.00000000,NONE
R07385[K,c],0.00000000,0.00000000,0.00000000,0.00000000,0.00000000,0.00000000,0.00000000,0.00000000,0.00000000,0.00000000,0.00000000,0.00000000,0.00000000,0.00000000,0.00000000,0.00000000,0.00000000,0.00000000,0.00000000,0.00000000,0.00000000,0.00000000,0.00000000,0.00000000,0.00000000,0.00000000,NONE
R07386[K,c],0.00000000,0.00000000,0.00000000,0.00000000,0.00000000,0.00000000,0.00000000,0.00000000,0.00000000,0.00000000,0.00000000,0.00000000,0.00000000,0.00000000,0.00000000,0.00000000,0.00000000,0.00000000,0.00000000,0.00000000,0.00000000,0.00000000,0.00000000,0.00000000,0.00000000,0.00000000,NONE
R07388[K,c],0.00000000,0.00000000,0.00000000,0.00000000,0.00000000,0.00000000,0.00000000,0.00000000,0.00000000,0.00000000,0.00000000,0.00000000,0.00000000,0.00000000,0.00000000,0.00000000,0.00000000,0.00000000,0.00000000,0.00000000,0.00000000,0.00000000,0.00000000,0.00000000,0.00000000,0.00000000,NONE
R07392[K,c],0.00000000,0.00000000,0.00000000,0.00000000,0.00000000,0.00000000,0.00000000,0.00000000,0.00000000,0.00000000,0.00000000,0.00000000,0.00000000,0.00000000,0.00000000,0.00000000,0.00000000,0.00000000,0.00000000,0.00000000,0.00000000,0.00000000,0.00000000,0.00000000,0.00000000,0.00000000,NONE
R07393[K,c],0.00000000,0.00000000,0.00000000,0.00000000,0.00000000,0.00000000,0.00000000,0.00000000,0.00000000,0.00000000,0.00000000,0.00000000,0.00000000,0.00000000,0.00000000,0.00000000,0.00000000,0.00000000,0.00000000,0.00000000,0.00000000,0.00000000,0.00000000,0.00000000,0.00000000,0.00000000,NONE
R07394[K,c],0.00000000,0.00000000,0.00000000,0.00000000,0.00000000,0.00000000,0.00000000,0.00000000,0.00000000,0.00000000,0.00000000,0.00000000,0.00000000,0.00000000,0.00000000,0.00000000,0.00000000,0.00000000,0.00000000,0.00000000,0.00000000,0.00000000,0.00000000,0.00000000,0.00000000,0.00000000,NONE
R07431[K,m],0.00000000,0.00000000,0.00000000,0.00000000,0.00000000,0.00000000,0.00000000,0.00000000,0.00000000,0.00000000,0.00000000,0.00000000,0.00000000,0.00000000,0.00000000,0.00000000,0.00000000,0.00000000,0.00000000,0.00000000,0.00000000,0.00000000,0.00000000,0.00000000,0.00000000,0.00000000,NONE
R07431[K,p],0.00000000,0.00000000,0.00000000,0.00000000,0.00000000,0.00000000,0.00000000,0.00000000,0.00000000,0.00000000,0.00000000,0.00000000,0.00000000,0.00000000,0.00000000,0.00000000,0.00000000,0.00000000,0.00000000,0.00000000,0.00000000,0.00000000,0.00000000,0.00000000,0.00000000,0.00000000,NONE
R07431[K,x],0.00000000,0.00000000,0.00000000,0.00000000,0.00000000,0.00000000,0.00000000,0.00000000,0.00000000,0.00000000,0.00000000,0.00000000,0.00000000,0.00000000,0.00000000,0.00000000,0.00000000,0.00000000,0.00000000,0.00000000,0.00000000,0.00000000,0.00000000,0.00000000,0.00000000,0.00000000,NONE
R07433[K,c],0.00000000,0.00000000,0.00000000,0.00000000,0.00000000,0.00000000,0.00000000,0.00000000,0.00000000,0.00000000,0.00000000,0.00000000,0.00000000,0.00000000,0.00000000,0.00000000,0.00000000,0.00000000,0.00000000,0.00000000,0.00000000,0.00000000,0.00000000,0.00000000,0.00000000,0.00000000,NONE
R07440[K,c],0.00000000,0.00000000,0.00000000,0.00000000,0.00000000,0.00000000,0.00000000,0.00000000,0.00000000,0.00000000,0.00000000,0.00000000,0.00000000,0.00000000,0.00000000,0.00000000,0.00000000,0.00000000,0.00000000,0.00000000,0.00000000,0.00000000,0.00000000,0.00000000,0.00000000,0.00000000,NONE
R07443[K,x],0.00000000,0.00000000,0.00000000,0.00000000,0.00000000,0.00000000,0.00000000,0.00000000,0.00000000,0.00000000,0.00000000,0.00000000,0.00000000,0.00000000,0.00000000,0.00000000,0.00000000,0.00000000,0.00000000,0.00000000,0.00000000,0.00000000,0.00000000,0.00000000,0.00000000,0.00000000,NONE
R07448[K,m],0.00000000,0.00000000,0.00000000,0.00000000,0.00000000,0.00000000,0.00000000,0.00000000,0.00000000,0.00000000,0.00000000,0.00000000,0.00000000,0.00000000,0.00000000,0.00000000,0.00000000,0.00000000,0.00000000,0.00000000,0.00000000,0.00000000,0.00000000,0.00000000,0.00000000,0.00000000,NONE
R07448[K,p],0.00000000,0.00000000,0.00000000,0.00000000,0.00000000,0.00000000,0.00000000,0.00000000,0.00000000,0.00000000,0.00000000,0.00000000,0.00000000,0.00000000,0.00000000,0.00000000,0.00000000,0.00000000,0.00000000,0.00000000,0.00000000,0.00000000,0.00000000,0.00000000,0.00000000,0.00000000,NONE
R07460[K,p],0.00000000,0.00000000,0.00000000,0.00000000,0.00000000,0.00000000,0.00000000,0.00000000,0.00000000,0.00000000,0.00000000,0.00000000,0.00000000,0.00000000,0.00000000,0.00000000,0.00000000,0.00000000,0.00000000,0.00000000,0.00000000,0.00000000,0.00000000,0.00000000,0.00000000,0.00000000,NONE
R07476[K,c],0.00000000,0.00000000,0.00000000,0.00000000,0.00000000,0.00000000,0.00000000,0.00000000,0.00000000,0.00000000,0.00000000,0.00000000,0.00000000,0.00000000,0.00000000,0.00000000,0.00000000,0.00000000,0.00000000,0.00000000,0.00000000,0.00000000,0.00000000,0.00000000,0.00000000,0.00000000,NONE
R07481[K,c],0.00000000,0.00000000,0.00000000,0.00000000,0.00000000,0.00000000,0.00000000,0.00000000,0.00000000,0.00000000,0.00000000,0.00000000,0.00000000,0.00000000,0.00000000,0.00000000,0.00000000,0.00000000,0.00000000,0.00000000,0.00000000,0.00000000,0.00000000,0.00000000,0.00000000,0.00000000,NONE
R07483[K,c],0.00000000,0.00000000,0.00000000,0.00000000,0.00000000,0.00000000,0.00000000,0.00000000,0.00000000,0.00000000,0.00000000,0.00000000,0.00000000,0.00000000,0.00000000,0.00000000,0.00000000,0.00000000,0.00000000,0.00000000,0.00000000,0.00000000,0.00000000,0.00000000,0.00000000,0.00000000,NONE
R07484[K,c],0.00000000,0.00000000,0.00000000,0.00000000,0.00000000,0.00000000,0.00000000,0.00000000,0.00000000,0.00000000,0.00000000,0.00000000,0.00000000,0.00000000,0.00000000,0.00000000,0.00000000,0.00000000,0.00000000,0.00000000,0.00000000,0.00000000,0.00000000,0.00000000,0.00000000,0.00000000,NONE
R07492[K,m],0.00000000,0.00000000,0.00000000,0.00000000,0.00000000,0.00000000,0.00000000,0.00000000,0.00000000,0.00000000,0.00000000,0.00000000,0.00000000,0.00000000,0.00000000,0.00000000,0.00000000,0.00000000,0.00000000,0.00000000,0.00000000,0.00000000,0.00000000,0.00000000,0.00000000,0.00000000,NONE
R07492[K,p],0.00000000,0.00000000,0.00000000,0.00000000,0.00000000,0.00000000,0.00000000,0.00000000,0.00000000,0.00000000,0.00000000,0.00000000,0.00000000,0.00000000,0.00000000,0.00000000,0.00000000,0.00000000,0.00000000,0.00000000,0.00000000,0.00000000,0.00000000,0.00000000,0.00000000,0.00000000,NONE
R07492[K,x],0.00000000,0.00000000,0.00000000,0.00000000,0.00000000,0.00000000,0.00000000,0.00000000,0.00000000,0.00000000,0.00000000,0.00000000,0.00000000,0.00000000,0.00000000,0.00000000,0.00000000,0.00000000,0.00000000,0.00000000,0.00000000,0.00000000,0.00000000,0.00000000,0.00000000,0.00000000,NONE
R07493[K,m],0.00000000,0.00000000,0.00000000,0.00000000,0.00000000,0.00000000,0.00000000,0.00000000,0.00000000,0.00000000,0.00000000,0.00000000,0.00000000,0.00000000,0.00000000,0.00000000,0.00000000,0.00000000,0.00000000,0.00000000,0.00000000,0.00000000,0.00000000,0.00000000,0.00000000,0.00000000,NONE
R07493[K,p],0.00000000,0.00000000,0.00000000,0.00000000,0.00000000,0.00000000,0.00000000,0.00000000,0.00000000,0.00000000,0.00000000,0.00000000,0.00000000,0.00000000,0.00000000,0.00000000,0.00000000,0.00000000,0.00000000,0.00000000,0.00000000,0.00000000,0.00000000,0.00000000,0.00000000,0.00000000,NONE
R07493[K,x],0.00000000,0.00000000,0.00000000,0.00000000,0.00000000,0.00000000,0.00000000,0.00000000,0.00000000,0.00000000,0.00000000,0.00000000,0.00000000,0.00000000,0.00000000,0.00000000,0.00000000,0.00000000,0.00000000,0.00000000,0.00000000,0.00000000,0.00000000,0.00000000,0.00000000,0.00000000,NONE
R07507[K,m],0.00000000,0.00000000,0.00000000,0.00000000,0.00000000,0.00000000,0.00000000,0.00000000,0.00000000,0.00000000,0.00000000,0.00000000,0.00000000,0.00000000,0.00000000,0.00000000,0.00000000,0.00000000,0.00000000,0.00000000,0.00000000,0.00000000,0.00000000,0.00000000,0.00000000,0.00000000,NONE
R07507[K,p],0.00000000,0.00000000,0.00000000,0.00000000,0.00000000,0.00000000,0.00000000,0.00000000,0.00000000,0.00000000,0.00000000,0.00000000,0.00000000,0.00000000,0.00000000,0.00000000,0.00000000,0.00000000,0.00000000,0.00000000,0.00000000,0.00000000,0.00000000,0.00000000,0.00000000,0.00000000,NONE
R07507[K,x],0.00000000,0.00000000,0.00000000,0.00000000,0.00000000,0.00000000,0.00000000,0.00000000,0.00000000,0.00000000,0.00000000,0.00000000,0.00000000,0.00000000,0.00000000,0.00000000,0.00000000,0.00000000,0.00000000,0.00000000,0.00000000,0.00000000,0.00000000,0.00000000,0.00000000,0.00000000,NONE
R07509[K,m],0.00000000,0.00000000,0.00000000,0.00000000,0.00000000,0.00000000,0.00000000,0.00000000,0.00000000,0.00000000,0.00000000,0.00000000,0.00000000,0.00000000,0.00000000,0.00000000,0.00000000,0.00000000,0.00000000,0.00000000,0.00000000,0.00000000,0.00000000,0.00000000,0.00000000,0.00000000,NONE
R07509[K,p],0.00000000,0.00000000,0.00000000,0.00000000,0.00000000,0.00000000,0.00000000,0.00000000,0.00000000,0.00000000,0.00000000,0.00000000,0.00000000,0.00000000,0.00000000,0.00000000,0.00000000,0.00000000,0.00000000,0.00000000,0.00000000,0.00000000,0.00000000,0.00000000,0.00000000,0.00000000,NONE
R07509[K,x],0.00000000,0.00000000,0.00000000,0.00000000,0.00000000,0.00000000,0.00000000,0.00000000,0.00000000,0.00000000,0.00000000,0.00000000,0.00000000,0.00000000,0.00000000,0.00000000,0.00000000,0.00000000,0.00000000,0.00000000,0.00000000,0.00000000,0.00000000,0.00000000,0.00000000,0.00000000,NONE
R07530[K,p],0.00000000,0.00000000,0.00000000,0.00000000,0.00000000,0.00000000,0.00000000,0.00000000,0.00000000,0.00000000,0.00000000,0.00000000,0.00000000,0.00000000,0.00000000,0.00000000,0.00000000,0.00000000,0.00000000,0.00000000,0.00000000,0.00000000,0.00000000,0.00000000,0.00000000,0.00000000,NONE
R07606[K,p],0.00000000,0.00000000,0.00000000,0.00000000,0.00000000,0.00000000,0.00000000,0.00000000,0.00000000,0.00000000,0.00000000,0.00000000,0.00000000,0.00000000,0.00000000,0.00000000,0.00000000,0.00000000,0.00000000,0.00000000,0.00000000,0.00000000,0.00000000,0.00000000,0.00000000,0.00000000,NONE
R07618[K,p],0.00000000,0.00000000,0.00000000,0.00000000,0.00000000,0.00000000,0.00000000,0.00000000,0.00000000,0.00000000,0.00000000,0.00000000,0.00000000,0.00000000,0.00000000,0.00000000,0.00000000,0.00000000,0.00000000,0.00000000,0.00000000,0.00000000,0.00000000,0.00000000,0.00000000,0.00000000,NONE
R07641[K,p],0.00000000,0.00000000,0.00000000,0.00000000,0.00000000,0.00000000,0.00000000,0.00000000,0.00000000,0.00000000,0.00000000,0.00000000,0.00000000,0.00000000,0.00000000,0.00000000,0.00000000,0.00000000,0.00000000,0.00000000,0.00000000,0.00000000,0.00000000,0.00000000,0.00000000,0.00000000,NONE
R07672[K,m],0.00000000,0.00000000,0.00000000,0.00000000,0.00000000,0.00000000,0.00000000,0.00000000,0.00000000,0.00000000,0.00000000,0.00000000,0.00000000,0.00000000,0.00000000,0.00000000,0.00000000,0.00000000,0.00000000,0.00000000,0.00000000,0.00000000,0.00000000,0.00000000,0.00000000,0.00000000,NONE
R07672[K,p],0.00000000,0.00000000,0.00000000,0.00000000,0.00000000,0.00000000,0.00000000,0.00000000,0.00000000,0.00000000,0.00000000,0.00000000,0.00000000,0.00000000,0.00000000,0.00000000,0.00000000,0.00000000,0.00000000,0.00000000,0.00000000,0.00000000,0.00000000,0.00000000,0.00000000,0.00000000,NONE
R07672[K,x],0.00000000,0.00000000,0.00000000,0.00000000,0.00000000,0.00000000,0.00000000,0.00000000,0.00000000,0.00000000,0.00000000,0.00000000,0.00000000,0.00000000,0.00000000,0.00000000,0.00000000,0.00000000,0.00000000,0.00000000,0.00000000,0.00000000,0.00000000,0.00000000,0.00000000,0.00000000,NONE
R07673[K,c],0.00000000,0.00000000,0.00000000,0.00000000,0.00000000,0.00000000,0.00000000,0.00000000,0.00000000,0.00000000,0.00000000,0.00000000,0.00000000,0.00000000,0.00000000,0.00000000,0.00000000,0.00000000,0.00000000,0.00000000,0.00000000,0.00000000,0.00000000,0.00000000,0.00000000,0.00000000,NONE
R07673[K,m],0.00000000,0.00000000,0.00000000,0.00000000,0.00000000,0.00000000,0.00000000,0.00000000,0.00000000,0.00000000,0.00000000,0.00000000,0.00000000,0.00000000,0.00000000,0.00000000,0.00000000,0.00000000,0.00000000,0.00000000,0.00000000,0.00000000,0.00000000,0.00000000,0.00000000,0.00000000,NONE
R07673[K,p],0.00000000,0.00000000,0.00000000,0.00000000,0.00000000,0.00000000,0.00000000,0.00000000,0.00000000,0.00000000,0.00000000,0.00000000,0.00000000,0.00000000,0.00000000,0.00000000,0.00000000,0.00000000,0.00000000,0.00000000,0.00000000,0.00000000,0.00000000,0.00000000,0.00000000,0.00000000,NONE
R07673[K,x],0.00000000,0.00000000,0.00000000,0.00000000,0.00000000,0.00000000,0.00000000,0.00000000,0.00000000,0.00000000,0.00000000,0.00000000,0.00000000,0.00000000,0.00000000,0.00000000,0.00000000,0.00000000,0.00000000,0.00000000,0.00000000,0.00000000,0.00000000,0.00000000,0.00000000,0.00000000,NONE
R07675[K,c],0.00000000,0.00000000,0.00000000,0.00000000,0.00000000,0.00000000,0.00000000,0.00000000,0.00000000,0.00000000,0.00000000,0.00000000,0.00000000,0.00000000,0.00000000,0.00000000,0.00000000,0.00000000,0.00000000,0.00000000,0.00000000,0.00000000,0.00000000,0.00000000,0.00000000,0.00000000,NONE
R07677[K,c],0.00000000,0.00000000,0.00000000,0.00000000,0.00000000,0.00000000,0.00000000,0.00000000,0.00000000,0.00000000,0.00000000,0.00000000,0.00000000,0.00000000,0.00000000,0.00000000,0.00000000,0.00000000,0.00000000,0.00000000,0.00000000,0.00000000,0.00000000,0.00000000,0.00000000,0.00000000,NONE
R07677[K,m],0.00000000,0.00000000,0.00000000,0.00000000,0.00000000,0.00000000,0.00000000,0.00000000,0.00000000,0.00000000,0.00000000,0.00000000,0.00000000,0.00000000,0.00000000,0.00000000,0.00000000,0.00000000,0.00000000,0.00000000,0.00000000,0.00000000,0.00000000,0.00000000,0.00000000,0.00000000,NONE
R07677[K,p],0.00000000,0.00000000,0.00000000,0.00000000,0.00000000,0.00000000,0.00000000,0.00000000,0.00000000,0.00000000,0.00000000,0.00000000,0.00000000,0.00000000,0.00000000,0.00000000,0.00000000,0.00000000,0.00000000,0.00000000,0.00000000,0.00000000,0.00000000,0.00000000,0.00000000,0.00000000,NONE
R07677[K,x],0.00000000,0.00000000,0.00000000,0.00000000,0.00000000,0.00000000,0.00000000,0.00000000,0.00000000,0.00000000,0.00000000,0.00000000,0.00000000,0.00000000,0.00000000,0.00000000,0.00000000,0.00000000,0.00000000,0.00000000,0.00000000,0.00000000,0.00000000,0.00000000,0.00000000,0.00000000,NONE
R07678[K,p],0.00000000,0.00000000,0.00000000,0.00000000,0.00000000,0.00000000,0.00000000,0.00000000,0.00000000,0.00000000,0.00000000,0.00000000,0.00000000,0.00000000,0.00000000,0.00000000,0.00000000,0.00000000,0.00000000,0.00000000,0.00000000,0.00000000,0.00000000,0.00000000,0.00000000,0.00000000,NONE
R07680[K,c],0.00000000,0.00000000,0.00000000,0.00000000,0.00000000,0.00000000,0.00000000,0.00000000,0.00000000,0.00000000,0.00000000,0.00000000,0.00000000,0.00000000,0.00000000,0.00000000,0.00000000,0.00000000,0.00000000,0.00000000,0.00000000,0.00000000,0.00000000,0.00000000,0.00000000,0.00000000,NONE
R07687_mod[K,p],0.00000000,0.00000000,0.00000000,0.00000000,0.00000000,0.00000000,0.00000000,0.00000000,0.00000000,0.00000000,0.00000000,0.00000000,0.00000000,0.00000000,0.00000000,0.00000000,0.00000000,0.00000000,0.00000000,0.00000000,0.00000000,0.00000000,0.00000000,0.00000000,0.00000000,0.00000000,NONE
R07688[K,p],0.00000000,0.00000000,0.00000000,0.00000000,0.00000000,0.00000000,0.00000000,0.00000000,0.00000000,0.00000000,0.00000000,0.00000000,0.00000000,0.00000000,0.00000000,0.00000000,0.00000000,0.00000000,0.00000000,0.00000000,0.00000000,0.00000000,0.00000000,0.00000000,0.00000000,0.00000000,NONE
R07697[K,p],0.00000000,0.00000000,0.00000000,0.00000000,0.00000000,0.00000000,0.00000000,0.00000000,0.00000000,0.00000000,0.00000000,0.00000000,0.00000000,0.00000000,0.00000000,0.00000000,0.00000000,0.00000000,0.00000000,0.00000000,0.00000000,0.00000000,0.00000000,0.00000000,0.00000000,0.00000000,NONE
R07700[K,p],0.00000000,0.00000000,0.00000000,0.00000000,0.00000000,0.00000000,0.00000000,0.00000000,0.00000000,0.00000000,0.00000000,0.00000000,0.00000000,0.00000000,0.00000000,0.00000000,0.00000000,0.00000000,0.00000000,0.00000000,0.00000000,0.00000000,0.00000000,0.00000000,0.00000000,0.00000000,NONE
R07706[K,p],0.00000000,0.00000000,0.00000000,0.00000000,0.00000000,0.00000000,0.00000000,0.00000000,0.00000000,0.00000000,0.00000000,0.00000000,0.00000000,0.00000000,0.00000000,0.00000000,0.00000000,0.00000000,0.00000000,0.00000000,0.00000000,0.00000000,0.00000000,0.00000000,0.00000000,0.00000000,NONE
R07751[K,c],0.00000000,0.00000000,0.00000000,0.00000000,0.00000000,0.00000000,0.00000000,0.00000000,0.00000000,0.00000000,0.00000000,0.00000000,0.00000000,0.00000000,0.00000000,0.00000000,0.00000000,0.00000000,0.00000000,0.00000000,0.00000000,0.00000000,0.00000000,0.00000000,0.00000000,0.00000000,NONE
R07760[K,p],0.00000000,0.00000000,0.00000000,0.00000000,0.00000000,0.00000000,0.00000000,0.00000000,0.00000000,0.00000000,0.00000000,0.00000000,0.00000000,0.00000000,0.00000000,0.00000000,0.00000000,0.00000000,0.00000000,0.00000000,0.00000000,0.00000000,0.00000000,0.00000000,0.00000000,0.00000000,NONE
R07760[K,x],0.00000000,0.00000000,0.00000000,0.00000000,0.00000000,0.00000000,0.00000000,0.00000000,0.00000000,0.00000000,0.00000000,0.00000000,0.00000000,0.00000000,0.00000000,0.00000000,0.00000000,0.00000000,0.00000000,0.00000000,0.00000000,0.00000000,0.00000000,0.00000000,0.00000000,0.00000000,NONE
R07761[K,p],0.00000000,0.00000000,0.00000000,0.00000000,0.00000000,0.00000000,0.00000000,0.00000000,0.00000000,0.00000000,0.00000000,0.00000000,0.00000000,0.00000000,0.00000000,0.00000000,0.00000000,0.00000000,0.00000000,0.00000000,0.00000000,0.00000000,0.00000000,0.00000000,0.00000000,0.00000000,NONE
R07761[K,x],0.00000000,0.00000000,0.00000000,0.00000000,0.00000000,0.00000000,0.00000000,0.00000000,0.00000000,0.00000000,0.00000000,0.00000000,0.00000000,0.00000000,0.00000000,0.00000000,0.00000000,0.00000000,0.00000000,0.00000000,0.00000000,0.00000000,0.00000000,0.00000000,0.00000000,0.00000000,NONE
R07767[K,m],0.00000000,0.00000000,0.00000000,0.00000000,0.00000000,0.00000000,0.00000000,0.00000000,0.00000000,0.00000000,0.00000000,0.00000000,0.00000000,0.00000000,0.00000000,0.00000000,0.00000000,0.00000000,0.00000000,0.00000000,0.00000000,0.00000000,0.00000000,0.00000000,0.00000000,0.00000000,NONE
R07768[K,m],0.00000000,0.00000000,0.00000000,0.00000000,0.00000000,0.00000000,0.00000000,0.00000000,0.00000000,0.00000000,0.00000000,0.00000000,0.00000000,0.00000000,0.00000000,0.00000000,0.00000000,0.00000000,0.00000000,0.00000000,0.00000000,0.00000000,0.00000000,0.00000000,0.00000000,0.00000000,NONE
R07826[K,c],0.00000000,0.00000000,0.00000000,0.00000000,0.00000000,0.00000000,0.00000000,0.00000000,0.00000000,0.00000000,0.00000000,0.00000000,0.00000000,0.00000000,0.00000000,0.00000000,0.00000000,0.00000000,0.00000000,0.00000000,0.00000000,0.00000000,0.00000000,0.00000000,0.00000000,0.00000000,NONE
R07861[K,p],0.00000000,0.00000000,0.00000000,0.00000000,0.00000000,0.00000000,0.00000000,0.00000000,0.00000000,0.00000000,0.00000000,0.00000000,0.00000000,0.00000000,0.00000000,0.00000000,0.00000000,0.00000000,0.00000000,0.00000000,0.00000000,0.00000000,0.00000000,0.00000000,0.00000000,0.00000000,NONE
R07868[K,p],0.00000000,0.00000000,0.00000000,0.00000000,0.00000000,0.00000000,0.00000000,0.00000000,0.00000000,0.00000000,0.00000000,0.00000000,0.00000000,0.00000000,0.00000000,0.00000000,0.00000000,0.00000000,0.00000000,0.00000000,0.00000000,0.00000000,0.00000000,0.00000000,0.00000000,0.00000000,NONE
R07870[K,p],0.00000000,0.00000000,0.00000000,0.00000000,0.00000000,0.00000000,0.00000000,0.00000000,0.00000000,0.00000000,0.00000000,0.00000000,0.00000000,0.00000000,0.00000000,0.00000000,0.00000000,0.00000000,0.00000000,0.00000000,0.00000000,0.00000000,0.00000000,0.00000000,0.00000000,0.00000000,NONE
R07888[K,m],0.00000000,0.00000000,0.00000000,0.00000000,0.00000000,0.00000000,0.00000000,0.00000000,0.00000000,0.00000000,0.00000000,0.00000000,0.00000000,0.00000000,0.00000000,0.00000000,0.00000000,0.00000000,0.00000000,0.00000000,0.00000000,0.00000000,0.00000000,0.00000000,0.00000000,0.00000000,NONE
R07888[K,p],0.00000000,0.00000000,0.00000000,0.00000000,0.00000000,0.00000000,0.00000000,0.00000000,0.00000000,0.00000000,0.00000000,0.00000000,0.00000000,0.00000000,0.00000000,0.00000000,0.00000000,0.00000000,0.00000000,0.00000000,0.00000000,0.00000000,0.00000000,0.00000000,0.00000000,0.00000000,NONE
R07888[K,x],0.00000000,0.00000000,0.00000000,0.00000000,0.00000000,0.00000000,0.00000000,0.00000000,0.00000000,0.00000000,0.00000000,0.00000000,0.00000000,0.00000000,0.00000000,0.00000000,0.00000000,0.00000000,0.00000000,0.00000000,0.00000000,0.00000000,0.00000000,0.00000000,0.00000000,0.00000000,NONE
R07889[K,x],0.00000000,0.00000000,0.00000000,0.00000000,0.00000000,0.00000000,0.00000000,0.00000000,0.00000000,0.00000000,0.00000000,0.00000000,0.00000000,0.00000000,0.00000000,0.00000000,0.00000000,0.00000000,0.00000000,0.00000000,0.00000000,0.00000000,0.00000000,0.00000000,0.00000000,0.00000000,NONE
R07890[K,x],0.00000000,0.00000000,0.00000000,0.00000000,0.00000000,0.00000000,0.00000000,0.00000000,0.00000000,0.00000000,0.00000000,0.00000000,0.00000000,0.00000000,0.00000000,0.00000000,0.00000000,0.00000000,0.00000000,0.00000000,0.00000000,0.00000000,0.00000000,0.00000000,0.00000000,0.00000000,NONE
R07891[K,x],0.00000000,0.00000000,0.00000000,0.00000000,0.00000000,0.00000000,0.00000000,0.00000000,0.00000000,0.00000000,0.00000000,0.00000000,0.00000000,0.00000000,0.00000000,0.00000000,0.00000000,0.00000000,0.00000000,0.00000000,0.00000000,0.00000000,0.00000000,0.00000000,0.00000000,0.00000000,NONE
R07892[K,m],0.00000000,0.00000000,0.00000000,0.00000000,0.00000000,0.00000000,0.00000000,0.00000000,0.00000000,0.00000000,0.00000000,0.00000000,0.00000000,0.00000000,0.00000000,0.00000000,0.00000000,0.00000000,0.00000000,0.00000000,0.00000000,0.00000000,0.00000000,0.00000000,0.00000000,0.00000000,NONE
R07892[K,p],0.00000000,0.00000000,0.00000000,0.00000000,0.00000000,0.00000000,0.00000000,0.00000000,0.00000000,0.00000000,0.00000000,0.00000000,0.00000000,0.00000000,0.00000000,0.00000000,0.00000000,0.00000000,0.00000000,0.00000000,0.00000000,0.00000000,0.00000000,0.00000000,0.00000000,0.00000000,NONE
R07892[K,x],0.00000000,0.00000000,0.00000000,0.00000000,0.00000000,0.00000000,0.00000000,0.00000000,0.00000000,0.00000000,0.00000000,0.00000000,0.00000000,0.00000000,0.00000000,0.00000000,0.00000000,0.00000000,0.00000000,0.00000000,0.00000000,0.00000000,0.00000000,0.00000000,0.00000000,0.00000000,NONE
R07893[K,x],0.00000000,0.00000000,0.00000000,0.00000000,0.00000000,0.00000000,0.00000000,0.00000000,0.00000000,0.00000000,0.00000000,0.00000000,0.00000000,0.00000000,0.00000000,0.00000000,0.00000000,0.00000000,0.00000000,0.00000000,0.00000000,0.00000000,0.00000000,0.00000000,0.00000000,0.00000000,NONE
R07894[K,x],0.00000000,0.00000000,0.00000000,0.00000000,0.00000000,0.00000000,0.00000000,0.00000000,0.00000000,0.00000000,0.00000000,0.00000000,0.00000000,0.00000000,0.00000000,0.00000000,0.00000000,0.00000000,0.00000000,0.00000000,0.00000000,0.00000000,0.00000000,0.00000000,0.00000000,0.00000000,NONE
R07895[K,x],0.00000000,0.00000000,0.00000000,0.00000000,0.00000000,0.00000000,0.00000000,0.00000000,0.00000000,0.00000000,0.00000000,0.00000000,0.00000000,0.00000000,0.00000000,0.00000000,0.00000000,0.00000000,0.00000000,0.00000000,0.00000000,0.00000000,0.00000000,0.00000000,0.00000000,0.00000000,NONE
R07896[K,m],0.00000000,0.00000000,0.00000000,0.00000000,0.00000000,0.00000000,0.00000000,0.00000000,0.00000000,0.00000000,0.00000000,0.00000000,0.00000000,0.00000000,0.00000000,0.00000000,0.00000000,0.00000000,0.00000000,0.00000000,0.00000000,0.00000000,0.00000000,0.00000000,0.00000000,0.00000000,NONE
R07896[K,p],0.00000000,0.00000000,0.00000000,0.00000000,0.00000000,0.00000000,0.00000000,0.00000000,0.00000000,0.00000000,0.00000000,0.00000000,0.00000000,0.00000000,0.00000000,0.00000000,0.00000000,0.00000000,0.00000000,0.00000000,0.00000000,0.00000000,0.00000000,0.00000000,0.00000000,0.00000000,NONE
R07896[K,x],0.00000000,0.00000000,0.00000000,0.00000000,0.00000000,0.00000000,0.00000000,0.00000000,0.00000000,0.00000000,0.00000000,0.00000000,0.00000000,0.00000000,0.00000000,0.00000000,0.00000000,0.00000000,0.00000000,0.00000000,0.00000000,0.00000000,0.00000000,0.00000000,0.00000000,0.00000000,NONE
R07897[K,x],0.00000000,0.00000000,0.00000000,0.00000000,0.00000000,0.00000000,0.00000000,0.00000000,0.00000000,0.00000000,0.00000000,0.00000000,0.00000000,0.00000000,0.00000000,0.00000000,0.00000000,0.00000000,0.00000000,0.00000000,0.00000000,0.00000000,0.00000000,0.00000000,0.00000000,0.00000000,NONE
R07898[K,x],0.00000000,0.00000000,0.00000000,0.00000000,0.00000000,0.00000000,0.00000000,0.00000000,0.00000000,0.00000000,0.00000000,0.00000000,0.00000000,0.00000000,0.00000000,0.00000000,0.00000000,0.00000000,0.00000000,0.00000000,0.00000000,0.00000000,0.00000000,0.00000000,0.00000000,0.00000000,NONE
R07899[K,x],0.00000000,0.00000000,0.00000000,0.00000000,0.00000000,0.00000000,0.00000000,0.00000000,0.00000000,0.00000000,0.00000000,0.00000000,0.00000000,0.00000000,0.00000000,0.00000000,0.00000000,0.00000000,0.00000000,0.00000000,0.00000000,0.00000000,0.00000000,0.00000000,0.00000000,0.00000000,NONE
R07934[K,p],0.00000000,0.00000000,0.00000000,0.00000000,0.00000000,0.00000000,0.00000000,0.00000000,0.00000000,0.00000000,0.00000000,0.00000000,0.00000000,0.00000000,0.00000000,0.00000000,0.00000000,0.00000000,0.00000000,0.00000000,0.00000000,0.00000000,0.00000000,0.00000000,0.00000000,0.00000000,NONE
R07934[K,x],0.00000000,0.00000000,0.00000000,0.00000000,0.00000000,0.00000000,0.00000000,0.00000000,0.00000000,0.00000000,0.00000000,0.00000000,0.00000000,0.00000000,0.00000000,0.00000000,0.00000000,0.00000000,0.00000000,0.00000000,0.00000000,0.00000000,0.00000000,0.00000000,0.00000000,0.00000000,NONE
R07942[K,x],0.00000000,0.00000000,0.00000000,0.00000000,0.00000000,0.00000000,0.00000000,0.00000000,0.00000000,0.00000000,0.00000000,0.00000000,0.00000000,0.00000000,0.00000000,0.00000000,0.00000000,0.00000000,0.00000000,0.00000000,0.00000000,0.00000000,0.00000000,0.00000000,0.00000000,0.00000000,NONE
R07950[K,p],0.00000000,0.00000000,0.00000000,0.00000000,0.00000000,0.00000000,0.00000000,0.00000000,0.00000000,0.00000000,0.00000000,0.00000000,0.00000000,0.00000000,0.00000000,0.00000000,0.00000000,0.00000000,0.00000000,0.00000000,0.00000000,0.00000000,0.00000000,0.00000000,0.00000000,0.00000000,NONE
R07950[K,x],0.00000000,0.00000000,0.00000000,0.00000000,0.00000000,0.00000000,0.00000000,0.00000000,0.00000000,0.00000000,0.00000000,0.00000000,0.00000000,0.00000000,0.00000000,0.00000000,0.00000000,0.00000000,0.00000000,0.00000000,0.00000000,0.00000000,0.00000000,0.00000000,0.00000000,0.00000000,NONE
R07952[K,x],0.00000000,0.00000000,0.00000000,0.00000000,0.00000000,0.00000000,0.00000000,0.00000000,0.00000000,0.00000000,0.00000000,0.00000000,0.00000000,0.00000000,0.00000000,0.00000000,0.00000000,0.00000000,0.00000000,0.00000000,0.00000000,0.00000000,0.00000000,0.00000000,0.00000000,0.00000000,NONE
R07977[K,m],0.00000000,0.00000000,0.00000000,0.00000000,0.00000000,0.00000000,0.00000000,0.00000000,0.00000000,0.00000000,0.00000000,0.00000000,0.00000000,0.00000000,0.00000000,0.00000000,0.00000000,0.00000000,0.00000000,0.00000000,0.00000000,0.00000000,0.00000000,0.00000000,0.00000000,0.00000000,NONE
R07977[K,p],0.00000000,0.00000000,0.00000000,0.00000000,0.00000000,0.00000000,0.00000000,0.00000000,0.00000000,0.00000000,0.00000000,0.00000000,0.00000000,0.00000000,0.00000000,0.00000000,0.00000000,0.00000000,0.00000000,0.00000000,0.00000000,0.00000000,0.00000000,0.00000000,0.00000000,0.00000000,NONE
R07977[K,x],0.00000000,0.00000000,0.00000000,0.00000000,0.00000000,0.00000000,0.00000000,0.00000000,0.00000000,0.00000000,0.00000000,0.00000000,0.00000000,0.00000000,0.00000000,0.00000000,0.00000000,0.00000000,0.00000000,0.00000000,0.00000000,0.00000000,0.00000000,0.00000000,0.00000000,0.00000000,NONE
R07978[K,x],0.00000000,0.00000000,0.00000000,0.00000000,0.00000000,0.00000000,0.00000000,0.00000000,0.00000000,0.00000000,0.00000000,0.00000000,0.00000000,0.00000000,0.00000000,0.00000000,0.00000000,0.00000000,0.00000000,0.00000000,0.00000000,0.00000000,0.00000000,0.00000000,0.00000000,0.00000000,NONE
R07979[K,x],0.00000000,0.00000000,0.00000000,0.00000000,0.00000000,0.00000000,0.00000000,0.00000000,0.00000000,0.00000000,0.00000000,0.00000000,0.00000000,0.00000000,0.00000000,0.00000000,0.00000000,0.00000000,0.00000000,0.00000000,0.00000000,0.00000000,0.00000000,0.00000000,0.00000000,0.00000000,NONE
R07981[K,x],0.00000000,0.00000000,0.00000000,0.00000000,0.00000000,0.00000000,0.00000000,0.00000000,0.00000000,0.00000000,0.00000000,0.00000000,0.00000000,0.00000000,0.00000000,0.00000000,0.00000000,0.00000000,0.00000000,0.00000000,0.00000000,0.00000000,0.00000000,0.00000000,0.00000000,0.00000000,NONE
R07990[K,p],0.00000000,0.00000000,0.00000000,0.00000000,0.00000000,0.00000000,0.00000000,0.00000000,0.00000000,0.00000000,0.00000000,0.00000000,0.00000000,0.00000000,0.00000000,0.00000000,0.00000000,0.00000000,0.00000000,0.00000000,0.00000000,0.00000000,0.00000000,0.00000000,0.00000000,0.00000000,NONE
R07993[K,p],0.00000000,0.00000000,0.00000000,0.00000000,0.00000000,0.00000000,0.00000000,0.00000000,0.00000000,0.00000000,0.00000000,0.00000000,0.00000000,0.00000000,0.00000000,0.00000000,0.00000000,0.00000000,0.00000000,0.00000000,0.00000000,0.00000000,0.00000000,0.00000000,0.00000000,0.00000000,NONE
R08072[K,c],0.00000000,0.00000000,0.00000000,0.00000000,0.00000000,0.00000000,0.00000000,0.00000000,0.00000000,0.00000000,0.00000000,0.00000000,0.00000000,0.00000000,0.00000000,0.00000000,0.00000000,0.00000000,0.00000000,0.00000000,0.00000000,0.00000000,0.00000000,0.00000000,0.00000000,0.00000000,NONE
R08093[K,c],0.00000000,0.00000000,0.00000000,0.00000000,0.00000000,0.00000000,0.00000000,0.00000000,0.00000000,0.00000000,0.00000000,0.00000000,0.00000000,0.00000000,0.00000000,0.00000000,0.00000000,0.00000000,0.00000000,0.00000000,0.00000000,0.00000000,0.00000000,0.00000000,0.00000000,0.00000000,NONE
R08093[K,p],0.00000000,0.00000000,0.00000000,0.00000000,0.00000000,0.00000000,0.00000000,0.00000000,0.00000000,0.00000000,0.00000000,0.00000000,0.00000000,0.00000000,0.00000000,0.00000000,0.00000000,0.00000000,0.00000000,0.00000000,0.00000000,0.00000000,0.00000000,0.00000000,0.00000000,0.00000000,NONE
R08093[K,x],0.00000000,0.00000000,0.00000000,0.00000000,0.00000000,0.00000000,0.00000000,0.00000000,0.00000000,0.00000000,0.00000000,0.00000000,0.00000000,0.00000000,0.00000000,0.00000000,0.00000000,0.00000000,0.00000000,0.00000000,0.00000000,0.00000000,0.00000000,0.00000000,0.00000000,0.00000000,NONE
R08094[K,x],0.00000000,0.00000000,0.00000000,0.00000000,0.00000000,0.00000000,0.00000000,0.00000000,0.00000000,0.00000000,0.00000000,0.00000000,0.00000000,0.00000000,0.00000000,0.00000000,0.00000000,0.00000000,0.00000000,0.00000000,0.00000000,0.00000000,0.00000000,0.00000000,0.00000000,0.00000000,NONE
R08121[K,m],0.00000000,0.00000000,0.00000000,0.00000000,0.00000000,0.00000000,0.00000000,0.00000000,0.00000000,0.00000000,0.00000000,0.00000000,0.00000000,0.00000000,0.00000000,0.00000000,0.00000000,0.00000000,0.00000000,0.00000000,0.00000000,0.00000000,0.00000000,0.00000000,0.00000000,0.00000000,NONE
R08121[K,p],0.00000000,0.00000000,0.00000000,0.00000000,0.00000000,0.00000000,0.00000000,0.00000000,0.00000000,0.00000000,0.00000000,0.00000000,0.00000000,0.00000000,0.00000000,0.00000000,0.00000000,0.00000000,0.00000000,0.00000000,0.00000000,0.00000000,0.00000000,0.00000000,0.00000000,0.00000000,NONE
R08121[K,x],0.00000000,0.00000000,0.00000000,0.00000000,0.00000000,0.00000000,0.00000000,0.00000000,0.00000000,0.00000000,0.00000000,0.00000000,0.00000000,0.00000000,0.00000000,0.00000000,0.00000000,0.00000000,0.00000000,0.00000000,0.00000000,0.00000000,0.00000000,0.00000000,0.00000000,0.00000000,NONE
R08148[K,c],0.00000000,0.00000000,0.00000000,0.00000000,0.00000000,0.00000000,0.00000000,0.00000000,0.00000000,0.00000000,0.00000000,0.00000000,0.00000000,0.00000000,0.00000000,0.00000000,0.00000000,0.00000000,0.00000000,0.00000000,0.00000000,0.00000000,0.00000000,0.00000000,0.00000000,0.00000000,NONE
R08157[K,p],0.00000000,0.00000000,0.00000000,0.00000000,0.00000000,0.00000000,0.00000000,0.00000000,0.00000000,0.00000000,0.00000000,0.00000000,0.00000000,0.00000000,0.00000000,0.00000000,0.00000000,0.00000000,0.00000000,0.00000000,0.00000000,0.00000000,0.00000000,0.00000000,0.00000000,0.00000000,NONE
R08158[K,c],0.00000000,0.00000000,0.00000000,0.00000000,0.00000000,0.00000000,0.00000000,0.00000000,0.00000000,0.00000000,0.00000000,0.00000000,0.00000000,0.00000000,0.00000000,0.00000000,0.00000000,0.00000000,0.00000000,0.00000000,0.00000000,0.00000000,0.00000000,0.00000000,0.00000000,0.00000000,NONE
R08158[K,m],0.00000000,0.00000000,0.00000000,0.00000000,0.00000000,0.00000000,0.00000000,0.00000000,0.00000000,0.00000000,0.00000000,0.00000000,0.00000000,0.00000000,0.00000000,0.00000000,0.00000000,0.00000000,0.00000000,0.00000000,0.00000000,0.00000000,0.00000000,0.00000000,0.00000000,0.00000000,NONE
R08158[K,p],0.00000000,0.00000000,0.00000000,0.00000000,0.00000000,0.00000000,0.00000000,0.00000000,0.00000000,0.00000000,0.00000000,0.00000000,0.00000000,0.00000000,0.00000000,0.00000000,0.00000000,0.00000000,0.00000000,0.00000000,0.00000000,0.00000000,0.00000000,0.00000000,0.00000000,0.00000000,NONE
R08159[K,c],0.00000000,0.00000000,0.00000000,0.00000000,0.00000000,0.00000000,0.00000000,0.00000000,0.00000000,0.00000000,0.00000000,0.00000000,0.00000000,0.00000000,0.00000000,0.00000000,0.00000000,0.00000000,0.00000000,0.00000000,0.00000000,0.00000000,0.00000000,0.00000000,0.00000000,0.00000000,NONE
R08159[K,m],0.00000000,0.00000000,0.00000000,0.00000000,0.00000000,0.00000000,0.00000000,0.00000000,0.00000000,0.00000000,0.00000000,0.00000000,0.00000000,0.00000000,0.00000000,0.00000000,0.00000000,0.00000000,0.00000000,0.00000000,0.00000000,0.00000000,0.00000000,0.00000000,0.00000000,0.00000000,NONE
R08159[K,p],0.00000000,0.00000000,0.00000000,0.00000000,0.00000000,0.00000000,0.00000000,0.00000000,0.00000000,0.00000000,0.00000000,0.00000000,0.00000000,0.00000000,0.00000000,0.00000000,0.00000000,0.00000000,0.00000000,0.00000000,0.00000000,0.00000000,0.00000000,0.00000000,0.00000000,0.00000000,NONE
R08174[K,p],0.00000000,0.00000000,0.00000000,0.00000000,0.00000000,0.00000000,0.00000000,0.00000000,0.00000000,0.00000000,0.00000000,0.00000000,0.00000000,0.00000000,0.00000000,0.00000000,0.00000000,0.00000000,0.00000000,0.00000000,0.00000000,0.00000000,0.00000000,0.00000000,0.00000000,0.00000000,NONE
R08218[K,p],0.00000000,0.00000000,0.00000000,0.00000000,0.00000000,0.00000000,0.00000000,0.00000000,0.00000000,0.00000000,0.00000000,0.00000000,0.00000000,0.00000000,0.00000000,0.00000000,0.00000000,0.00000000,0.00000000,0.00000000,0.00000000,0.00000000,0.00000000,0.00000000,0.00000000,0.00000000,NONE
R08280[K,p],0.00000000,0.00000000,0.00000000,0.00000000,0.00000000,0.00000000,0.00000000,0.00000000,0.00000000,0.00000000,0.00000000,0.00000000,0.00000000,0.00000000,0.00000000,0.00000000,0.00000000,0.00000000,0.00000000,0.00000000,0.00000000,0.00000000,0.00000000,0.00000000,0.00000000,0.00000000,NONE
R08281[K,p],0.00000000,0.00000000,0.00000000,0.00000000,0.00000000,0.00000000,0.00000000,0.00000000,0.00000000,0.00000000,0.00000000,0.00000000,0.00000000,0.00000000,0.00000000,0.00000000,0.00000000,0.00000000,0.00000000,0.00000000,0.00000000,0.00000000,0.00000000,0.00000000,0.00000000,0.00000000,NONE
R08306[K,p],0.00000000,0.00000000,0.00000000,0.00000000,0.00000000,0.00000000,0.00000000,0.00000000,0.00000000,0.00000000,0.00000000,0.00000000,0.00000000,0.00000000,0.00000000,0.00000000,0.00000000,0.00000000,0.00000000,0.00000000,0.00000000,0.00000000,0.00000000,0.00000000,0.00000000,0.00000000,NONE
R08310[K,p],0.00000000,0.00000000,0.00000000,0.00000000,0.00000000,0.00000000,0.00000000,0.00000000,0.00000000,0.00000000,0.00000000,0.00000000,0.00000000,0.00000000,0.00000000,0.00000000,0.00000000,0.00000000,0.00000000,0.00000000,0.00000000,0.00000000,0.00000000,0.00000000,0.00000000,0.00000000,NONE
R08359[K,p],0.00000000,0.00000000,0.00000000,0.00000000,0.00000000,0.00000000,0.00000000,0.00000000,0.00000000,0.00000000,0.00000000,0.00000000,0.00000000,0.00000000,0.00000000,0.00000000,0.00000000,0.00000000,0.00000000,0.00000000,0.00000000,0.00000000,0.00000000,0.00000000,0.00000000,0.00000000,NONE
R08360[K,p],0.00000000,0.00000000,0.00000000,0.00000000,0.00000000,0.00000000,0.00000000,0.00000000,0.00000000,0.00000000,0.00000000,0.00000000,0.00000000,0.00000000,0.00000000,0.00000000,0.00000000,0.00000000,0.00000000,0.00000000,0.00000000,0.00000000,0.00000000,0.00000000,0.00000000,0.00000000,NONE
R08362[K,p],0.00000000,0.00000000,0.00000000,0.00000000,0.00000000,0.00000000,0.00000000,0.00000000,0.00000000,0.00000000,0.00000000,0.00000000,0.00000000,0.00000000,0.00000000,0.00000000,0.00000000,0.00000000,0.00000000,0.00000000,0.00000000,0.00000000,0.00000000,0.00000000,0.00000000,0.00000000,NONE
R08363[K,p],0.00000000,0.00000000,0.00000000,0.00000000,0.00000000,0.00000000,0.00000000,0.00000000,0.00000000,0.00000000,0.00000000,0.00000000,0.00000000,0.00000000,0.00000000,0.00000000,0.00000000,0.00000000,0.00000000,0.00000000,0.00000000,0.00000000,0.00000000,0.00000000,0.00000000,0.00000000,NONE
R08469[K,c],0.00000000,0.00000000,0.00000000,0.00000000,0.00000000,0.00000000,0.00000000,0.00000000,0.00000000,0.00000000,0.00000000,0.00000000,0.00000000,0.00000000,0.00000000,0.00000000,0.00000000,0.00000000,0.00000000,0.00000000,0.00000000,0.00000000,0.00000000,0.00000000,0.00000000,0.00000000,NONE
R08511[K,p],0.00000000,0.00000000,0.00000000,0.00000000,0.00000000,0.00000000,0.00000000,0.00000000,0.00000000,0.00000000,0.00000000,0.00000000,0.00000000,0.00000000,0.00000000,0.00000000,0.00000000,0.00000000,0.00000000,0.00000000,0.00000000,0.00000000,0.00000000,0.00000000,0.00000000,0.00000000,NONE
R08512[K,p],0.00000000,0.00000000,0.00000000,0.00000000,0.00000000,0.00000000,0.00000000,0.00000000,0.00000000,0.00000000,0.00000000,0.00000000,0.00000000,0.00000000,0.00000000,0.00000000,0.00000000,0.00000000,0.00000000,0.00000000,0.00000000,0.00000000,0.00000000,0.00000000,0.00000000,0.00000000,NONE
R08549[K,m],0.00000000,0.00000000,0.00000000,0.00000000,0.00000000,0.00000000,0.00000000,0.00000000,0.00000000,0.00000000,0.00000000,0.00000000,0.00000000,0.00000000,0.00000000,0.00000000,0.00000000,0.00000000,0.00000000,0.00000000,0.00000000,0.00000000,0.00000000,0.00000000,0.00000000,0.00000000,NONE
R08549[K,p],0.00000000,0.00000000,0.00000000,0.00000000,0.00000000,0.00000000,0.00000000,0.00000000,0.00000000,0.00000000,0.00000000,0.00000000,0.00000000,0.00000000,0.00000000,0.00000000,0.00000000,0.00000000,0.00000000,0.00000000,0.00000000,0.00000000,0.00000000,0.00000000,0.00000000,0.00000000,NONE
R08550[K,p],0.00000000,0.00000000,0.00000000,0.00000000,0.00000000,0.00000000,0.00000000,0.00000000,0.00000000,0.00000000,0.00000000,0.00000000,0.00000000,0.00000000,0.00000000,0.00000000,0.00000000,0.00000000,0.00000000,0.00000000,0.00000000,0.00000000,0.00000000,0.00000000,0.00000000,0.00000000,NONE
R08551[K,c],0.00000000,0.00000000,0.00000000,0.00000000,0.00000000,0.00000000,0.00000000,0.00000000,0.00000000,0.00000000,0.00000000,0.00000000,0.00000000,0.00000000,0.00000000,0.00000000,0.00000000,0.00000000,0.00000000,0.00000000,0.00000000,0.00000000,0.00000000,0.00000000,0.00000000,0.00000000,NONE
R08551[K,m],0.00000000,0.00000000,0.00000000,0.00000000,0.00000000,0.00000000,0.00000000,0.00000000,0.00000000,0.00000000,0.00000000,0.00000000,0.00000000,0.00000000,0.00000000,0.00000000,0.00000000,0.00000000,0.00000000,0.00000000,0.00000000,0.00000000,0.00000000,0.00000000,0.00000000,0.00000000,NONE
R08557[K,p],0.00000000,0.00000000,0.00000000,0.00000000,0.00000000,0.00000000,0.00000000,0.00000000,0.00000000,0.00000000,0.00000000,0.00000000,0.00000000,0.00000000,0.00000000,0.00000000,0.00000000,0.00000000,0.00000000,0.00000000,0.00000000,0.00000000,0.00000000,0.00000000,0.00000000,0.00000000,NONE
R08689[K,p],0.00000000,0.00000000,0.00000000,0.00000000,0.00000000,0.00000000,0.00000000,0.00000000,0.00000000,0.00000000,0.00000000,0.00000000,0.00000000,0.00000000,0.00000000,0.00000000,0.00000000,0.00000000,0.00000000,0.00000000,0.00000000,0.00000000,0.00000000,0.00000000,0.00000000,0.00000000,NONE
R08714[K,c],0.00000000,0.00000000,0.00000000,0.00000000,0.00000000,0.00000000,0.00000000,0.00000000,0.00000000,0.00000000,0.00000000,0.00000000,0.00000000,0.00000000,0.00000000,0.00000000,0.00000000,0.00000000,0.00000000,0.00000000,0.00000000,0.00000000,0.00000000,0.00000000,0.00000000,0.00000000,NONE
R08714[K,m],0.00000000,0.00000000,0.00000000,0.00000000,0.00000000,0.00000000,0.00000000,0.00000000,0.00000000,0.00000000,0.00000000,0.00000000,0.00000000,0.00000000,0.00000000,0.00000000,0.00000000,0.00000000,0.00000000,0.00000000,0.00000000,0.00000000,0.00000000,0.00000000,0.00000000,0.00000000,NONE
R08756[K,c],0.00000000,0.00000000,0.00000000,0.00000000,0.00000000,0.00000000,0.00000000,0.00000000,0.00000000,0.00000000,0.00000000,0.00000000,0.00000000,0.00000000,0.00000000,0.00000000,0.00000000,0.00000000,0.00000000,0.00000000,0.00000000,0.00000000,0.00000000,0.00000000,0.00000000,0.00000000,NONE
R08766[K,p],0.00000000,0.00000000,0.00000000,0.00000000,0.00000000,0.00000000,0.00000000,0.00000000,0.00000000,0.00000000,0.00000000,0.00000000,0.00000000,0.00000000,0.00000000,0.00000000,0.00000000,0.00000000,0.00000000,0.00000000,0.00000000,0.00000000,0.00000000,0.00000000,0.00000000,0.00000000,NONE
R08782[K,p],0.00000000,0.00000000,0.00000000,0.00000000,0.00000000,0.00000000,0.00000000,0.00000000,0.00000000,0.00000000,0.00000000,0.00000000,0.00000000,0.00000000,0.00000000,0.00000000,0.00000000,0.00000000,0.00000000,0.00000000,0.00000000,0.00000000,0.00000000,0.00000000,0.00000000,0.00000000,NONE
R08845[K,c],0.00000000,0.00000000,0.00000000,0.00000000,0.00000000,0.00000000,0.00000000,0.00000000,0.00000000,0.00000000,0.00000000,0.00000000,0.00000000,0.00000000,0.00000000,0.00000000,0.00000000,0.00000000,0.00000000,0.00000000,0.00000000,0.00000000,0.00000000,0.00000000,0.00000000,0.00000000,NONE
R08893[K,c],0.00000000,0.00000000,0.00000000,0.00000000,0.00000000,0.00000000,0.00000000,0.00000000,0.00000000,0.00000000,0.00000000,0.00000000,0.00000000,0.00000000,0.00000000,0.00000000,0.00000000,0.00000000,0.00000000,0.00000000,0.00000000,0.00000000,0.00000000,0.00000000,0.00000000,0.00000000,NONE
R08900[K,c],0.00000000,0.00000000,0.00000000,0.00000000,0.00000000,0.00000000,0.00000000,0.00000000,0.00000000,0.00000000,0.00000000,0.00000000,0.00000000,0.00000000,0.00000000,0.00000000,0.00000000,0.00000000,0.00000000,0.00000000,0.00000000,0.00000000,0.00000000,0.00000000,0.00000000,0.00000000,NONE
R08901[K,c],0.00000000,0.00000000,0.00000000,0.00000000,0.00000000,0.00000000,0.00000000,0.00000000,0.00000000,0.00000000,0.00000000,0.00000000,0.00000000,0.00000000,0.00000000,0.00000000,0.00000000,0.00000000,0.00000000,0.00000000,0.00000000,0.00000000,0.00000000,0.00000000,0.00000000,0.00000000,NONE
R08987[K,p],0.00000000,0.00000000,0.00000000,0.00000000,0.00000000,0.00000000,0.00000000,0.00000000,0.00000000,0.00000000,0.00000000,0.00000000,0.00000000,0.00000000,0.00000000,0.00000000,0.00000000,0.00000000,0.00000000,0.00000000,0.00000000,0.00000000,0.00000000,0.00000000,0.00000000,0.00000000,NONE
R09009[K,c],0.00000000,0.00000000,0.00000000,0.00000000,0.00000000,0.00000000,0.00000000,0.00000000,0.00000000,0.00000000,0.00000000,0.00000000,0.00000000,0.00000000,0.00000000,0.00000000,0.00000000,0.00000000,0.00000000,0.00000000,0.00000000,0.00000000,0.00000000,0.00000000,0.00000000,0.00000000,NONE
R09031[K,c],0.00000000,0.00000000,0.00000000,0.00000000,0.00000000,0.00000000,0.00000000,0.00000000,0.00000000,0.00000000,0.00000000,0.00000000,0.00000000,0.00000000,0.00000000,0.00000000,0.00000000,0.00000000,0.00000000,0.00000000,0.00000000,0.00000000,0.00000000,0.00000000,0.00000000,0.00000000,NONE
R09076[K,c],0.00000000,0.00000000,0.00000000,0.00000000,0.00000000,0.00000000,0.00000000,0.00000000,0.00000000,0.00000000,0.00000000,0.00000000,0.00000000,0.00000000,0.00000000,0.00000000,0.00000000,0.00000000,0.00000000,0.00000000,0.00000000,0.00000000,0.00000000,0.00000000,0.00000000,0.00000000,NONE
R09076[K,m],0.00000000,0.00000000,0.00000000,0.00000000,0.00000000,0.00000000,0.00000000,0.00000000,0.00000000,0.00000000,0.00000000,0.00000000,0.00000000,0.00000000,0.00000000,0.00000000,0.00000000,0.00000000,0.00000000,0.00000000,0.00000000,0.00000000,0.00000000,0.00000000,0.00000000,0.00000000,NONE
R09093[K,c],0.00000000,0.00000000,0.00000000,0.00000000,0.00000000,0.00000000,0.00000000,0.00000000,0.00000000,0.00000000,0.00000000,0.00000000,0.00000000,0.00000000,0.00000000,0.00000000,0.00000000,0.00000000,0.00000000,0.00000000,0.00000000,0.00000000,0.00000000,0.00000000,0.00000000,0.00000000,NONE
R09093[K,m],0.00000000,0.00000000,0.00000000,0.00000000,0.00000000,0.00000000,0.00000000,0.00000000,0.00000000,0.00000000,0.00000000,0.00000000,0.00000000,0.00000000,0.00000000,0.00000000,0.00000000,0.00000000,0.00000000,0.00000000,0.00000000,0.00000000,0.00000000,0.00000000,0.00000000,0.00000000,NONE
R09254[K,m],0.00000000,0.00000000,0.00000000,0.00000000,0.00000000,0.00000000,0.00000000,0.00000000,0.00000000,0.00000000,0.00000000,0.00000000,0.00000000,0.00000000,0.00000000,0.00000000,0.00000000,0.00000000,0.00000000,0.00000000,0.00000000,0.00000000,0.00000000,0.00000000,0.00000000,0.00000000,NONE
R09517[K,c],0.00000000,0.00000000,0.00000000,0.00000000,0.00000000,0.00000000,0.00000000,0.00000000,0.00000000,0.00000000,0.00000000,0.00000000,0.00000000,0.00000000,0.00000000,0.00000000,0.00000000,0.00000000,0.00000000,0.00000000,0.00000000,0.00000000,0.00000000,0.00000000,0.00000000,0.00000000,NONE
R09540[K,c],0.00000000,0.00000000,0.00000000,0.00000000,0.00000000,0.00000000,0.00000000,0.00000000,0.00000000,0.00000000,0.00000000,0.00000000,0.00000000,0.00000000,0.00000000,0.00000000,0.00000000,0.00000000,0.00000000,0.00000000,0.00000000,0.00000000,0.00000000,0.00000000,0.00000000,0.00000000,NONE
R09540[K,p],0.00000000,0.00000000,0.00000000,0.00000000,0.00000000,0.00000000,0.00000000,0.00000000,0.00000000,0.00000000,0.00000000,0.00000000,0.00000000,0.00000000,0.00000000,0.00000000,0.00000000,0.00000000,0.00000000,0.00000000,0.00000000,0.00000000,0.00000000,0.00000000,0.00000000,0.00000000,NONE
R09540[K,x],0.00000000,0.00000000,0.00000000,0.00000000,0.00000000,0.00000000,0.00000000,0.00000000,0.00000000,0.00000000,0.00000000,0.00000000,0.00000000,0.00000000,0.00000000,0.00000000,0.00000000,0.00000000,0.00000000,0.00000000,0.00000000,0.00000000,0.00000000,0.00000000,0.00000000,0.00000000,NONE
R09653[K,p],0.00000000,0.00000000,0.00000000,0.00000000,0.00000000,0.00000000,0.00000000,0.00000000,0.00000000,0.00000000,0.00000000,0.00000000,0.00000000,0.00000000,0.00000000,0.00000000,0.00000000,0.00000000,0.00000000,0.00000000,0.00000000,0.00000000,0.00000000,0.00000000,0.00000000,0.00000000,NONE
R09654[K,p],0.00000000,0.00000000,0.00000000,0.00000000,0.00000000,0.00000000,0.00000000,0.00000000,0.00000000,0.00000000,0.00000000,0.00000000,0.00000000,0.00000000,0.00000000,0.00000000,0.00000000,0.00000000,0.00000000,0.00000000,0.00000000,0.00000000,0.00000000,0.00000000,0.00000000,0.00000000,NONE
R09655[K,p],0.00000000,0.00000000,0.00000000,0.00000000,0.00000000,0.00000000,0.00000000,0.00000000,0.00000000,0.00000000,0.00000000,0.00000000,0.00000000,0.00000000,0.00000000,0.00000000,0.00000000,0.00000000,0.00000000,0.00000000,0.00000000,0.00000000,0.00000000,0.00000000,0.00000000,0.00000000,NONE
R09698[K,x],0.00000000,0.00000000,0.00000000,0.00000000,0.00000000,0.00000000,0.00000000,0.00000000,0.00000000,0.00000000,0.00000000,0.00000000,0.00000000,0.00000000,0.00000000,0.00000000,0.00000000,0.00000000,0.00000000,0.00000000,0.00000000,0.00000000,0.00000000,0.00000000,0.00000000,0.00000000,NONE
R09839[K,x],0.00000000,0.00000000,0.00000000,0.00000000,0.00000000,0.00000000,0.00000000,0.00000000,0.00000000,0.00000000,0.00000000,0.00000000,0.00000000,0.00000000,0.00000000,0.00000000,0.00000000,0.00000000,0.00000000,0.00000000,0.00000000,0.00000000,0.00000000,0.00000000,0.00000000,0.00000000,NONE
R09995[K,p],0.00000000,0.00000000,0.00000000,0.00000000,0.00000000,0.00000000,0.00000000,0.00000000,0.00000000,0.00000000,0.00000000,0.00000000,0.00000000,0.00000000,0.00000000,0.00000000,0.00000000,0.00000000,0.00000000,0.00000000,0.00000000,0.00000000,0.00000000,0.00000000,0.00000000,0.00000000,NONE
R10021[K,p],0.00000000,0.00000000,0.00000000,0.00000000,0.00000000,0.00000000,0.00000000,0.00000000,0.00000000,0.00000000,0.00000000,0.00000000,0.00000000,0.00000000,0.00000000,0.00000000,0.00000000,0.00000000,0.00000000,0.00000000,0.00000000,0.00000000,0.00000000,0.00000000,0.00000000,0.00000000,NONE
R10092[K,c],0.00000000,0.00000000,0.00000000,0.00000000,0.00000000,0.00000000,0.00000000,0.00000000,0.00000000,0.00000000,0.00000000,0.00000000,0.00000000,0.00000000,0.00000000,0.00000000,0.00000000,0.00000000,0.00000000,0.00000000,0.00000000,0.00000000,0.00000000,0.00000000,0.00000000,0.00000000,NONE
R10092[K,m],0.00000000,0.00000000,0.00000000,0.00000000,0.00000000,0.00000000,0.00000000,0.00000000,0.00000000,0.00000000,0.00000000,0.00000000,0.00000000,0.00000000,0.00000000,0.00000000,0.00000000,0.00000000,0.00000000,0.00000000,0.00000000,0.00000000,0.00000000,0.00000000,0.00000000,0.00000000,NONE
R10180[K,c],0.00000000,0.00000000,0.00000000,0.00000000,0.00000000,0.00000000,0.00000000,0.00000000,0.00000000,0.00000000,0.00000000,0.00000000,0.00000000,0.00000000,0.00000000,0.00000000,0.00000000,0.00000000,0.00000000,0.00000000,0.00000000,0.00000000,0.00000000,0.00000000,0.00000000,0.00000000,NONE
R10701[K,c],0.00000000,0.00000000,0.00000000,0.00000000,0.00000000,0.00000000,0.00000000,0.00000000,0.00000000,0.00000000,0.00000000,0.00000000,0.00000000,0.00000000,0.00000000,0.00000000,0.00000000,0.00000000,0.00000000,0.00000000,0.00000000,0.00000000,0.00000000,0.00000000,0.00000000,0.00000000,NONE
Trans10[K],0.00000000,0.00000000,0.00000000,0.00000000,0.00000000,0.00000000,0.00000000,0.00000000,0.00000000,0.00000000,0.00000000,0.00000000,0.00000000,0.00000000,0.00000000,0.00000000,0.00000000,0.00000000,0.00000000,0.00000000,0.00000000,0.00000000,0.00000000,0.00000000,0.00000000,0.00000000,NONE
Trans12[K],0.00000000,0.00000000,0.00000000,0.00000000,0.00000000,0.00000000,0.00000000,0.00000000,0.00000000,0.00000000,0.00000000,0.00000000,0.00000000,0.00000000,0.00000000,0.00000000,0.00000000,0.00000000,0.00000000,0.00000000,0.00000000,0.00000000,0.00000000,0.00000000,0.00000000,0.00000000,NONE
Trans13[K],0.00000000,0.00000000,0.00000000,0.00000000,0.00000000,0.00000000,0.00000000,0.00000000,0.00000000,0.00000000,0.00000000,0.00000000,0.00000000,0.00000000,0.00000000,0.00000000,0.00000000,0.00000000,0.00000000,0.00000000,0.00000000,0.00000000,0.00000000,0.00000000,0.00000000,0.00000000,NONE
Trans17[K],0.00000000,0.00000000,0.00000000,0.00000000,0.00000000,0.00000000,0.00000000,0.00000000,0.00000000,0.00000000,0.00000000,0.00000000,0.00000000,0.00000000,0.00000000,0.00000000,0.00000000,0.00000000,0.00000000,0.00000000,0.00000000,0.00000000,0.00000000,0.00000000,0.00000000,0.00000000,NONE
Trans1[K],0.00000000,0.00000000,0.00000000,0.00000000,0.00000000,0.00000000,0.00000000,0.00000000,0.00000000,0.00000000,0.00000000,0.00000000,0.00000000,0.00000000,0.00000000,0.00000000,0.00000000,0.00000000,0.00000000,0.00000000,0.00000000,0.00000000,0.00000000,0.00000000,0.00000000,0.00000000,NONE
Trans23[K],0.00000000,0.00000000,0.00000000,0.00000000,0.00000000,0.00000000,0.00000000,0.00000000,0.00000000,0.00000000,0.00000000,0.00000000,0.00000000,0.00000000,0.00000000,0.00000000,0.00000000,0.00000000,0.00000000,0.00000000,0.00000000,0.00000000,0.00000000,0.00000000,0.00000000,0.00000000,NONE
Trans24[K],0.00000000,0.00000000,0.00000000,0.00000000,0.00000000,0.00000000,0.00000000,0.00000000,0.00000000,0.00000000,0.00000000,0.00000000,0.00000000,0.00000000,0.00000000,0.00000000,0.00000000,0.00000000,0.00000000,0.00000000,0.00000000,0.00000000,0.00000000,0.00000000,0.00000000,0.00000000,NONE
Trans25[K],0.00000000,0.00000000,0.00000000,0.00000000,0.00000000,0.00000000,0.00000000,0.00000000,0.00000000,0.00000000,0.00000000,0.00000000,0.00000000,0.00000000,0.00000000,0.00000000,0.00000000,0.00000000,0.00000000,0.00000000,0.00000000,0.00000000,0.00000000,0.00000000,0.00000000,0.00000000,NONE
Trans27[K],0.00000000,0.00000000,0.00000000,0.00000000,0.00000000,0.00000000,0.00000000,0.00000000,0.00000000,0.00000000,0.00000000,0.00000000,0.00000000,0.00000000,0.00000000,0.00000000,0.00000000,0.00000000,0.00000000,0.00000000,0.00000000,0.00000000,0.00000000,0.00000000,0.00000000,0.00000000,NONE
Trans30[K],0.00000000,0.00000000,0.00000000,0.00000000,0.00000000,0.00000000,0.00000000,0.00000000,0.00000000,0.00000000,0.00000000,0.00000000,0.00000000,0.00000000,0.00000000,0.00000000,0.00000000,0.00000000,0.00000000,0.00000000,0.00000000,0.00000000,0.00000000,0.00000000,0.00000000,0.00000000,NONE
Trans31[K],0.00000000,0.00000000,0.00000000,0.00000000,0.00000000,0.00000000,0.00000000,0.00000000,0.00000000,0.00000000,0.00000000,0.00000000,0.00000000,0.00000000,0.00000000,0.00000000,0.00000000,0.00000000,0.00000000,0.00000000,0.00000000,0.00000000,0.00000000,0.00000000,0.00000000,0.00000000,NONE
Trans33[K],0.00000000,0.00000000,0.00000000,0.00000000,0.00000000,0.00000000,0.00000000,0.00000000,0.00000000,0.00000000,0.00000000,0.00000000,0.00000000,0.00000000,0.00000000,0.00000000,0.00000000,0.00000000,0.00000000,0.00000000,0.00000000,0.00000000,0.00000000,0.00000000,0.00000000,0.00000000,NONE
Trans35[K],0.00000000,0.00000000,0.00000000,0.00000000,0.00000000,0.00000000,0.00000000,0.00000000,0.00000000,0.00000000,0.00000000,0.00000000,0.00000000,0.00000000,0.00000000,0.00000000,0.00000000,0.00000000,0.00000000,0.00000000,0.00000000,0.00000000,0.00000000,0.00000000,0.00000000,0.00000000,NONE
Trans37[K],0.00000000,0.00000000,0.00000000,0.00000000,0.00000000,0.00000000,0.00000000,0.00000000,0.00000000,0.00000000,0.00000000,0.00000000,0.00000000,0.00000000,0.00000000,0.00000000,0.00000000,0.00000000,0.00000000,0.00000000,0.00000000,0.00000000,0.00000000,0.00000000,0.00000000,0.00000000,NONE
Trans38[K],0.00000000,0.00000000,0.00000000,0.00000000,0.00000000,0.00000000,0.00000000,0.00000000,0.00000000,0.00000000,0.00000000,0.00000000,0.00000000,0.00000000,0.00000000,0.00000000,0.00000000,0.00000000,0.00000000,0.00000000,0.00000000,0.00000000,0.00000000,0.00000000,0.00000000,0.00000000,NONE
Trans3[K],0.00000000,0.00000000,0.00000000,0.00000000,0.00000000,0.00000000,0.00000000,0.00000000,0.00000000,0.00000000,0.00000000,0.00000000,0.00000000,0.00000000,0.00000000,0.00000000,0.00000000,0.00000000,0.00000000,0.00000000,0.00000000,0.00000000,0.00000000,0.00000000,0.00000000,0.00000000,NONE
Trans41[K],0.00000000,0.00000000,0.00000000,0.00000000,0.00000000,0.00000000,0.00000000,0.00000000,0.00000000,0.00000000,0.00000000,0.00000000,0.00000000,0.00000000,0.00000000,0.00000000,0.00000000,0.00000000,0.00000000,0.00000000,0.00000000,0.00000000,0.00000000,0.00000000,0.00000000,0.00000000,NONE
Trans42[K],0.00000000,0.00000000,0.00000000,0.00000000,0.00000000,0.00000000,0.00000000,0.00000000,0.00000000,0.00000000,0.00000000,0.00000000,0.00000000,0.00000000,0.00000000,0.00000000,0.00000000,0.00000000,0.00000000,0.00000000,0.00000000,0.00000000,0.00000000,0.00000000,0.00000000,0.00000000,NONE
Trans43[K],0.00000000,0.00000000,0.00000000,0.00000000,0.00000000,0.00000000,0.00000000,0.00000000,0.00000000,0.00000000,0.00000000,0.00000000,0.00000000,0.00000000,0.00000000,0.00000000,0.00000000,0.00000000,0.00000000,0.00000000,0.00000000,0.00000000,0.00000000,0.00000000,0.00000000,0.00000000,NONE
Trans44[K],0.00000000,0.00000000,0.00000000,0.00000000,0.00000000,0.00000000,0.00000000,0.00000000,0.00000000,0.00000000,0.00000000,0.00000000,0.00000000,0.00000000,0.00000000,0.00000000,0.00000000,0.00000000,0.00000000,0.00000000,0.00000000,0.00000000,0.00000000,0.00000000,0.00000000,0.00000000,NONE
Trans46[K],0.00000000,0.00000000,0.00000000,0.00000000,0.00000000,0.00000000,0.00000000,0.00000000,0.00000000,0.00000000,0.00000000,0.00000000,0.00000000,0.00000000,0.00000000,0.00000000,0.00000000,0.00000000,0.00000000,0.00000000,0.00000000,0.00000000,0.00000000,0.00000000,0.00000000,0.00000000,NONE
Trans49[K],0.00000000,0.00000000,0.00000000,0.00000000,0.00000000,0.00000000,0.00000000,0.00000000,0.00000000,0.00000000,0.00000000,0.00000000,0.00000000,0.00000000,0.00000000,0.00000000,0.00000000,0.00000000,0.00000000,0.00000000,0.00000000,0.00000000,0.00000000,0.00000000,0.00000000,0.00000000,NONE
Trans54[K],0.00000000,0.00000000,0.00000000,0.00000000,0.00000000,0.00000000,0.00000000,0.00000000,0.00000000,0.00000000,0.00000000,0.00000000,0.00000000,0.00000000,0.00000000,0.00000000,0.00000000,0.00000000,0.00000000,0.00000000,0.00000000,0.00000000,0.00000000,0.00000000,0.00000000,0.00000000,NONE
Trans55[K],0.00000000,0.00000000,0.00000000,0.00000000,0.00000000,0.00000000,0.00000000,0.00000000,0.00000000,0.00000000,0.00000000,0.00000000,0.00000000,0.00000000,0.00000000,0.00000000,0.00000000,0.00000000,0.00000000,0.00000000,0.00000000,0.00000000,0.00000000,0.00000000,0.00000000,0.00000000,NONE
Trans57[K],0.00000000,0.00000000,0.00000000,0.00000000,0.00000000,0.00000000,0.00000000,0.00000000,0.00000000,0.00000000,0.00000000,0.00000000,0.00000000,0.00000000,0.00000000,0.00000000,0.00000000,0.00000000,0.00000000,0.00000000,0.00000000,0.00000000,0.00000000,0.00000000,0.00000000,0.00000000,NONE
Trans58[K],0.00000000,0.00000000,0.00000000,0.00000000,0.00000000,0.00000000,0.00000000,0.00000000,0.00000000,0.00000000,0.00000000,0.00000000,0.00000000,0.00000000,0.00000000,0.00000000,0.00000000,0.00000000,0.00000000,0.00000000,0.00000000,0.00000000,0.00000000,0.00000000,0.00000000,0.00000000,NONE
Trans7[K],0.00000000,0.00000000,0.00000000,0.00000000,0.00000000,0.00000000,0.00000000,0.00000000,0.00000000,0.00000000,0.00000000,0.00000000,0.00000000,0.00000000,0.00000000,0.00000000,0.00000000,0.00000000,0.00000000,0.00000000,0.00000000,0.00000000,0.00000000,0.00000000,0.00000000,0.00000000,NONE
Trans8[K],0.00000000,0.00000000,0.00000000,0.00000000,0.00000000,0.00000000,0.00000000,0.00000000,0.00000000,0.00000000,0.00000000,0.00000000,0.00000000,0.00000000,0.00000000,0.00000000,0.00000000,0.00000000,0.00000000,0.00000000,0.00000000,0.00000000,0.00000000,0.00000000,0.00000000,0.00000000,NONE
cmTransport_C00013[K],0.00000000,0.00000000,0.00000000,0.00000000,0.00000000,0.00000000,0.00000000,0.00000000,0.00000000,0.00000000,0.00000000,0.00000000,0.00000000,0.00000000,0.00000000,0.00000000,0.00000000,0.00000000,0.00000000,0.00000000,0.00000000,0.00000000,0.00000000,0.00000000,0.00000000,0.00000000,NONE
cmTransport_C00019[K],0.00000000,0.00000000,0.00000000,0.00000000,0.00000000,0.00000000,0.00000000,0.00000000,0.00000000,0.00000000,0.00000000,0.00000000,0.00000000,0.00000000,0.00000000,0.00000000,0.00000000,0.00000000,0.00000000,0.00000000,0.00000000,0.00000000,0.00000000,0.00000000,0.00000000,0.00000000,NONE
cmTransport_C00025[K],0.00000000,0.00000000,0.00000000,0.00000000,0.00000000,0.00000000,0.00000000,0.00000000,0.00000000,0.00000000,0.00000000,0.00000000,0.00000000,0.00000000,0.00000000,0.00000000,0.00000000,0.00000000,0.00000000,0.00000000,0.00000000,0.00000000,0.00000000,0.00000000,0.00000000,0.00000000,NONE
cmTransport_C00067[K],0.00000000,0.00000000,0.00000000,0.00000000,0.00000000,0.00000000,0.00000000,0.00000000,0.00000000,0.00000000,0.00000000,0.00000000,0.00000000,0.00000000,0.00000000,0.00000000,0.00000000,0.00000000,0.00000000,0.00000000,0.00000000,0.00000000,0.00000000,0.00000000,0.00000000,0.00000000,NONE
cmTransport_C00099[K],0.00000000,0.00000000,0.00000000,0.00000000,0.00000000,0.00000000,0.00000000,0.00000000,0.00000000,0.00000000,0.00000000,0.00000000,0.00000000,0.00000000,0.00000000,0.00000000,0.00000000,0.00000000,0.00000000,0.00000000,0.00000000,0.00000000,0.00000000,0.00000000,0.00000000,0.00000000,NONE
cmTransport_C00101[K],0.00000000,0.00000000,0.00000000,0.00000000,0.00000000,0.00000000,0.00000000,0.00000000,0.00000000,0.00000000,0.00000000,0.00000000,0.00000000,0.00000000,0.00000000,0.00000000,0.00000000,0.00000000,0.00000000,0.00000000,0.00000000,0.00000000,0.00000000,0.00000000,0.00000000,0.00000000,NONE
cmTransport_C00109[K],0.00000000,0.00000000,0.00000000,0.00000000,0.00000000,0.00000000,0.00000000,0.00000000,0.00000000,0.00000000,0.00000000,0.00000000,0.00000000,0.00000000,0.00000000,0.00000000,0.00000000,0.00000000,0.00000000,0.00000000,0.00000000,0.00000000,0.00000000,0.00000000,0.00000000,0.00000000,NONE
cmTransport_C00116[K],0.00000000,0.00000000,0.00000000,0.00000000,0.00000000,0.00000000,0.00000000,0.00000000,0.00000000,0.00000000,0.00000000,0.00000000,0.00000000,0.00000000,0.00000000,0.00000000,0.00000000,0.00000000,0.00000000,0.00000000,0.00000000,0.00000000,0.00000000,0.00000000,0.00000000,0.00000000,NONE
cmTransport_C00118[K],0.00000000,0.00000000,0.00000000,0.00000000,0.00000000,0.00000000,0.00000000,0.00000000,0.00000000,0.00000000,0.00000000,0.00000000,0.00000000,0.00000000,0.00000000,0.00000000,0.00000000,0.00000000,0.00000000,0.00000000,0.00000000,0.00000000,0.00000000,0.00000000,0.00000000,0.00000000,NONE
cmTransport_C00122_C00042[K],0.00000000,0.00000000,0.00000000,0.00000000,0.00000000,0.00000000,0.00000000,0.00000000,0.00000000,0.00000000,0.00000000,0.00000000,0.00000000,0.00000000,0.00000000,0.00000000,0.00000000,0.00000000,0.00000000,0.00000000,0.00000000,0.00000000,0.00000000,0.00000000,0.00000000,0.00000000,NONE
cmTransport_C00123[K],0.00000000,0.00000000,0.00000000,0.00000000,0.00000000,0.00000000,0.00000000,0.00000000,0.00000000,0.00000000,0.00000000,0.00000000,0.00000000,0.00000000,0.00000000,0.00000000,0.00000000,0.00000000,0.00000000,0.00000000,0.00000000,0.00000000,0.00000000,0.00000000,0.00000000,0.00000000,NONE
cmTransport_C00141[K],0.00000000,0.00000000,0.00000000,0.00000000,0.00000000,0.00000000,0.00000000,0.00000000,0.00000000,0.00000000,0.00000000,0.00000000,0.00000000,0.00000000,0.00000000,0.00000000,0.00000000,0.00000000,0.00000000,0.00000000,0.00000000,0.00000000,0.00000000,0.00000000,0.00000000,0.00000000,NONE
cmTransport_C00148[K],0.00000000,0.00000000,0.00000000,0.00000000,0.00000000,0.00000000,0.00000000,0.00000000,0.00000000,0.00000000,0.00000000,0.00000000,0.00000000,0.00000000,0.00000000,0.00000000,0.00000000,0.00000000,0.00000000,0.00000000,0.00000000,0.00000000,0.00000000,0.00000000,0.00000000,0.00000000,NONE
cmTransport_C00164[K],0.00000000,0.00000000,0.00000000,0.00000000,0.00000000,0.00000000,0.00000000,0.00000000,0.00000000,0.00000000,0.00000000,0.00000000,0.00000000,0.00000000,0.00000000,0.00000000,0.00000000,0.00000000,0.00000000,0.00000000,0.00000000,0.00000000,0.00000000,0.00000000,0.00000000,0.00000000,NONE
cmTransport_C00169[K],0.00000000,0.00000000,0.00000000,0.00000000,0.00000000,0.00000000,0.00000000,0.00000000,0.00000000,0.00000000,0.00000000,0.00000000,0.00000000,0.00000000,0.00000000,0.00000000,0.00000000,0.00000000,0.00000000,0.00000000,0.00000000,0.00000000,0.00000000,0.00000000,0.00000000,0.00000000,NONE
cmTransport_C00170[K],0.00000000,0.00000000,0.00000000,0.00000000,0.00000000,0.00000000,0.00000000,0.00000000,0.00000000,0.00000000,0.00000000,0.00000000,0.00000000,0.00000000,0.00000000,0.00000000,0.00000000,0.00000000,0.00000000,0.00000000,0.00000000,0.00000000,0.00000000,0.00000000,0.00000000,0.00000000,NONE
cmTransport_C00197[K],0.00000000,0.00000000,0.00000000,0.00000000,0.00000000,0.00000000,0.00000000,0.00000000,0.00000000,0.00000000,0.00000000,0.00000000,0.00000000,0.00000000,0.00000000,0.00000000,0.00000000,0.00000000,0.00000000,0.00000000,0.00000000,0.00000000,0.00000000,0.00000000,0.00000000,0.00000000,NONE
cmTransport_C00222[K],0.00000000,0.00000000,0.00000000,0.00000000,0.00000000,0.00000000,0.00000000,0.00000000,0.00000000,0.00000000,0.00000000,0.00000000,0.00000000,0.00000000,0.00000000,0.00000000,0.00000000,0.00000000,0.00000000,0.00000000,0.00000000,0.00000000,0.00000000,0.00000000,0.00000000,0.00000000,NONE
cmTransport_C00263[K],0.00000000,0.00000000,0.00000000,0.00000000,0.00000000,0.00000000,0.00000000,0.00000000,0.00000000,0.00000000,0.00000000,0.00000000,0.00000000,0.00000000,0.00000000,0.00000000,0.00000000,0.00000000,0.00000000,0.00000000,0.00000000,0.00000000,0.00000000,0.00000000,0.00000000,0.00000000,NONE
cmTransport_C00331[K],0.00000000,0.00000000,0.00000000,0.00000000,0.00000000,0.00000000,0.00000000,0.00000000,0.00000000,0.00000000,0.00000000,0.00000000,0.00000000,0.00000000,0.00000000,0.00000000,0.00000000,0.00000000,0.00000000,0.00000000,0.00000000,0.00000000,0.00000000,0.00000000,0.00000000,0.00000000,NONE
cmTransport_C00356[K],0.00000000,0.00000000,0.00000000,0.00000000,0.00000000,0.00000000,0.00000000,0.00000000,0.00000000,0.00000000,0.00000000,0.00000000,0.00000000,0.00000000,0.00000000,0.00000000,0.00000000,0.00000000,0.00000000,0.00000000,0.00000000,0.00000000,0.00000000,0.00000000,0.00000000,0.00000000,NONE
cmTransport_C00407[K],0.00000000,0.00000000,0.00000000,0.00000000,0.00000000,0.00000000,0.00000000,0.00000000,0.00000000,0.00000000,0.00000000,0.00000000,0.00000000,0.00000000,0.00000000,0.00000000,0.00000000,0.00000000,0.00000000,0.00000000,0.00000000,0.00000000,0.00000000,0.00000000,0.00000000,0.00000000,NONE
cmTransport_C00630[K],0.00000000,0.00000000,0.00000000,0.00000000,0.00000000,0.00000000,0.00000000,0.00000000,0.00000000,0.00000000,0.00000000,0.00000000,0.00000000,0.00000000,0.00000000,0.00000000,0.00000000,0.00000000,0.00000000,0.00000000,0.00000000,0.00000000,0.00000000,0.00000000,0.00000000,0.00000000,NONE
cmTransport_C00633[K],0.00000000,0.00000000,0.00000000,0.00000000,0.00000000,0.00000000,0.00000000,0.00000000,0.00000000,0.00000000,0.00000000,0.00000000,0.00000000,0.00000000,0.00000000,0.00000000,0.00000000,0.00000000,0.00000000,0.00000000,0.00000000,0.00000000,0.00000000,0.00000000,0.00000000,0.00000000,NONE
cmTransport_C00637[K],0.00000000,0.00000000,0.00000000,0.00000000,0.00000000,0.00000000,0.00000000,0.00000000,0.00000000,0.00000000,0.00000000,0.00000000,0.00000000,0.00000000,0.00000000,0.00000000,0.00000000,0.00000000,0.00000000,0.00000000,0.00000000,0.00000000,0.00000000,0.00000000,0.00000000,0.00000000,NONE
cmTransport_C00671[K],0.00000000,0.00000000,0.00000000,0.00000000,0.00000000,0.00000000,0.00000000,0.00000000,0.00000000,0.00000000,0.00000000,0.00000000,0.00000000,0.00000000,0.00000000,0.00000000,0.00000000,0.00000000,0.00000000,0.00000000,0.00000000,0.00000000,0.00000000,0.00000000,0.00000000,0.00000000,NONE
cmTransport_C00740[K],0.00000000,0.00000000,0.00000000,0.00000000,0.00000000,0.00000000,0.00000000,0.00000000,0.00000000,0.00000000,0.00000000,0.00000000,0.00000000,0.00000000,0.00000000,0.00000000,0.00000000,0.00000000,0.00000000,0.00000000,0.00000000,0.00000000,0.00000000,0.00000000,0.00000000,0.00000000,NONE
cmTransport_C00811[K],0.00000000,0.00000000,0.00000000,0.00000000,0.00000000,0.00000000,0.00000000,0.00000000,0.00000000,0.00000000,0.00000000,0.00000000,0.00000000,0.00000000,0.00000000,0.00000000,0.00000000,0.00000000,0.00000000,0.00000000,0.00000000,0.00000000,0.00000000,0.00000000,0.00000000,0.00000000,NONE
cmTransport_C00954[K],0.00000000,0.00000000,0.00000000,0.00000000,0.00000000,0.00000000,0.00000000,0.00000000,0.00000000,0.00000000,0.00000000,0.00000000,0.00000000,0.00000000,0.00000000,0.00000000,0.00000000,0.00000000,0.00000000,0.00000000,0.00000000,0.00000000,0.00000000,0.00000000,0.00000000,0.00000000,NONE
cmTransport_C02939[K],0.00000000,0.00000000,0.00000000,0.00000000,0.00000000,0.00000000,0.00000000,0.00000000,0.00000000,0.00000000,0.00000000,0.00000000,0.00000000,0.00000000,0.00000000,0.00000000,0.00000000,0.00000000,0.00000000,0.00000000,0.00000000,0.00000000,0.00000000,0.00000000,0.00000000,0.00000000,NONE
cmTransport_C03460[K],0.00000000,0.00000000,0.00000000,0.00000000,0.00000000,0.00000000,0.00000000,0.00000000,0.00000000,0.00000000,0.00000000,0.00000000,0.00000000,0.00000000,0.00000000,0.00000000,0.00000000,0.00000000,0.00000000,0.00000000,0.00000000,0.00000000,0.00000000,0.00000000,0.00000000,0.00000000,NONE
cmTransport_C03541[K],0.00000000,0.00000000,0.00000000,0.00000000,0.00000000,0.00000000,0.00000000,0.00000000,0.00000000,0.00000000,0.00000000,0.00000000,0.00000000,0.00000000,0.00000000,0.00000000,0.00000000,0.00000000,0.00000000,0.00000000,0.00000000,0.00000000,0.00000000,0.00000000,0.00000000,0.00000000,NONE
cmTransport_C04677[K],0.00000000,0.00000000,0.00000000,0.00000000,0.00000000,0.00000000,0.00000000,0.00000000,0.00000000,0.00000000,0.00000000,0.00000000,0.00000000,0.00000000,0.00000000,0.00000000,0.00000000,0.00000000,0.00000000,0.00000000,0.00000000,0.00000000,0.00000000,0.00000000,0.00000000,0.00000000,NONE
cmTransport_C04823[K],0.00000000,0.00000000,0.00000000,0.00000000,0.00000000,0.00000000,0.00000000,0.00000000,0.00000000,0.00000000,0.00000000,0.00000000,0.00000000,0.00000000,0.00000000,0.00000000,0.00000000,0.00000000,0.00000000,0.00000000,0.00000000,0.00000000,0.00000000,0.00000000,0.00000000,0.00000000,NONE
cmTransport_C06000[K],0.00000000,0.00000000,0.00000000,0.00000000,0.00000000,0.00000000,0.00000000,0.00000000,0.00000000,0.00000000,0.00000000,0.00000000,0.00000000,0.00000000,0.00000000,0.00000000,0.00000000,0.00000000,0.00000000,0.00000000,0.00000000,0.00000000,0.00000000,0.00000000,0.00000000,0.00000000,NONE
cmTransport_C06001[K],0.00000000,0.00000000,0.00000000,0.00000000,0.00000000,0.00000000,0.00000000,0.00000000,0.00000000,0.00000000,0.00000000,0.00000000,0.00000000,0.00000000,0.00000000,0.00000000,0.00000000,0.00000000,0.00000000,0.00000000,0.00000000,0.00000000,0.00000000,0.00000000,0.00000000,0.00000000,NONE
cmTransport_C06002[K],0.00000000,0.00000000,0.00000000,0.00000000,0.00000000,0.00000000,0.00000000,0.00000000,0.00000000,0.00000000,0.00000000,0.00000000,0.00000000,0.00000000,0.00000000,0.00000000,0.00000000,0.00000000,0.00000000,0.00000000,0.00000000,0.00000000,0.00000000,0.00000000,0.00000000,0.00000000,NONE
cmTransport_MC00345[K],0.00000000,0.00000000,0.00000000,0.00000000,0.00000000,0.00000000,0.00000000,0.00000000,0.00000000,0.00000000,0.00000000,0.00000000,0.00000000,0.00000000,0.00000000,0.00000000,0.00000000,0.00000000,0.00000000,0.00000000,0.00000000,0.00000000,0.00000000,0.00000000,0.00000000,0.00000000,NONE
cpTransport_C00022[K],0.00000000,0.00000000,0.00000000,0.00000000,0.00000000,0.00000000,0.00000000,0.00000000,0.00000000,0.00000000,0.00000000,0.00000000,0.00000000,0.00000000,0.00000000,0.00000000,0.00000000,0.00000000,0.00000000,0.00000000,0.00000000,0.00000000,0.00000000,0.00000000,0.00000000,0.00000000,NONE
cpTransport_C00031[K],0.00000000,0.00000000,0.00000000,0.00000000,0.00000000,0.00000000,0.00000000,0.00000000,0.00000000,0.00000000,0.00000000,0.00000000,0.00000000,0.00000000,0.00000000,0.00000000,0.00000000,0.00000000,0.00000000,0.00000000,0.00000000,0.00000000,0.00000000,0.00000000,0.00000000,0.00000000,NONE
cpTransport_C00037[K],0.00000000,0.00000000,0.00000000,0.00000000,0.00000000,0.00000000,0.00000000,0.00000000,0.00000000,0.00000000,0.00000000,0.00000000,0.00000000,0.00000000,0.00000000,0.00000000,0.00000000,0.00000000,0.00000000,0.00000000,0.00000000,0.00000000,0.00000000,0.00000000,0.00000000,0.00000000,NONE
cpTransport_C00041[K],0.00000000,0.00000000,0.00000000,0.00000000,0.00000000,0.00000000,0.00000000,0.00000000,0.00000000,0.00000000,0.00000000,0.00000000,0.00000000,0.00000000,0.00000000,0.00000000,0.00000000,0.00000000,0.00000000,0.00000000,0.00000000,0.00000000,0.00000000,0.00000000,0.00000000,0.00000000,NONE
cpTransport_C00042[K],0.00000000,0.00000000,0.00000000,0.00000000,0.00000000,0.00000000,0.00000000,0.00000000,0.00000000,0.00000000,0.00000000,0.00000000,0.00000000,0.00000000,0.00000000,0.00000000,0.00000000,0.00000000,0.00000000,0.00000000,0.00000000,0.00000000,0.00000000,0.00000000,0.00000000,0.00000000,NONE
cpTransport_C00052[K],0.00000000,0.00000000,0.00000000,0.00000000,0.00000000,0.00000000,0.00000000,0.00000000,0.00000000,0.00000000,0.00000000,0.00000000,0.00000000,0.00000000,0.00000000,0.00000000,0.00000000,0.00000000,0.00000000,0.00000000,0.00000000,0.00000000,0.00000000,0.00000000,0.00000000,0.00000000,NONE
cpTransport_C00058[K],0.00000000,0.00000000,0.00000000,0.00000000,0.00000000,0.00000000,0.00000000,0.00000000,0.00000000,0.00000000,0.00000000,0.00000000,0.00000000,0.00000000,0.00000000,0.00000000,0.00000000,0.00000000,0.00000000,0.00000000,0.00000000,0.00000000,0.00000000,0.00000000,0.00000000,0.00000000,NONE
cpTransport_C00062[K],0.00000000,0.00000000,0.00000000,0.00000000,0.00000000,0.00000000,0.00000000,0.00000000,0.00000000,0.00000000,0.00000000,0.00000000,0.00000000,0.00000000,0.00000000,0.00000000,0.00000000,0.00000000,0.00000000,0.00000000,0.00000000,0.00000000,0.00000000,0.00000000,0.00000000,0.00000000,NONE
cpTransport_C00070[K],0.00000000,0.00000000,0.00000000,0.00000000,0.00000000,0.00000000,0.00000000,0.00000000,0.00000000,0.00000000,0.00000000,0.00000000,0.00000000,0.00000000,0.00000000,0.00000000,0.00000000,0.00000000,0.00000000,0.00000000,0.00000000,0.00000000,0.00000000,0.00000000,0.00000000,0.00000000,NONE
cpTransport_C00078[K],0.00000000,0.00000000,0.00000000,0.00000000,0.00000000,0.00000000,0.00000000,0.00000000,0.00000000,0.00000000,0.00000000,0.00000000,0.00000000,0.00000000,0.00000000,0.00000000,0.00000000,0.00000000,0.00000000,0.00000000,0.00000000,0.00000000,0.00000000,0.00000000,0.00000000,0.00000000,NONE
cpTransport_C00099[K],0.00000000,0.00000000,0.00000000,0.00000000,0.00000000,0.00000000,0.00000000,0.00000000,0.00000000,0.00000000,0.00000000,0.00000000,0.00000000,0.00000000,0.00000000,0.00000000,0.00000000,0.00000000,0.00000000,0.00000000,0.00000000,0.00000000,0.00000000,0.00000000,0.00000000,0.00000000,NONE
cpTransport_C00103[K],0.00000000,0.00000000,0.00000000,0.00000000,0.00000000,0.00000000,0.00000000,0.00000000,0.00000000,0.00000000,0.00000000,0.00000000,0.00000000,0.00000000,0.00000000,0.00000000,0.00000000,0.00000000,0.00000000,0.00000000,0.00000000,0.00000000,0.00000000,0.00000000,0.00000000,0.00000000,NONE
cpTransport_C00116[K],0.00000000,0.00000000,0.00000000,0.00000000,0.00000000,0.00000000,0.00000000,0.00000000,0.00000000,0.00000000,0.00000000,0.00000000,0.00000000,0.00000000,0.00000000,0.00000000,0.00000000,0.00000000,0.00000000,0.00000000,0.00000000,0.00000000,0.00000000,0.00000000,0.00000000,0.00000000,NONE
cpTransport_C00118[K],0.00000000,0.00000000,0.00000000,0.00000000,0.00000000,0.00000000,0.00000000,0.00000000,0.00000000,0.00000000,0.00000000,0.00000000,0.00000000,0.00000000,0.00000000,0.00000000,0.00000000,0.00000000,0.00000000,0.00000000,0.00000000,0.00000000,0.00000000,0.00000000,0.00000000,0.00000000,NONE
cpTransport_C00119[K],0.00000000,0.00000000,0.00000000,0.00000000,0.00000000,0.00000000,0.00000000,0.00000000,0.00000000,0.00000000,0.00000000,0.00000000,0.00000000,0.00000000,0.00000000,0.00000000,0.00000000,0.00000000,0.00000000,0.00000000,0.00000000,0.00000000,0.00000000,0.00000000,0.00000000,0.00000000,NONE
cpTransport_C00122[K],0.00000000,0.00000000,0.00000000,0.00000000,0.00000000,0.00000000,0.00000000,0.00000000,0.00000000,0.00000000,0.00000000,0.00000000,0.00000000,0.00000000,0.00000000,0.00000000,0.00000000,0.00000000,0.00000000,0.00000000,0.00000000,0.00000000,0.00000000,0.00000000,0.00000000,0.00000000,NONE
cpTransport_C00130[K],0.00000000,0.00000000,0.00000000,0.00000000,0.00000000,0.00000000,0.00000000,0.00000000,0.00000000,0.00000000,0.00000000,0.00000000,0.00000000,0.00000000,0.00000000,0.00000000,0.00000000,0.00000000,0.00000000,0.00000000,0.00000000,0.00000000,0.00000000,0.00000000,0.00000000,0.00000000,NONE
cpTransport_C00135[K],0.00000000,0.00000000,0.00000000,0.00000000,0.00000000,0.00000000,0.00000000,0.00000000,0.00000000,0.00000000,0.00000000,0.00000000,0.00000000,0.00000000,0.00000000,0.00000000,0.00000000,0.00000000,0.00000000,0.00000000,0.00000000,0.00000000,0.00000000,0.00000000,0.00000000,0.00000000,NONE
cpTransport_C00141[K],0.00000000,0.00000000,0.00000000,0.00000000,0.00000000,0.00000000,0.00000000,0.00000000,0.00000000,0.00000000,0.00000000,0.00000000,0.00000000,0.00000000,0.00000000,0.00000000,0.00000000,0.00000000,0.00000000,0.00000000,0.00000000,0.00000000,0.00000000,0.00000000,0.00000000,0.00000000,NONE
cpTransport_C00154[K],0.00000000,0.00000000,0.00000000,0.00000000,0.00000000,0.00000000,0.00000000,0.00000000,0.00000000,0.00000000,0.00000000,0.00000000,0.00000000,0.00000000,0.00000000,0.00000000,0.00000000,0.00000000,0.00000000,0.00000000,0.00000000,0.00000000,0.00000000,0.00000000,0.00000000,0.00000000,NONE
cpTransport_C00160[K],0.00000000,0.00000000,0.00000000,0.00000000,0.00000000,0.00000000,0.00000000,0.00000000,0.00000000,0.00000000,0.00000000,0.00000000,0.00000000,0.00000000,0.00000000,0.00000000,0.00000000,0.00000000,0.00000000,0.00000000,0.00000000,0.00000000,0.00000000,0.00000000,0.00000000,0.00000000,NONE
cpTransport_C00164[K],0.00000000,0.00000000,0.00000000,0.00000000,0.00000000,0.00000000,0.00000000,0.00000000,0.00000000,0.00000000,0.00000000,0.00000000,0.00000000,0.00000000,0.00000000,0.00000000,0.00000000,0.00000000,0.00000000,0.00000000,0.00000000,0.00000000,0.00000000,0.00000000,0.00000000,0.00000000,NONE
cpTransport_C00169[K],0.00000000,0.00000000,0.00000000,0.00000000,0.00000000,0.00000000,0.00000000,0.00000000,0.00000000,0.00000000,0.00000000,0.00000000,0.00000000,0.00000000,0.00000000,0.00000000,0.00000000,0.00000000,0.00000000,0.00000000,0.00000000,0.00000000,0.00000000,0.00000000,0.00000000,0.00000000,NONE
cpTransport_C00170[K],0.00000000,0.00000000,0.00000000,0.00000000,0.00000000,0.00000000,0.00000000,0.00000000,0.00000000,0.00000000,0.00000000,0.00000000,0.00000000,0.00000000,0.00000000,0.00000000,0.00000000,0.00000000,0.00000000,0.00000000,0.00000000,0.00000000,0.00000000,0.00000000,0.00000000,0.00000000,NONE
cpTransport_C00208[K],0.00000000,0.00000000,0.00000000,0.00000000,0.00000000,0.00000000,0.00000000,0.00000000,0.00000000,0.00000000,0.00000000,0.00000000,0.00000000,0.00000000,0.00000000,0.00000000,0.00000000,0.00000000,0.00000000,0.00000000,0.00000000,0.00000000,0.00000000,0.00000000,0.00000000,0.00000000,NONE
cpTransport_C00221[K],0.00000000,0.00000000,0.00000000,0.00000000,0.00000000,0.00000000,0.00000000,0.00000000,0.00000000,0.00000000,0.00000000,0.00000000,0.00000000,0.00000000,0.00000000,0.00000000,0.00000000,0.00000000,0.00000000,0.00000000,0.00000000,0.00000000,0.00000000,0.00000000,0.00000000,0.00000000,NONE
cpTransport_C00235[K],0.00000000,0.00000000,0.00000000,0.00000000,0.00000000,0.00000000,0.00000000,0.00000000,0.00000000,0.00000000,0.00000000,0.00000000,0.00000000,0.00000000,0.00000000,0.00000000,0.00000000,0.00000000,0.00000000,0.00000000,0.00000000,0.00000000,0.00000000,0.00000000,0.00000000,0.00000000,NONE
cpTransport_C00244[K],0.00000000,0.00000000,0.00000000,0.00000000,0.00000000,0.00000000,0.00000000,0.00000000,0.00000000,0.00000000,0.00000000,0.00000000,0.00000000,0.00000000,0.00000000,0.00000000,0.00000000,0.00000000,0.00000000,0.00000000,0.00000000,0.00000000,0.00000000,0.00000000,0.00000000,0.00000000,NONE
cpTransport_C00253[K],0.00000000,0.00000000,0.00000000,0.00000000,0.00000000,0.00000000,0.00000000,0.00000000,0.00000000,0.00000000,0.00000000,0.00000000,0.00000000,0.00000000,0.00000000,0.00000000,0.00000000,0.00000000,0.00000000,0.00000000,0.00000000,0.00000000,0.00000000,0.00000000,0.00000000,0.00000000,NONE
cpTransport_C00263[K],0.00000000,0.00000000,0.00000000,0.00000000,0.00000000,0.00000000,0.00000000,0.00000000,0.00000000,0.00000000,0.00000000,0.00000000,0.00000000,0.00000000,0.00000000,0.00000000,0.00000000,0.00000000,0.00000000,0.00000000,0.00000000,0.00000000,0.00000000,0.00000000,0.00000000,0.00000000,NONE
cpTransport_C00267[K],0.00000000,0.00000000,0.00000000,0.00000000,0.00000000,0.00000000,0.00000000,0.00000000,0.00000000,0.00000000,0.00000000,0.00000000,0.00000000,0.00000000,0.00000000,0.00000000,0.00000000,0.00000000,0.00000000,0.00000000,0.00000000,0.00000000,0.00000000,0.00000000,0.00000000,0.00000000,NONE
cpTransport_C00283[K],0.00000000,0.00000000,0.00000000,0.00000000,0.00000000,0.00000000,0.00000000,0.00000000,0.00000000,0.00000000,0.00000000,0.00000000,0.00000000,0.00000000,0.00000000,0.00000000,0.00000000,0.00000000,0.00000000,0.00000000,0.00000000,0.00000000,0.00000000,0.00000000,0.00000000,0.00000000,NONE
cpTransport_C00294[K],0.00000000,0.00000000,0.00000000,0.00000000,0.00000000,0.00000000,0.00000000,0.00000000,0.00000000,0.00000000,0.00000000,0.00000000,0.00000000,0.00000000,0.00000000,0.00000000,0.00000000,0.00000000,0.00000000,0.00000000,0.00000000,0.00000000,0.00000000,0.00000000,0.00000000,0.00000000,NONE
cpTransport_C00331[K],0.00000000,0.00000000,0.00000000,0.00000000,0.00000000,0.00000000,0.00000000,0.00000000,0.00000000,0.00000000,0.00000000,0.00000000,0.00000000,0.00000000,0.00000000,0.00000000,0.00000000,0.00000000,0.00000000,0.00000000,0.00000000,0.00000000,0.00000000,0.00000000,0.00000000,0.00000000,NONE
cpTransport_C00424[K],0.00000000,0.00000000,0.00000000,0.00000000,0.00000000,0.00000000,0.00000000,0.00000000,0.00000000,0.00000000,0.00000000,0.00000000,0.00000000,0.00000000,0.00000000,0.00000000,0.00000000,0.00000000,0.00000000,0.00000000,0.00000000,0.00000000,0.00000000,0.00000000,0.00000000,0.00000000,NONE
cpTransport_C00449[K],0.00000000,0.00000000,0.00000000,0.00000000,0.00000000,0.00000000,0.00000000,0.00000000,0.00000000,0.00000000,0.00000000,0.00000000,0.00000000,0.00000000,0.00000000,0.00000000,0.00000000,0.00000000,0.00000000,0.00000000,0.00000000,0.00000000,0.00000000,0.00000000,0.00000000,0.00000000,NONE
cpTransport_C00482[K],0.00000000,0.00000000,0.00000000,0.00000000,0.00000000,0.00000000,0.00000000,0.00000000,0.00000000,0.00000000,0.00000000,0.00000000,0.00000000,0.00000000,0.00000000,0.00000000,0.00000000,0.00000000,0.00000000,0.00000000,0.00000000,0.00000000,0.00000000,0.00000000,0.00000000,0.00000000,NONE
cpTransport_C00633[K],0.00000000,0.00000000,0.00000000,0.00000000,0.00000000,0.00000000,0.00000000,0.00000000,0.00000000,0.00000000,0.00000000,0.00000000,0.00000000,0.00000000,0.00000000,0.00000000,0.00000000,0.00000000,0.00000000,0.00000000,0.00000000,0.00000000,0.00000000,0.00000000,0.00000000,0.00000000,NONE
cpTransport_C00671[K],0.00000000,0.00000000,0.00000000,0.00000000,0.00000000,0.00000000,0.00000000,0.00000000,0.00000000,0.00000000,0.00000000,0.00000000,0.00000000,0.00000000,0.00000000,0.00000000,0.00000000,0.00000000,0.00000000,0.00000000,0.00000000,0.00000000,0.00000000,0.00000000,0.00000000,0.00000000,NONE
cpTransport_C00794[K],0.00000000,0.00000000,0.00000000,0.00000000,0.00000000,0.00000000,0.00000000,0.00000000,0.00000000,0.00000000,0.00000000,0.00000000,0.00000000,0.00000000,0.00000000,0.00000000,0.00000000,0.00000000,0.00000000,0.00000000,0.00000000,0.00000000,0.00000000,0.00000000,0.00000000,0.00000000,NONE
cpTransport_C00954[K],0.00000000,0.00000000,0.00000000,0.00000000,0.00000000,0.00000000,0.00000000,0.00000000,0.00000000,0.00000000,0.00000000,0.00000000,0.00000000,0.00000000,0.00000000,0.00000000,0.00000000,0.00000000,0.00000000,0.00000000,0.00000000,0.00000000,0.00000000,0.00000000,0.00000000,0.00000000,NONE
cpTransport_C01061[K],0.00000000,0.00000000,0.00000000,0.00000000,0.00000000,0.00000000,0.00000000,0.00000000,0.00000000,0.00000000,0.00000000,0.00000000,0.00000000,0.00000000,0.00000000,0.00000000,0.00000000,0.00000000,0.00000000,0.00000000,0.00000000,0.00000000,0.00000000,0.00000000,0.00000000,0.00000000,NONE
cpTransport_C01083[K],0.00000000,0.00000000,0.00000000,0.00000000,0.00000000,0.00000000,0.00000000,0.00000000,0.00000000,0.00000000,0.00000000,0.00000000,0.00000000,0.00000000,0.00000000,0.00000000,0.00000000,0.00000000,0.00000000,0.00000000,0.00000000,0.00000000,0.00000000,0.00000000,0.00000000,0.00000000,NONE
cpTransport_C01102[K],0.00000000,0.00000000,0.00000000,0.00000000,0.00000000,0.00000000,0.00000000,0.00000000,0.00000000,0.00000000,0.00000000,0.00000000,0.00000000,0.00000000,0.00000000,0.00000000,0.00000000,0.00000000,0.00000000,0.00000000,0.00000000,0.00000000,0.00000000,0.00000000,0.00000000,0.00000000,NONE
cpTransport_C01175[K],0.00000000,0.00000000,0.00000000,0.00000000,0.00000000,0.00000000,0.00000000,0.00000000,0.00000000,0.00000000,0.00000000,0.00000000,0.00000000,0.00000000,0.00000000,0.00000000,0.00000000,0.00000000,0.00000000,0.00000000,0.00000000,0.00000000,0.00000000,0.00000000,0.00000000,0.00000000,NONE
cpTransport_C01182[K],0.00000000,0.00000000,0.00000000,0.00000000,0.00000000,0.00000000,0.00000000,0.00000000,0.00000000,0.00000000,0.00000000,0.00000000,0.00000000,0.00000000,0.00000000,0.00000000,0.00000000,0.00000000,0.00000000,0.00000000,0.00000000,0.00000000,0.00000000,0.00000000,0.00000000,0.00000000,NONE
cpTransport_C01185[K],0.00000000,0.00000000,0.00000000,0.00000000,0.00000000,0.00000000,0.00000000,0.00000000,0.00000000,0.00000000,0.00000000,0.00000000,0.00000000,0.00000000,0.00000000,0.00000000,0.00000000,0.00000000,0.00000000,0.00000000,0.00000000,0.00000000,0.00000000,0.00000000,0.00000000,0.00000000,NONE
cpTransport_C01835[K],0.00000000,0.00000000,0.00000000,0.00000000,0.00000000,0.00000000,0.00000000,0.00000000,0.00000000,0.00000000,0.00000000,0.00000000,0.00000000,0.00000000,0.00000000,0.00000000,0.00000000,0.00000000,0.00000000,0.00000000,0.00000000,0.00000000,0.00000000,0.00000000,0.00000000,0.00000000,NONE
cpTransport_C02052[K],0.00000000,0.00000000,0.00000000,0.00000000,0.00000000,0.00000000,0.00000000,0.00000000,0.00000000,0.00000000,0.00000000,0.00000000,0.00000000,0.00000000,0.00000000,0.00000000,0.00000000,0.00000000,0.00000000,0.00000000,0.00000000,0.00000000,0.00000000,0.00000000,0.00000000,0.00000000,NONE
cpTransport_C03406[K],0.00000000,0.00000000,0.00000000,0.00000000,0.00000000,0.00000000,0.00000000,0.00000000,0.00000000,0.00000000,0.00000000,0.00000000,0.00000000,0.00000000,0.00000000,0.00000000,0.00000000,0.00000000,0.00000000,0.00000000,0.00000000,0.00000000,0.00000000,0.00000000,0.00000000,0.00000000,NONE
cpTransport_C04677[K],0.00000000,0.00000000,0.00000000,0.00000000,0.00000000,0.00000000,0.00000000,0.00000000,0.00000000,0.00000000,0.00000000,0.00000000,0.00000000,0.00000000,0.00000000,0.00000000,0.00000000,0.00000000,0.00000000,0.00000000,0.00000000,0.00000000,0.00000000,0.00000000,0.00000000,0.00000000,NONE
cpTransport_C04823[K],0.00000000,0.00000000,0.00000000,0.00000000,0.00000000,0.00000000,0.00000000,0.00000000,0.00000000,0.00000000,0.00000000,0.00000000,0.00000000,0.00000000,0.00000000,0.00000000,0.00000000,0.00000000,0.00000000,0.00000000,0.00000000,0.00000000,0.00000000,0.00000000,0.00000000,0.00000000,NONE
cpTransport_C07086[K],0.00000000,0.00000000,0.00000000,0.00000000,0.00000000,0.00000000,0.00000000,0.00000000,0.00000000,0.00000000,0.00000000,0.00000000,0.00000000,0.00000000,0.00000000,0.00000000,0.00000000,0.00000000,0.00000000,0.00000000,0.00000000,0.00000000,0.00000000,0.00000000,0.00000000,0.00000000,NONE
cpTransport_MC00923[K],0.00000000,0.00000000,0.00000000,0.00000000,0.00000000,0.00000000,0.00000000,0.00000000,0.00000000,0.00000000,0.00000000,0.00000000,0.00000000,0.00000000,0.00000000,0.00000000,0.00000000,0.00000000,0.00000000,0.00000000,0.00000000,0.00000000,0.00000000,0.00000000,0.00000000,0.00000000,NONE
cpTransport_MC00924[K],0.00000000,0.00000000,0.00000000,0.00000000,0.00000000,0.00000000,0.00000000,0.00000000,0.00000000,0.00000000,0.00000000,0.00000000,0.00000000,0.00000000,0.00000000,0.00000000,0.00000000,0.00000000,0.00000000,0.00000000,0.00000000,0.00000000,0.00000000,0.00000000,0.00000000,0.00000000,NONE
cpTransport_MC00927[K],0.00000000,0.00000000,0.00000000,0.00000000,0.00000000,0.00000000,0.00000000,0.00000000,0.00000000,0.00000000,0.00000000,0.00000000,0.00000000,0.00000000,0.00000000,0.00000000,0.00000000,0.00000000,0.00000000,0.00000000,0.00000000,0.00000000,0.00000000,0.00000000,0.00000000,0.00000000,NONE
cpTransport_MC00934[K],0.00000000,0.00000000,0.00000000,0.00000000,0.00000000,0.00000000,0.00000000,0.00000000,0.00000000,0.00000000,0.00000000,0.00000000,0.00000000,0.00000000,0.00000000,0.00000000,0.00000000,0.00000000,0.00000000,0.00000000,0.00000000,0.00000000,0.00000000,0.00000000,0.00000000,0.00000000,NONE
cpTransport_MC00941[K],0.00000000,0.00000000,0.00000000,0.00000000,0.00000000,0.00000000,0.00000000,0.00000000,0.00000000,0.00000000,0.00000000,0.00000000,0.00000000,0.00000000,0.00000000,0.00000000,0.00000000,0.00000000,0.00000000,0.00000000,0.00000000,0.00000000,0.00000000,0.00000000,0.00000000,0.00000000,NONE
cpTransport_MC00949[K],0.00000000,0.00000000,0.00000000,0.00000000,0.00000000,0.00000000,0.00000000,0.00000000,0.00000000,0.00000000,0.00000000,0.00000000,0.00000000,0.00000000,0.00000000,0.00000000,0.00000000,0.00000000,0.00000000,0.00000000,0.00000000,0.00000000,0.00000000,0.00000000,0.00000000,0.00000000,NONE
cpTransport_MC00951[K],0.00000000,0.00000000,0.00000000,0.00000000,0.00000000,0.00000000,0.00000000,0.00000000,0.00000000,0.00000000,0.00000000,0.00000000,0.00000000,0.00000000,0.00000000,0.00000000,0.00000000,0.00000000,0.00000000,0.00000000,0.00000000,0.00000000,0.00000000,0.00000000,0.00000000,0.00000000,NONE
cpTransport_MC00996[K],0.00000000,0.00000000,0.00000000,0.00000000,0.00000000,0.00000000,0.00000000,0.00000000,0.00000000,0.00000000,0.00000000,0.00000000,0.00000000,0.00000000,0.00000000,0.00000000,0.00000000,0.00000000,0.00000000,0.00000000,0.00000000,0.00000000,0.00000000,0.00000000,0.00000000,0.00000000,NONE
cpTransport_MC01032[K],0.00000000,0.00000000,0.00000000,0.00000000,0.00000000,0.00000000,0.00000000,0.00000000,0.00000000,0.00000000,0.00000000,0.00000000,0.00000000,0.00000000,0.00000000,0.00000000,0.00000000,0.00000000,0.00000000,0.00000000,0.00000000,0.00000000,0.00000000,0.00000000,0.00000000,0.00000000,NONE
cpTransport_MC01033[K],0.00000000,0.00000000,0.00000000,0.00000000,0.00000000,0.00000000,0.00000000,0.00000000,0.00000000,0.00000000,0.00000000,0.00000000,0.00000000,0.00000000,0.00000000,0.00000000,0.00000000,0.00000000,0.00000000,0.00000000,0.00000000,0.00000000,0.00000000,0.00000000,0.00000000,0.00000000,NONE
cpTransport_MC01038[K],0.00000000,0.00000000,0.00000000,0.00000000,0.00000000,0.00000000,0.00000000,0.00000000,0.00000000,0.00000000,0.00000000,0.00000000,0.00000000,0.00000000,0.00000000,0.00000000,0.00000000,0.00000000,0.00000000,0.00000000,0.00000000,0.00000000,0.00000000,0.00000000,0.00000000,0.00000000,NONE
cpTransport_MC01039[K],0.00000000,0.00000000,0.00000000,0.00000000,0.00000000,0.00000000,0.00000000,0.00000000,0.00000000,0.00000000,0.00000000,0.00000000,0.00000000,0.00000000,0.00000000,0.00000000,0.00000000,0.00000000,0.00000000,0.00000000,0.00000000,0.00000000,0.00000000,0.00000000,0.00000000,0.00000000,NONE
cpTransport_MC01040[K],0.00000000,0.00000000,0.00000000,0.00000000,0.00000000,0.00000000,0.00000000,0.00000000,0.00000000,0.00000000,0.00000000,0.00000000,0.00000001,0.00000001,0.00000000,0.00000001,0.00000001,0.00000000,0.00000000,0.00000000,0.00000000,0.00000000,0.00000000,0.00000000,0.00000000,0.00000000,NONE
cvTransport_C00001[K],0.00000000,0.00000000,0.00000000,0.00000000,0.00000000,0.00000000,0.00000000,0.00000000,0.00000000,0.00000000,0.00000000,0.00000000,0.00000000,0.00000000,0.00000000,0.00000000,0.00000000,0.00000000,0.00000000,0.00000000,0.00000000,0.00000000,0.00000000,0.00000000,0.00000000,0.00000000,NONE
cvTransport_C00025[K],0.00000000,0.00000000,0.00000000,0.00000000,0.00000000,0.00000000,0.00000000,0.00000000,0.00000000,0.00000000,0.00000000,0.00000000,0.00000000,0.00000000,0.00000000,0.00000000,0.00000000,0.00000000,0.00000000,0.00000000,0.00000000,0.00000000,0.00000000,0.00000000,0.00000000,0.00000000,NONE
cvTransport_C00101[K],0.00000000,0.00000000,0.00000000,0.00000000,0.00000000,0.00000000,0.00000000,0.00000000,0.00000000,0.00000000,0.00000000,0.00000000,0.00000000,0.00000000,0.00000000,0.00000000,0.00000000,0.00000000,0.00000000,0.00000000,0.00000000,0.00000000,0.00000000,0.00000000,0.00000000,0.00000000,NONE
cvTransport_C03541[K],0.00000000,0.00000000,0.00000000,0.00000000,0.00000000,0.00000000,0.00000000,0.00000000,0.00000000,0.00000000,0.00000000,0.00000000,0.00000000,0.00000000,0.00000000,0.00000000,0.00000000,0.00000000,0.00000000,0.00000000,0.00000000,0.00000000,0.00000000,0.00000000,0.00000000,0.00000000,NONE
cxTransport_C00002[K],0.00000000,0.00000000,0.00000000,0.00000000,0.00000000,0.00000000,0.00000000,0.00000000,0.00000000,0.00000000,0.00000000,0.00000000,0.00000000,0.00000000,0.00000000,0.00000000,0.00000000,0.00000000,0.00000000,0.00000000,0.00000000,0.00000000,0.00000000,0.00000000,0.00000000,0.00000000,NONE
cxTransport_C00013[K],0.00000000,0.00000000,0.00000000,0.00000000,0.00000000,0.00000000,0.00000000,0.00000000,0.00000000,0.00000000,0.00000000,0.00000000,0.00000000,0.00000000,0.00000000,0.00000000,0.00000000,0.00000000,0.00000000,0.00000000,0.00000000,0.00000000,0.00000000,0.00000000,0.00000000,0.00000000,NONE
cxTransport_C00016[K],0.00000000,0.00000000,0.00000000,0.00000000,0.00000000,0.00000000,0.00000000,0.00000000,0.00000000,0.00000000,0.00000000,0.00000000,0.00000000,0.00000000,0.00000000,0.00000000,0.00000000,0.00000000,0.00000000,0.00000000,0.00000000,0.00000000,0.00000000,0.00000000,0.00000000,0.00000000,NONE
cxTransport_C00020[K],0.00000000,0.00000000,0.00000000,0.00000000,0.00000000,0.00000000,0.00000000,0.00000000,0.00000000,0.00000000,0.00000000,0.00000000,0.00000000,0.00000000,0.00000000,0.00000000,0.00000000,0.00000000,0.00000000,0.00000000,0.00000000,0.00000000,0.00000000,0.00000000,0.00000000,0.00000000,NONE
cxTransport_C00024[K],0.00000000,0.00000000,0.00000000,0.00000000,0.00000000,0.00000000,0.00000000,0.00000000,0.00000000,0.00000000,0.00000000,0.00000000,0.00000000,0.00000000,0.00000000,0.00000000,0.00000000,0.00000000,0.00000000,0.00000000,0.00000000,0.00000000,0.00000000,0.00000000,0.00000000,0.00000000,NONE
cxTransport_C00042[K],0.00000000,0.00000000,0.00000000,0.00000000,0.00000000,0.00000000,0.00000000,0.00000000,0.00000000,0.00000000,0.00000000,0.00000000,0.00000000,0.00000000,0.00000000,0.00000000,0.00000000,0.00000000,0.00000000,0.00000000,0.00000000,0.00000000,0.00000000,0.00000000,0.00000000,0.00000000,NONE
cxTransport_C00080[K],0.00000000,0.00000000,0.00000000,0.00000000,0.00000000,0.00000000,0.00000000,0.00000000,0.00000000,0.00000000,0.00000000,0.00000000,0.00000000,0.00000000,0.00000000,0.00000000,0.00000000,0.00000000,0.00000000,0.00000000,0.00000000,0.00000000,0.00000000,0.00000000,0.00000000,0.00000000,NONE
cxTransport_C00099[K],0.00000000,0.00000000,0.00000000,0.00000000,0.00000000,0.00000000,0.00000000,0.00000000,0.00000000,0.00000000,0.00000000,0.00000000,0.00000000,0.00000000,0.00000000,0.00000000,0.00000000,0.00000000,0.00000000,0.00000000,0.00000000,0.00000000,0.00000000,0.00000000,0.00000000,0.00000000,NONE
cxTransport_C00114[K],0.00000000,0.00000000,0.00000000,0.00000000,0.00000000,0.00000000,0.00000000,0.00000000,0.00000000,0.00000000,0.00000000,0.00000000,0.00000000,0.00000000,0.00000000,0.00000000,0.00000000,0.00000000,0.00000000,0.00000000,0.00000000,0.00000000,0.00000000,0.00000000,0.00000000,0.00000000,NONE
cxTransport_C00158[K],0.00000000,0.00000000,0.00000000,0.00000000,0.00000000,0.00000000,0.00000000,0.00000000,0.00000000,0.00000000,0.00000000,0.00000000,0.00000000,0.00000000,0.00000000,0.00000000,0.00000000,0.00000000,0.00000000,0.00000000,0.00000000,0.00000000,0.00000000,0.00000000,0.00000000,0.00000000,NONE
cxTransport_C00160[K],0.00000000,0.00000000,0.00000000,0.00000000,0.00000000,0.00000000,0.00000000,0.00000000,0.00000000,0.00000000,0.00000000,0.00000000,0.00000000,0.00000000,0.00000000,0.00000000,0.00000000,0.00000000,0.00000000,0.00000000,0.00000000,0.00000000,0.00000000,0.00000000,0.00000000,0.00000000,NONE
cxTransport_C00199[K],0.00000000,0.00000000,0.00000000,0.00000000,0.00000000,0.00000000,0.00000000,0.00000000,0.00000000,0.00000000,0.00000000,0.00000000,0.00000000,0.00000000,0.00000000,0.00000000,0.00000000,0.00000000,0.00000000,0.00000000,0.00000000,0.00000000,0.00000000,0.00000000,0.00000000,0.00000000,NONE
cxTransport_C00222[K],0.00000000,0.00000000,0.00000000,0.00000000,0.00000000,0.00000000,0.00000000,0.00000000,0.00000000,0.00000000,0.00000000,0.00000000,0.00000000,0.00000000,0.00000000,0.00000000,0.00000000,0.00000000,0.00000000,0.00000000,0.00000000,0.00000000,0.00000000,0.00000000,0.00000000,0.00000000,NONE
cxTransport_C00294[K],0.00000000,0.00000000,0.00000000,0.00000000,0.00000000,0.00000000,0.00000000,0.00000000,0.00000000,0.00000000,0.00000000,0.00000000,0.00000000,0.00000000,0.00000000,0.00000000,0.00000000,0.00000000,0.00000000,0.00000000,0.00000000,0.00000000,0.00000000,0.00000000,0.00000000,0.00000000,NONE
cxTransport_C00482[K],0.00000000,0.00000000,0.00000000,0.00000000,0.00000000,0.00000000,0.00000000,0.00000000,0.00000000,0.00000000,0.00000000,0.00000000,0.00000000,0.00000000,0.00000000,0.00000000,0.00000000,0.00000000,0.00000000,0.00000000,0.00000000,0.00000000,0.00000000,0.00000000,0.00000000,0.00000000,NONE
cxTransport_C00933[K],0.00000000,0.00000000,0.00000000,0.00000000,0.00000000,0.00000000,0.00000000,0.00000000,0.00000000,0.00000000,0.00000000,0.00000000,0.00000000,0.00000000,0.00000000,0.00000000,0.00000000,0.00000000,0.00000000,0.00000000,0.00000000,0.00000000,0.00000000,0.00000000,0.00000000,0.00000000,NONE
cxTransport_C01197[K],0.00000000,0.00000000,0.00000000,0.00000000,0.00000000,0.00000000,0.00000000,0.00000000,0.00000000,0.00000000,0.00000000,0.00000000,0.00000000,0.00000000,0.00000000,0.00000000,0.00000000,0.00000000,0.00000000,0.00000000,0.00000000,0.00000000,0.00000000,0.00000000,0.00000000,0.00000000,NONE
cxTransport_C01352[K],0.00000000,0.00000000,0.00000000,0.00000000,0.00000000,0.00000000,0.00000000,0.00000000,0.00000000,0.00000000,0.00000000,0.00000000,0.00000000,0.00000000,0.00000000,0.00000000,0.00000000,0.00000000,0.00000000,0.00000000,0.00000000,0.00000000,0.00000000,0.00000000,0.00000000,0.00000000,NONE
cxTransport_C03460[K],0.00000000,0.00000000,0.00000000,0.00000000,0.00000000,0.00000000,0.00000000,0.00000000,0.00000000,0.00000000,0.00000000,0.00000000,0.00000000,0.00000000,0.00000000,0.00000000,0.00000000,0.00000000,0.00000000,0.00000000,0.00000000,0.00000000,0.00000000,0.00000000,0.00000000,0.00000000,NONE
cxTransport_C06000[K],0.00000000,0.00000000,0.00000000,0.00000000,0.00000000,0.00000000,0.00000000,0.00000000,0.00000000,0.00000000,0.00000000,0.00000000,0.00000000,0.00000000,0.00000000,0.00000000,0.00000000,0.00000000,0.00000000,0.00000000,0.00000000,0.00000000,0.00000000,0.00000000,0.00000000,0.00000000,NONE
cxTransport_C06001[K],0.00000000,0.00000000,0.00000000,0.00000000,0.00000000,0.00000000,0.00000000,0.00000000,0.00000000,0.00000000,0.00000000,0.00000000,0.00000000,0.00000000,0.00000000,0.00000000,0.00000000,0.00000000,0.00000000,0.00000000,0.00000000,0.00000000,0.00000000,0.00000000,0.00000000,0.00000000,NONE
cxTransport_C06002[K],0.00000000,0.00000000,0.00000000,0.00000000,0.00000000,0.00000000,0.00000000,0.00000000,0.00000000,0.00000000,0.00000000,0.00000000,0.00000000,0.00000000,0.00000000,0.00000000,0.00000000,0.00000000,0.00000000,0.00000000,0.00000000,0.00000000,0.00000000,0.00000000,0.00000000,0.00000000,NONE
plTransport_C00001[K],0.00000000,0.00000000,0.00000000,0.00000000,0.00000000,0.00000000,0.00000000,0.00000000,0.00000000,0.00000000,0.00000000,0.00000000,0.00000000,0.00000000,0.00000000,0.00000000,0.00000000,0.00000000,0.00000000,0.00000000,0.00000000,0.00000000,0.00000000,0.00000000,0.00000000,0.00000000,NONE
plTransport_C00007[K],0.00000000,0.00000000,0.00000000,0.00000000,0.00000000,0.00000000,0.00000000,0.00000000,0.00000000,0.00000000,0.00000000,0.00000000,0.00000000,0.00000000,0.00000000,0.00000000,0.00000000,0.00000000,0.00000000,0.00000000,0.00000000,0.00000000,0.00000000,0.00000000,0.00000000,0.00000000,NONE
