Rank,Metabolite_ID,Metabolite_Name,Base_KEGG_ID,Compartment,Direction_in_O2,Consistency,DAPs_with_change,Mean_Abs_Diff,Max_Abs_Diff,Relevance_Weight,Composite_Score,Suggested_Strategy,Pathways,Diff_DAP6,Diff_DAP8,Diff_DAP10,Diff_DAP12,Diff_DAP15,Diff_DAP18,Diff_DAP22,Diff_DAP30
1,"C00031[K,c]",D-Glucose [cyt],C00031,c,INCREASED,0.62500000,8,7.30050406,24.68002419,2.00000000,9.12563007,Enhance turnover (increase supply/demand),Glycolysis,12.57732450,-2.27375302,1.96407390,0.02020203,-7.08885665,-24.68002419,5.27817900,4.52161915
2,"C00031[K,B]",D-Glucose [B],C00031,B,DECREASED,0.50000000,8,6.92246827,25.44117930,2.00000000,6.92246827,Reduce turnover (limit competing usage),Glycolysis,11.20648667,-1.81750958,0.00000086,-0.00000452,-8.02208377,-25.44117930,4.38196417,4.51051729
3,C00095[P],D-Fructose [],C00095,,DECREASED,0.66666667,6,7.09499468,23.94940077,1.00000000,4.72999645,Reduce turnover (limit competing usage),Other,10.57622908,-1.92807243,0.00000000,0.00000000,-7.66970258,-23.94940077,-7.71710777,4.91944477
4,"C00095[K,c]",D-Fructose [cyt],C00095,c,DECREASED,0.62500000,8,6.11936730,21.40463600,1.00000000,3.82460456,Reduce turnover (limit competing usage),Other,10.34448709,-1.86212136,2.13025051,-0.04797056,-7.87575287,-21.40463600,-0.63073972,4.65898028
5,"C00002[K,c]",ATP [cyt],C00002,c,DECREASED,0.62500000,8,2.30867582,3.90335682,2.00000000,2.88584478,Reduce turnover (limit competing usage),Energy_Cofactors,3.30668937,-1.85295169,3.90335682,-0.08885127,-3.44558079,-0.12854230,3.74028359,-2.00315076
6,"C00008[K,c]",ADP [cyt],C00008,c,DECREASED,0.62500000,8,2.30867150,3.90335701,2.00000000,2.88583938,Reduce turnover (limit competing usage),Energy_Cofactors,3.30668918,-1.85295023,3.90335701,-0.08885214,-3.44555994,-0.12853600,3.74028343,-2.00314411
7,"C00354[K,c]","D-Fructose-1,6-bisP [cyt]",C00354,c,INCREASED,0.62500000,8,1.71325363,3.90501668,2.00000000,2.14156704,Enhance turnover (increase supply/demand),Glycolysis,3.22797171,-1.86756387,3.90501668,0.10254876,-1.33652666,0.01385620,1.22142716,-2.03111803
8,C00049[P],L-Aspartate [],C00049,,INCREASED,0.62500000,8,0.52349938,3.98705344,5.00000000,1.63593555,Enhance turnover (increase supply/demand),Lysine_Biosynthesis; Aspartate_Family,0.05725589,0.02577864,0.00854334,-0.00673573,-0.00198353,-0.08517512,3.98705344,0.01546931
9,"C00049[K,c]",L-Aspartate [cyt],C00049,c,INCREASED,0.62500000,8,0.52349839,3.98705344,5.00000000,1.63593247,Enhance turnover (increase supply/demand),Lysine_Biosynthesis; Aspartate_Family,0.05725589,0.02577864,0.00854334,-0.00673573,-0.00198354,-0.08517512,3.98705344,0.01546142
10,"C00118[K,c]",D-Glyceraldehyde-3P [cyt],C00118,c,INCREASED,0.62500000,8,1.21393100,3.04863595,2.00000000,1.51741376,Enhance turnover (increase supply/demand),Glycolysis,1.57156630,-0.90183715,1.95971108,0.04295119,-0.57708284,0.45182364,3.04863595,-1.15783989
11,"C00149[K,c]",Malate [cyt],C00149,c,INCREASED,0.62500000,8,0.80376926,5.59658680,3.00000000,1.50706736,Enhance turnover (increase supply/demand),TCA_Cycle,-0.00848741,0.05990668,0.00576258,-0.03592667,0.07234564,0.39402262,5.59658680,-0.25711566
12,"C00149[K,p]",Malate [pla],C00149,p,INCREASED,0.62500000,8,0.79485793,5.52661085,3.00000000,1.49035862,Enhance turnover (increase supply/demand),TCA_Cycle,-0.00848741,0.05990668,0.00576258,-0.03592667,0.07234564,0.39270794,5.52661085,-0.25711567
13,"C00036[K,c]",Oxaloacetate [cyt],C00036,c,INCREASED,0.75000000,8,0.55811097,4.01379968,3.00000000,1.25574969,Enhance turnover (increase supply/demand),TCA_Cycle,0.05481131,0.04189599,0.00952221,-0.01711314,0.12834308,0.17679729,4.01379968,-0.02260508
14,"C00026[K,p]",2-Oxoglutarate [pla],C00026,p,INCREASED,0.75000000,8,0.52156274,3.90151540,3.00000000,1.17351616,Enhance turnover (increase supply/demand),TCA_Cycle,0.00007383,0.01525548,0.00395468,-0.00554753,0.01906888,0.05542246,3.90151540,-0.17166365
15,"C00668[K,c]",alpha-D-Glucose-6P [cyt],C00668,c,DECREASED,0.62500000,8,0.90018860,1.95005659,2.00000000,1.12523574,Reduce turnover (limit competing usage),Glycolysis,1.62818727,-0.94485572,1.95005659,-0.06930383,-0.63734228,-0.06719754,1.00875647,-0.89580907
16,"C00022[K,p]",Pyruvate [pla],C00022,p,DECREASED,0.50000000,8,0.73979017,5.23662586,3.00000000,1.10968526,Reduce turnover (limit competing usage),TCA_Cycle; Glycolysis,-0.00200536,0.06281423,0.01371706,-0.02655732,-0.10608151,0.25139474,5.23662586,-0.21912529
17,"C00085[K,c]",D-Fructose-6P [cyt],C00085,c,INCREASED,0.62500000,8,0.83236302,1.95482611,2.00000000,1.04045378,Enhance turnover (increase supply/demand),Glycolysis,1.59995143,-0.92384618,1.95482611,0.16016793,-0.69659818,0.07701894,0.21886710,-1.02762833
18,"C00026[K,c]",2-Oxoglutarate [cyt],C00026,c,INCREASED,0.62500000,8,0.53509023,3.98681818,3.00000000,1.00329418,Enhance turnover (increase supply/demand),TCA_Cycle,0.05370888,0.02365494,0.00449280,-0.01103047,0.01125609,-0.08453701,3.98681818,-0.10522347
19,"C00089[K,B]",Sucrose [B],C00089,B,DECREASED,0.50000000,8,0.98342798,7.08636805,2.00000000,0.98342798,Reduce turnover (limit competing usage),Other,0.00240697,-0.06595107,-0.01405547,0.02837690,0.20605029,-0.20375060,-7.08636805,0.26046449
20,"C00025[K,p]",L-Glutamate [pla],C00025,p,INCREASED,0.75000000,8,0.52169845,3.90148945,2.50000000,0.97818460,Enhance turnover (increase supply/demand),Amino_Acids,0.00007229,0.01526085,0.00356281,-0.00600570,0.01999453,0.05553831,3.90148945,-0.17166368
21,"C00003[K,c]",NAD+ [cyt],C00003,c,INCREASED,0.75000000,8,0.59399145,4.25196182,2.00000000,0.89098718,Enhance turnover (increase supply/demand),Energy_Cofactors,0.05480772,0.04192330,0.00941780,-0.01712898,0.12488980,0.21917998,4.25196182,-0.03262225
22,"C00004[K,c]",NADH [cyt],C00004,c,INCREASED,0.75000000,8,0.59399145,4.25196182,2.00000000,0.89098718,Enhance turnover (increase supply/demand),Energy_Cofactors,0.05480772,0.04192330,0.00941780,-0.01712898,0.12488980,0.21917998,4.25196182,-0.03262225
23,"C00022[K,c]",Pyruvate [cyt],C00022,c,DECREASED,0.50000000,8,0.57045347,1.83673240,3.00000000,0.85568021,Reduce turnover (limit competing usage),TCA_Cycle; Glycolysis,-0.06014025,0.02014085,0.00029071,-0.01451943,-1.69595795,0.71440964,1.83673240,-0.22143652
24,"C00025[K,c]",L-Glutamate [cyt],C00025,c,INCREASED,0.62500000,8,0.54465731,3.98695365,2.50000000,0.85102705,Enhance turnover (increase supply/demand),Amino_Acids,0.10771583,0.03218832,0.00504454,-0.01659321,0.01898532,-0.08453700,3.98695365,-0.10524062
25,"C00074[K,c]",Phosphoenolpyruvate [cyt],C00074,c,DECREASED,0.50000000,8,0.73244931,2.94440301,2.00000000,0.73244931,Reduce turnover (limit competing usage),Glycolysis,-0.05609676,0.03914733,0.00922165,-0.01551502,-1.73863678,0.83516251,2.94440301,-0.22141141
26,"C00047[K,p]",L-Lysine [pla],C00047,p,INCREASED,0.85714286,7,0.15707267,1.25078026,5.00000000,0.67316860,Enhance turnover (increase supply/demand),Lysine_Biosynthesis; Lysine_Degradation; Aspartate_Family,0.00000122,0.00000168,0.00000005,-0.00000024,0.00579634,0.00000159,1.25078026,0.00000000
27,"C00680[K,p]",meso-Diaminopimelate [pla],C00680,p,INCREASED,0.85714286,7,0.15707267,1.25078026,5.00000000,0.67316860,Enhance turnover (increase supply/demand),Lysine_Biosynthesis,0.00000122,0.00000168,0.00000005,-0.00000024,0.00579634,0.00000159,1.25078026,0.00000000
28,"C00049[K,p]",L-Aspartate [pla],C00049,p,INCREASED,0.85714286,7,0.15707267,1.25078026,5.00000000,0.67316860,Enhance turnover (increase supply/demand),Lysine_Biosynthesis; Aspartate_Family,0.00000122,0.00000168,0.00000005,-0.00000024,0.00579634,0.00000159,1.25078026,0.00000000
29,"C00441[K,p]",L-Aspartate-4-semialdehyde [pla],C00441,p,INCREASED,0.85714286,7,0.15707267,1.25078026,5.00000000,0.67316860,Enhance turnover (increase supply/demand),Lysine_Biosynthesis,0.00000122,0.00000168,0.00000005,-0.00000024,0.00579634,0.00000159,1.25078026,0.00000000
30,"C03340[K,p]",Dihydrodipicolinate [pla],C03340,p,INCREASED,0.85714286,7,0.15707267,1.25078026,5.00000000,0.67316860,Enhance turnover (increase supply/demand),Lysine_Biosynthesis,0.00000122,0.00000168,0.00000005,-0.00000024,0.00579634,0.00000159,1.25078026,0.00000000
31,"C00047[K,c]",L-Lysine [cyt],C00047,c,INCREASED,0.85714286,7,0.15707267,1.25078026,5.00000000,0.67316860,Enhance turnover (increase supply/demand),Lysine_Biosynthesis; Lysine_Degradation; Aspartate_Family,0.00000122,0.00000168,0.00000005,-0.00000024,0.00579634,0.00000159,1.25078026,0.00000000
32,"C05378[K,c]",C05378 [cyt],C05378,c,DECREASED,0.75000000,8,0.84861750,1.95019398,1.00000000,0.63646313,Reduce turnover (limit competing usage),Other,1.62801619,-0.94368661,1.95019398,-0.04793582,-0.64007515,-0.06244473,-0.51225319,-1.00433434
33,"C00005[K,p]",NADPH [pla],C00005,p,DECREASED,0.50000000,8,0.60901542,4.09249423,2.00000000,0.60901542,Reduce turnover (limit competing usage),Energy_Cofactors,-0.00543563,0.05753943,0.00895132,-0.02967278,-0.17377346,0.22941953,4.09249423,-0.27483701
34,"C00006[K,p]",NADP+ [pla],C00006,p,DECREASED,0.50000000,8,0.60901542,4.09249423,2.00000000,0.60901542,Reduce turnover (limit competing usage),Energy_Cofactors,-0.00543563,0.05753943,0.00895132,-0.02967278,-0.17377346,0.22941953,4.09249423,-0.27483701
35,"C00024[K,p]",Acetyl-CoA [pla],C00024,p,DECREASED,0.50000000,8,0.40136539,2.83311700,3.00000000,0.60204808,Reduce turnover (limit competing usage),TCA_Cycle,-0.00250854,0.03504914,0.00610860,-0.01705635,-0.09281147,0.10714283,2.83311700,-0.11712916
36,"C00111[K,c]",Glycerone-phosphate [cyt],C00111,c,INCREASED,0.62500000,8,0.91211490,1.95495431,1.00000000,0.57007181,Enhance turnover (increase supply/demand),Glycolysis,1.59978910,-0.92274562,1.95495431,0.05148486,-0.69908625,0.08091213,0.86754243,-1.12040445
37,"C00020[K,c]",AMP [cyt],C00020,c,DECREASED,0.62500000,8,0.41889756,1.62713278,2.00000000,0.52362195,Reduce turnover (limit competing usage),Energy_Cofactors,-0.00000513,0.00005348,0.00000436,-0.00003234,-1.62713278,0.53048986,-1.19340919,-0.00005332
38,"C00024[K,c]",Acetyl-CoA [cyt],C00024,c,INCREASED,0.83333333,6,0.20862001,1.64718161,3.00000000,0.52155003,Enhance turnover (increase supply/demand),TCA_Cycle,0.00000253,0.00000254,0.00000000,0.00000000,-0.00360674,0.00821174,1.64718161,0.00995494
39,"C00047[K,B]",L-Lysine [B],C00047,B,INCREASED,0.62500000,8,0.15707243,1.25078026,5.00000000,0.49085134,Enhance turnover (increase supply/demand),Lysine_Biosynthesis; Lysine_Degradation; Aspartate_Family,-0.00000005,0.00000041,0.00000005,-0.00000024,0.00579634,0.00000159,1.25078026,-0.00000049
40,"C00036[K,p]",Oxaloacetate [pla],C00036,p,INCREASED,0.62500000,8,0.20907018,1.20755110,3.00000000,0.39200659,Enhance turnover (increase supply/demand),TCA_Cycle,-0.00244054,0.01610843,0.00097762,-0.01037077,0.13645206,0.26061288,1.20755110,-0.03804803
41,"C00092[K,c]",C00092 [cyt],C00092,c,DECREASED,0.50000000,8,0.77167202,1.60017285,1.00000000,0.38583601,Reduce turnover (limit competing usage),Other,1.60017285,-0.45624344,-0.15212199,0.16018705,0.93316930,-1.57926324,-1.29133568,0.00088260
42,"C00004[K,p]",NADH [pla],C00004,p,DECREASED,0.50000000,8,0.37584600,2.64732057,2.00000000,0.37584600,Reduce turnover (limit competing usage),Energy_Cofactors,-0.00536964,0.03857024,0.00342908,-0.02342892,-0.02155634,0.08503144,2.64732057,-0.18206174
43,"C00003[K,p]",NAD+ [pla],C00003,p,DECREASED,0.50000000,8,0.37584600,2.64732057,2.00000000,0.37584600,Reduce turnover (limit competing usage),Energy_Cofactors,-0.00536964,0.03857024,0.00342908,-0.02342892,-0.02155634,0.08503144,2.64732057,-0.18206174
44,"C00009[K,c]",Orthophosphate [cyt],C00009,c,DECREASED,0.50000000,8,0.71463056,3.21824938,1.00000000,0.35731528,Reduce turnover (limit competing usage),Other,0.03816702,0.04058736,-0.00933133,-0.04345071,-1.45656126,0.75972183,3.21824938,-0.15097564
45,"C00236[K,c]",3-Phospho-D-glyceroyl-phosphate [cyt],C00236,c,INCREASED,0.62500000,8,0.56626005,4.24216754,1.00000000,0.35391253,Enhance turnover (increase supply/demand),Glycolysis,0.05481761,0.04184796,0.00951694,-0.01708531,-0.03469600,0.02488826,4.24216754,-0.10506081
46,"C00631[K,c]",2-Phospho-D-glycerate [cyt],C00631,c,DECREASED,0.50000000,8,0.61496680,4.14743435,1.00000000,0.30748340,Reduce turnover (limit competing usage),Glycolysis,-0.05609675,0.03914733,0.00922166,-0.01551502,-0.13326003,0.29764781,4.14743435,-0.22141141
47,"C00197[K,c]",3-Phospho-D-glycerate [cyt],C00197,c,DECREASED,0.50000000,8,0.61496679,4.14743435,1.00000000,0.30748340,Reduce turnover (limit competing usage),Glycolysis,-0.05609675,0.03914733,0.00922166,-0.01551502,-0.13326003,0.29764781,4.14743435,-0.22141141
48,C00123[P],L-Leucine [],C00123,,DECREASED,0.62500000,8,0.19463084,1.39995514,2.50000000,0.30411069,Reduce turnover (limit competing usage),Amino_Acids,-0.00025044,-0.01388032,-0.00380412,0.00475025,0.01133441,-0.07212197,-1.39995514,0.05095006
49,"C00123[K,p]",L-Leucine [pla],C00123,p,INCREASED,0.62500000,8,0.19463084,1.39995514,2.50000000,0.30411069,Enhance turnover (increase supply/demand),Amino_Acids,0.00025044,0.01388032,0.00380412,-0.00475025,-0.01133441,0.07212197,1.39995514,-0.05095006
50,"C00013[K,c]",Diphosphate [cyt],C00013,c,DECREASED,0.62500000,8,0.41786433,1.60950229,1.00000000,0.26116521,Reduce turnover (limit competing usage),Other,-0.00018432,0.00153201,0.00015413,-0.00082726,-1.60950229,0.53069316,-1.19832510,-0.00169637
51,"C00006[K,c]",NADP+ [cyt],C00006,c,DECREASED,0.50000000,8,0.24535820,1.39261640,2.00000000,0.24535820,Reduce turnover (limit competing usage),Energy_Cofactors,-0.05764790,0.00850370,0.00054998,-0.00554394,-0.06920561,0.19565499,1.39261640,-0.23314310
52,"C00005[K,c]",NADPH [cyt],C00005,c,DECREASED,0.50000000,8,0.24535820,1.39261640,2.00000000,0.24535820,Reduce turnover (limit competing usage),Energy_Cofactors,-0.05764790,0.00850370,0.00054998,-0.00554394,-0.06920561,0.19565499,1.39261640,-0.23314310
53,"C00079[K,c]",L-Phenylalanine [cyt],C00079,c,DECREASED,0.50000000,8,0.18441961,1.42449871,2.50000000,0.23052451,Reduce turnover (limit competing usage),Amino_Acids,-0.00000003,0.00000019,0.00000002,-0.00000011,-0.00000054,0.00000075,1.42449871,-0.05085651
54,C00079[P],L-Phenylalanine [],C00079,,DECREASED,0.50000000,8,0.18441961,1.42449871,2.50000000,0.23052451,Reduce turnover (limit competing usage),Amino_Acids,-0.00000003,0.00000019,0.00000002,-0.00000011,-0.00000054,0.00000075,1.42449871,-0.05085651
55,"C00079[K,p]",L-Phenylalanine [pla],C00079,p,DECREASED,0.50000000,2,0.18441938,1.42449854,2.50000000,0.23052423,Reduce turnover (limit competing usage),Amino_Acids,0.00000000,0.00000000,0.00000000,0.00000000,0.00000000,0.00000000,1.42449854,-0.05085651
56,"C00027[K,p]",C00027 [pla],C00027,p,INCREASED,0.62500000,8,0.35334823,2.64689344,1.00000000,0.22084265,Enhance turnover (increase supply/demand),Other,-0.00312106,0.02130684,0.00194241,-0.01293963,0.01989707,0.00849856,2.64689344,-0.11218687
57,"C00074[K,p]",Phosphoenolpyruvate [pla],C00074,p,INCREASED,0.62500000,8,0.16296218,1.10769531,2.00000000,0.20370273,Enhance turnover (increase supply/demand),Glycolysis,0.00408459,0.01900648,0.00893094,-0.00094578,-0.04220500,0.12072691,1.10769531,-0.00010247
58,"C00010[K,p]",CoA [pla],C00010,p,DECREASED,0.50000000,8,0.40150641,2.82329075,1.00000000,0.20075320,Reduce turnover (limit competing usage),Other,-0.00285318,0.03768716,0.00639583,-0.01859043,-0.07847295,0.12446913,2.82329075,-0.12029181
59,"C00095[K,B]",D-Fructose [B],C00095,B,DECREASED,0.62500000,8,0.30404655,1.75404206,1.00000000,0.19002909,Reduce turnover (limit competing usage),Other,-0.60701015,0.00000811,0.02330817,-0.04797057,-0.00002320,1.75404206,-0.00000040,-0.00000974
60,C00015[P],C00015 [],C00015,,INCREASED,1.00000000,6,0.18875058,1.50999368,1.00000000,0.18875058,Enhance turnover (increase supply/demand),Other,0.00000000,0.00000192,0.00000185,0.00000180,0.00000356,0.00000180,1.50999368,0.00000000
61,"C00002[K,p]",ATP [pla],C00002,p,DECREASED,0.50000000,8,0.18245519,1.15687410,2.00000000,0.18245519,Reduce turnover (limit competing usage),Energy_Cofactors,-0.00314589,0.02414521,0.00223708,-0.01449215,-0.04005852,0.10186475,1.15687410,-0.11682383
62,"C00008[K,p]",ADP [pla],C00008,p,DECREASED,0.50000000,8,0.18245513,1.15687389,2.00000000,0.18245513,Reduce turnover (limit competing usage),Energy_Cofactors,-0.00314587,0.02414519,0.00223710,-0.01449213,-0.04005841,0.10186467,1.15687389,-0.11682382
63,"C00081[K,c]",C00081 [cyt],C00081,c,INCREASED,0.71428571,7,0.20634135,0.71429622,1.00000000,0.14738668,Enhance turnover (increase supply/demand),Other,-0.06013646,0.02011205,0.00028741,0.16101292,0.42341551,0.71429622,0.00000000,-0.27147026
64,"C00105[K,c]",C00105 [cyt],C00105,c,INCREASED,0.71428571,7,0.20634135,0.71429598,1.00000000,0.14738668,Enhance turnover (increase supply/demand),Other,-0.06013646,0.02011207,0.00028755,0.16101305,0.42341545,0.71429598,0.00000000,-0.27147026
65,"C00299[K,c]",C00299 [cyt],C00299,c,INCREASED,0.71428571,7,0.20634135,0.71429598,1.00000000,0.14738668,Enhance turnover (increase supply/demand),Other,-0.06013646,0.02011207,0.00028755,0.16101305,0.42341545,0.71429598,0.00000000,-0.27147026
66,"C00104[K,c]",C00104 [cyt],C00104,c,INCREASED,0.71428571,7,0.20634135,0.71429622,1.00000000,0.14738668,Enhance turnover (increase supply/demand),Other,-0.06013646,0.02011205,0.00028741,0.16101292,0.42341551,0.71429622,0.00000000,-0.27147026
67,"C04411[K,p]",C04411 [pla],C04411,p,INCREASED,0.62500000,8,0.21904173,1.40003643,1.00000000,0.13690108,Enhance turnover (increase supply/demand),Other,0.00025044,0.01388032,0.08097796,-0.00475025,0.16038189,-0.04587777,1.40003643,-0.04617879
68,"C03082[K,p]",C03082 [pla],C03082,p,INCREASED,0.85714286,7,0.15707267,1.25078026,1.00000000,0.13463372,Enhance turnover (increase supply/demand),Other,0.00000122,0.00000168,0.00000005,-0.00000024,0.00579634,0.00000159,1.25078026,0.00000000
69,"C03972[K,p]",C03972 [pla],C03972,p,INCREASED,0.83333333,6,0.15707267,1.25078026,1.00000000,0.13089389,Enhance turnover (increase supply/demand),Other,0.00000122,0.00000168,0.00000000,-0.00000024,0.00579634,0.00000159,1.25078026,0.00000000
70,"C00666[K,p]",C00666 [pla],C00666,p,INCREASED,0.83333333,6,0.15707267,1.25078026,1.00000000,0.13089389,Enhance turnover (increase supply/demand),Other,0.00000122,0.00000168,0.00000000,-0.00000024,0.00579634,0.00000159,1.25078026,0.00000000
71,"C00010[K,c]",CoA [cyt],C00010,c,INCREASED,0.62500000,8,0.20896726,1.65196178,1.00000000,0.13060454,Enhance turnover (increase supply/demand),Other,-0.00017349,0.00137303,0.00014870,-0.00079540,-0.00751154,0.00144244,1.65196178,0.00833169
72,"C00009[K,p]",Orthophosphate [pla],C00009,p,DECREASED,0.62500000,8,0.20545455,1.29406386,1.00000000,0.12840909,Reduce turnover (limit competing usage),Other,-0.01048657,0.03108726,-0.00426243,-0.02893191,-0.02115180,0.10703286,1.29406386,-0.14661971
73,"C00206[K,c]",C00206 [cyt],C00206,c,INCREASED,0.62500000,8,0.20269330,0.71430228,1.00000000,0.12668331,Enhance turnover (increase supply/demand),Other,-0.06013666,0.02011354,0.00028771,0.16101247,0.42343631,0.71430228,-0.00000015,-0.24225728
74,"C00131[K,c]",C00131 [cyt],C00131,c,INCREASED,0.62500000,8,0.20269330,0.71430228,1.00000000,0.12668331,Enhance turnover (increase supply/demand),Other,-0.06013666,0.02011354,0.00028771,0.16101247,0.42343631,0.71430228,-0.00000015,-0.24225728
75,"C00014[K,p]",C00014 [pla],C00014,p,INCREASED,0.62500000,8,0.19957562,1.42449776,1.00000000,0.12473476,Enhance turnover (increase supply/demand),Other,-0.00000846,0.00005962,0.00000666,-0.00003506,0.00026531,0.00006418,1.42449776,-0.17166792
76,"C04181[K,p]",C04181 [pla],C04181,p,INCREASED,0.62500000,8,0.19463205,1.39995511,1.00000000,0.12164503,Enhance turnover (increase supply/demand),Other,0.00025161,0.01388234,0.00380421,-0.00475068,-0.01133657,0.07212493,1.39995511,-0.05095096
77,"C04272[K,p]",C04272 [pla],C04272,p,INCREASED,0.62500000,8,0.19463205,1.39995511,1.00000000,0.12164503,Enhance turnover (increase supply/demand),Other,0.00025161,0.01388234,0.00380421,-0.00475068,-0.01133657,0.07212493,1.39995511,-0.05095096
78,"C06010[K,p]",C06010 [pla],C06010,p,INCREASED,0.62500000,8,0.19463205,1.39995511,1.00000000,0.12164503,Enhance turnover (increase supply/demand),Other,0.00025161,0.01388234,0.00380421,-0.00475068,-0.01133657,0.07212493,1.39995511,-0.05095096
79,"C00141[K,p]",C00141 [pla],C00141,p,INCREASED,0.62500000,8,0.19463205,1.39995511,1.00000000,0.12164503,Enhance turnover (increase supply/demand),Other,0.00025161,0.01388234,0.00380421,-0.00475068,-0.01133656,0.07212493,1.39995511,-0.05095096
80,"C04236[K,p]",C04236 [pla],C04236,p,INCREASED,0.62500000,8,0.19463084,1.39995515,1.00000000,0.12164427,Enhance turnover (increase supply/demand),Other,0.00025044,0.01388032,0.00380412,-0.00475025,-0.01133441,0.07212197,1.39995515,-0.05095006
81,"C02504[K,p]",C02504 [pla],C02504,p,INCREASED,0.62500000,8,0.19463084,1.39995515,1.00000000,0.12164427,Enhance turnover (increase supply/demand),Other,0.00025044,0.01388032,0.00380412,-0.00475025,-0.01133441,0.07212197,1.39995515,-0.05095006
82,"C00233[K,p]",C00233 [pla],C00233,p,INCREASED,0.62500000,8,0.19463084,1.39995514,1.00000000,0.12164427,Enhance turnover (increase supply/demand),Other,0.00025044,0.01388032,0.00380412,-0.00475025,-0.01133441,0.07212197,1.39995514,-0.05095006
83,"C00063[K,c]",C00063 [cyt],C00063,c,INCREASED,0.62500000,8,0.19089662,1.50507924,1.00000000,0.11931039,Enhance turnover (increase supply/demand),Other,-0.00017389,0.00131500,0.00014327,-0.00076498,0.01811947,0.00000053,1.50507924,-0.00157659
84,"C00014[K,c]",C00014 [cyt],C00014,c,DECREASED,0.50000000,8,0.22447696,1.50984577,1.00000000,0.11223848,Reduce turnover (limit competing usage),Other,0.05361595,0.00852504,0.00055163,-0.00555644,-0.00136593,-0.09946595,1.50984577,-0.11688897
85,"C00027[K,c]",C00027 [cyt],C00027,c,DECREASED,0.50000000,8,0.21256581,1.64718084,1.00000000,0.10628291,Reduce turnover (limit competing usage),Other,-0.00000086,0.00001748,0.00000178,-0.00000939,-0.00394822,0.04932058,1.64718084,-0.00004735
86,"C00118[K,p]",D-Glyceraldehyde-3P [pla],C00118,p,DECREASED,0.75000000,8,0.06623357,0.18885473,2.00000000,0.09935036,Reduce turnover (limit competing usage),Glycolysis,-0.00017660,0.00135483,0.00014755,-0.00078759,-0.14098886,-0.18885473,-0.12506650,-0.07249192
87,"C00063[K,B]",C00063 [B],C00063,B,DECREASED,0.50000000,8,0.18874924,1.50999272,1.00000000,0.09437462,Reduce turnover (limit competing usage),Other,-0.00000002,0.00000013,0.00000002,-0.00000008,-0.00000038,0.00000052,1.50999272,-0.00000009
88,"C00601[K,p]",C00601 [pla],C00601,p,DECREASED,0.50000000,2,0.18441938,1.42449854,1.00000000,0.09220969,Reduce turnover (limit competing usage),Other,0.00000000,0.00000000,0.00000000,0.00000000,0.00000000,0.00000000,1.42449854,-0.05085651
89,"C12303[K,p]",C12303 [pla],C12303,p,DECREASED,0.50000000,2,0.18441938,1.42449854,1.00000000,0.09220969,Reduce turnover (limit competing usage),Other,0.00000000,0.00000000,0.00000000,0.00000000,0.00000000,0.00000000,1.42449854,-0.05085651
90,"C05853[K,p]",C05853 [pla],C05853,p,DECREASED,0.50000000,2,0.18441938,1.42449854,1.00000000,0.09220969,Reduce turnover (limit competing usage),Other,0.00000000,0.00000000,0.00000000,0.00000000,0.00000000,0.00000000,1.42449854,-0.05085651
91,"C00075[K,c]",C00075 [cyt],C00075,c,DECREASED,0.50000000,8,0.18210128,1.42725349,1.00000000,0.09105064,Reduce turnover (limit competing usage),Other,-0.00000534,0.00003647,0.00000492,-0.00002093,-0.00009991,0.00014023,1.42725349,-0.02924892
92,"C00015[K,c]",C00015 [cyt],C00015,c,DECREASED,0.50000000,8,0.17845033,1.42725349,1.00000000,0.08922517,Reduce turnover (limit competing usage),Other,-0.00000467,0.00003748,0.00000576,-0.00001883,-0.00009811,0.00014162,1.42725349,-0.00004272
93,"C00111[K,p]",Glycerone-phosphate [pla],C00111,p,DECREASED,0.75000000,8,0.07188772,0.20586212,1.00000000,0.05391579,Reduce turnover (limit competing usage),Glycolysis,-0.00017195,0.00131943,0.00014367,-0.00076703,-0.16280087,-0.20586212,-0.12998770,-0.07404901
94,"C00236[K,p]",3-Phospho-D-glyceroyl-phosphate [pla],C00236,p,DECREASED,0.75000000,8,0.06410718,0.18862221,1.00000000,0.04808039,Reduce turnover (limit competing usage),Glycolysis,-0.00035295,0.00270063,0.00029528,-0.00157030,-0.12187667,-0.18862221,-0.12499487,-0.07244456
95,"C02631[K,c]",C02631 [cyt],C02631,c,DECREASED,0.80000000,5,0.04646780,0.17171630,1.00000000,0.03717424,Reduce turnover (limit competing usage),Other,0.00000000,0.00000000,-0.07717384,0.00000000,-0.17171630,0.11799974,-0.00008128,-0.00477127
96,"C00022[K,m]",Pyruvate [mit],C00022,m,DECREASED,0.75000000,8,0.01519078,0.06695851,3.00000000,0.03417926,Reduce turnover (limit competing usage),TCA_Cycle; Glycolysis,-0.00290304,0.01176123,-0.00024564,-0.00904747,-0.01869878,-0.06695851,-0.00027349,0.01163811
97,"C00051[K,p]",Glutathione-SS [pla],C00051,p,DECREASED,0.50000000,8,0.05768155,0.16457681,1.00000000,0.02884077,Reduce turnover (limit competing usage),Other,-0.00549624,0.04219918,0.00459766,-0.02452874,-0.16457681,0.15208561,0.01732630,-0.05064186
98,"C02504[K,c]",C02504 [cyt],C02504,c,DECREASED,0.75000000,4,0.03803703,0.17171630,1.00000000,0.02852778,Reduce turnover (limit competing usage),Other,0.00000000,0.00000000,0.00000000,0.00000000,-0.17171630,0.11799974,-0.00980896,-0.00477127
99,"C00064[K,B]",L-Glutamine [B],C00064,B,DECREASED,0.50000000,8,0.02156695,0.10012747,2.50000000,0.02695869,Reduce turnover (limit competing usage),Amino_Acids,0.05386197,0.00852251,0.00055033,-0.00555531,-0.00006822,-0.10012747,-0.00000118,0.00384858
100,"C00064[K,c]",L-Glutamine [cyt],C00064,c,DECREASED,0.50000000,8,0.02156695,0.10012747,2.50000000,0.02695868,Reduce turnover (limit competing usage),Amino_Acids,0.05386197,0.00852251,0.00055033,-0.00555531,-0.00006822,-0.10012747,-0.00000118,0.00384858
101,"C00084[K,p]",C00084 [pla],C00084,p,INCREASED,0.62500000,8,0.04111082,0.14829705,1.00000000,0.02569426,Enhance turnover (increase supply/demand),Other,-0.00312815,0.02134987,0.00194728,-0.01296531,0.02050821,0.00850383,0.14829705,-0.11218687
102,"C00469[K,p]",C00469 [pla],C00469,p,INCREASED,0.62500000,8,0.04111082,0.14829705,1.00000000,0.02569426,Enhance turnover (increase supply/demand),Other,-0.00312815,0.02134987,0.00194728,-0.01296531,0.02050821,0.00850383,0.14829705,-0.11218687
103,"C00026[K,m]",2-Oxoglutarate [mit],C00026,m,DECREASED,0.75000000,8,0.01003643,0.04008076,3.00000000,0.02258197,Reduce turnover (limit competing usage),TCA_Cycle,-0.00315538,-0.00212100,-0.00404976,-0.00429723,0.01494545,-0.04008076,-0.00004805,0.01159382
104,C00025[P],L-Glutamate [],C00025,,INCREASED,0.66666667,6,0.01167886,0.05085094,2.50000000,0.01946476,Enhance turnover (increase supply/demand),Amino_Acids,0.05085094,0.00641176,-0.00349802,-0.00985997,0.02267468,0.00000000,0.00013547,0.00000000
105,"C00229[K,p]",Acyl-carrier protein [pla],C00229,p,INCREASED,0.62500000,8,0.02968797,0.14010356,1.00000000,0.01855498,Enhance turnover (increase supply/demand),Other,-0.01812174,0.01319525,0.00201157,-0.00767086,0.03504189,0.14010356,0.00881560,-0.01254334
106,"C01209[K,p]",C01209 [pla],C01209,p,INCREASED,0.62500000,8,0.02968797,0.14010355,1.00000000,0.01855498,Enhance turnover (increase supply/demand),Other,-0.01812174,0.01319526,0.00201158,-0.00767085,0.03504189,0.14010355,0.00881560,-0.01254333
107,"C00003[K,m]",NAD+ [mit],C00003,m,DECREASED,0.62500000,8,0.01468159,0.06970725,2.00000000,0.01835199,Reduce turnover (limit competing usage),Energy_Cofactors,-0.00605524,0.00964345,-0.00429540,-0.01334470,0.01111987,0.06970725,-0.00012933,-0.00315750
108,"C00004[K,m]",NADH [mit],C00004,m,DECREASED,0.62500000,8,0.01468159,0.06970725,2.00000000,0.01835199,Reduce turnover (limit competing usage),Energy_Cofactors,-0.00605524,0.00964345,-0.00429540,-0.01334470,0.01111987,0.06970725,-0.00012933,-0.00315750
109,"C00158[K,m]",Citrate [mit],C00158,m,DECREASED,0.75000000,4,0.00739437,0.04008076,3.00000000,0.01663733,Reduce turnover (limit competing usage),TCA_Cycle,0.00000000,0.00000000,0.00000000,0.00000000,-0.00743661,-0.04008076,-0.00004805,0.01158953
110,"C00024[K,m]",Acetyl-CoA [mit],C00024,m,DECREASED,0.75000000,4,0.00717279,0.04829250,3.00000000,0.01613879,Reduce turnover (limit competing usage),TCA_Cycle,0.00000000,0.00000000,0.00000000,0.00000000,-0.00743661,-0.04829250,-0.00004805,0.00160519
111,"C00036[K,m]",Oxaloacetate [mit],C00036,m,DECREASED,0.75000000,4,0.00717279,0.04829250,3.00000000,0.01613879,Reduce turnover (limit competing usage),TCA_Cycle,0.00000000,0.00000000,0.00000000,0.00000000,-0.00743661,-0.04829250,-0.00004805,0.00160519
112,"C00149[K,m]",Malate [mit],C00149,m,DECREASED,0.62500000,8,0.00824545,0.01866601,3.00000000,0.01546021,Reduce turnover (limit competing usage),TCA_Cycle,-0.00605968,0.00963900,-0.00429539,-0.01334469,0.00368328,-0.01866601,-0.00022544,0.01005007
113,"C00127[K,p]",Glutathione-disulfide [pla],C00127,p,DECREASED,0.50000000,8,0.02884078,0.08228841,1.00000000,0.01442039,Reduce turnover (limit competing usage),Other,-0.00274812,0.02109961,0.00229883,-0.01226437,-0.08228841,0.07604280,0.00866315,-0.02532093
114,"C00028[K,p]",C00028 [pla],C00028,p,DECREASED,0.50000000,8,0.02878333,0.08178666,1.00000000,0.01439166,Reduce turnover (limit competing usage),Other,-0.00275417,0.02114085,0.00230335,-0.01228889,-0.08178666,0.07595122,0.00866179,-0.02537968
115,"C00030[K,p]",C00030 [pla],C00030,p,DECREASED,0.50000000,8,0.02878333,0.08178666,1.00000000,0.01439166,Reduce turnover (limit competing usage),Other,-0.00275417,0.02114085,0.00230335,-0.01228889,-0.08178666,0.07595122,0.00866179,-0.02537968
116,"C00094[K,p]",C00094 [pla],C00094,p,DECREASED,0.50000000,8,0.02877526,0.08168161,1.00000000,0.01438763,Reduce turnover (limit competing usage),Other,-0.00275453,0.02114296,0.00230365,-0.01228988,-0.08168161,0.07604274,0.00866308,-0.02532361
117,"C00283[K,p]",C00283 [pla],C00283,p,DECREASED,0.50000000,8,0.02877299,0.08167664,1.00000000,0.01438650,Reduce turnover (limit competing usage),Other,-0.00275403,0.02114097,0.00230352,-0.01228887,-0.08167664,0.07603586,0.00866205,-0.02532201
118,"C00320[K,p]",C00320 [pla],C00320,p,DECREASED,0.50000000,8,0.02877299,0.08167664,1.00000000,0.01438649,Reduce turnover (limit competing usage),Other,-0.00275403,0.02114097,0.00230352,-0.01228887,-0.08167664,0.07603580,0.00866205,-0.02532201
119,"C00087[K,p]",C00087 [pla],C00087,p,DECREASED,0.50000000,8,0.02877298,0.08167665,1.00000000,0.01438649,Reduce turnover (limit competing usage),Other,-0.00275403,0.02114097,0.00230352,-0.01228886,-0.08167665,0.07603574,0.00866205,-0.02532201
120,"C00068[K,p]",C00068 [pla],C00068,p,DECREASED,0.60000000,5,0.02146638,0.17172885,1.00000000,0.01287983,Reduce turnover (limit competing usage),Other,0.00000000,0.00000000,0.00000000,0.00000063,-0.17172885,-0.00000115,0.00000033,-0.00000010
121,"C05125[K,p]",C05125 [pla],C05125,p,DECREASED,0.60000000,5,0.02146638,0.17172885,1.00000000,0.01287983,Reduce turnover (limit competing usage),Other,0.00000000,0.00000000,0.00000000,0.00000063,-0.17172885,-0.00000115,0.00000033,-0.00000010
122,"C00083[K,p]",C00083 [pla],C00083,p,DECREASED,0.50000000,8,0.02560071,0.07464377,1.00000000,0.01280036,Reduce turnover (limit competing usage),Other,-0.00240711,0.01848014,0.00201153,-0.01074242,-0.07464377,0.06558859,0.00879273,-0.02213943
123,"MC00100[K,p]",MC00100 [pla],MC00100,p,DECREASED,0.50000000,8,0.02560071,0.07464376,1.00000000,0.01280036,Reduce turnover (limit competing usage),Other,-0.00240711,0.01848014,0.00201153,-0.01074242,-0.07464376,0.06558859,0.00879272,-0.02213942
124,"C04419[K,p]",C04419 [pla],C04419,p,DECREASED,0.50000000,8,0.02560071,0.07464376,1.00000000,0.01280036,Reduce turnover (limit competing usage),Other,-0.00240711,0.01848014,0.00201153,-0.01074242,-0.07464376,0.06558859,0.00879272,-0.02213942
125,"C00288[K,p]",C00288 [pla],C00288,p,DECREASED,0.50000000,8,0.02560071,0.07464376,1.00000000,0.01280036,Reduce turnover (limit competing usage),Other,-0.00240711,0.01848014,0.00201153,-0.01074242,-0.07464376,0.06558859,0.00879272,-0.02213942
126,"C00006[K,m]",NADP+ [mit],C00006,m,DECREASED,0.75000000,8,0.00801906,0.01866601,2.00000000,0.01202859,Reduce turnover (limit competing usage),Energy_Cofactors,-0.00290304,0.01176123,-0.00024564,-0.00904747,-0.01126218,-0.01866601,-0.00022544,0.01004150
127,"C00005[K,m]",NADPH [mit],C00005,m,DECREASED,0.75000000,8,0.00801906,0.01866601,2.00000000,0.01202859,Reduce turnover (limit competing usage),Energy_Cofactors,-0.00290304,0.01176123,-0.00024564,-0.00904747,-0.01126218,-0.01866601,-0.00022544,0.01004150
128,"C02631[K,p]",C02631 [pla],C02631,p,DECREASED,0.66666667,3,0.01659741,0.07717384,1.00000000,0.01106494,Reduce turnover (limit competing usage),Other,0.00000000,0.00000000,-0.07717384,0.00000000,0.00000000,-0.04587777,0.00972768,0.00000000
129,C00065[P],L-Serine [],C00065,,DECREASED,0.75000000,4,0.00569040,0.02200293,2.50000000,0.01066950,Reduce turnover (limit competing usage),Amino_Acids,0.00000000,0.00000000,0.00000000,0.00000000,-0.02187814,0.02200293,-0.00006551,-0.00157663
130,"C00025[K,B]",L-Glutamate [B],C00025,B,DECREASED,0.50000000,8,0.00846701,0.06001953,2.50000000,0.01058377,Reduce turnover (limit competing usage),Amino_Acids,-0.00000078,0.00000590,0.00000065,-0.00000342,-0.00001688,0.06001953,-0.00000030,0.00768865
131,C00008[P],ADP [],C00008,,DECREASED,0.83333333,6,0.00588771,0.04675328,2.00000000,0.00981285,Reduce turnover (limit competing usage),Energy_Cofactors,-0.00000234,-0.00010478,0.00000196,-0.00001033,0.00000000,-0.00022901,0.00000000,-0.04675328
132,"C04411[K,m]",C04411 [mit],C04411,m,DECREASED,0.50000000,8,0.01960898,0.11799974,1.00000000,0.00980449,Reduce turnover (limit competing usage),Other,0.00025044,0.01388032,0.00380412,-0.00475025,-0.01133441,0.11799974,-0.00008128,-0.00477127
133,"C04236[K,c]",C04236 [cyt],C04236,c,DECREASED,0.50000000,8,0.01960898,0.11799974,1.00000000,0.00980449,Reduce turnover (limit competing usage),Other,0.00025044,0.01388032,0.00380412,-0.00475025,-0.01133441,0.11799974,-0.00008128,-0.00477127
134,"C04411[K,c]",C04411 [cyt],C04411,c,DECREASED,0.50000000,8,0.01960898,0.11799974,1.00000000,0.00980449,Reduce turnover (limit competing usage),Other,0.00025044,0.01388032,0.00380412,-0.00475025,-0.01133441,0.11799974,-0.00008128,-0.00477127
135,"C04236[K,m]",C04236 [mit],C04236,m,DECREASED,0.50000000,8,0.01960898,0.11799974,1.00000000,0.00980449,Reduce turnover (limit competing usage),Other,0.00025044,0.01388032,0.00380412,-0.00475025,-0.01133441,0.11799974,-0.00008128,-0.00477127
136,"C16520[K,m]",C16520 [mit],C16520,m,DECREASED,0.75000000,8,0.01259767,0.06970725,1.00000000,0.00944825,Reduce turnover (limit competing usage),Other,-0.00290304,0.01176123,-0.00024564,-0.00904747,-0.00382557,0.06970725,-0.00012934,-0.00316179
137,"C05764[K,m]",C05764 [mit],C05764,m,DECREASED,0.75000000,8,0.01259767,0.06970725,1.00000000,0.00944825,Reduce turnover (limit competing usage),Other,-0.00290304,0.01176123,-0.00024564,-0.00904747,-0.00382557,0.06970725,-0.00012934,-0.00316179
138,"C00002[K,B]",ATP [B],C00002,B,DECREASED,0.62500000,8,0.00741510,0.04826848,2.00000000,0.00926887,Reduce turnover (limit competing usage),Energy_Cofactors,-0.00016764,0.00127587,0.00014032,-0.00074008,-0.00364818,0.00501660,-0.00006361,-0.04826848
139,"C00015[K,p]",C00015 [pla],C00015,p,DECREASED,0.62500000,8,0.01403989,0.08286729,1.00000000,0.00877493,Reduce turnover (limit competing usage),Other,-0.00000911,0.00001399,0.00000766,-0.00001823,-0.00007741,0.00009696,-0.08286729,-0.02922850
140,"C00075[K,p]",C00075 [pla],C00075,p,DECREASED,0.62500000,8,0.01403431,0.08287188,1.00000000,0.00877145,Reduce turnover (limit competing usage),Other,-0.00000240,0.00001897,0.00000071,-0.00001136,-0.00005907,0.00008038,-0.08287188,-0.02922974
141,"C00084[K,c]",C00084 [cyt],C00084,c,DECREASED,0.50000000,8,0.01606880,0.07549781,1.00000000,0.00803440,Reduce turnover (limit competing usage),Other,-0.00000708,0.00004304,0.00000487,-0.00002569,-0.00357359,0.04934148,0.07549781,-0.00005688
142,"C00469[K,c]",C00469 [cyt],C00469,c,DECREASED,0.50000000,8,0.01591893,0.07549998,1.00000000,0.00795946,Reduce turnover (limit competing usage),Other,-0.00000709,0.00004303,0.00000487,-0.00002569,-0.00254065,0.04917246,0.07549998,-0.00005766
143,"C00354[K,p]","D-Fructose-1,6-bisP [pla]",C00354,p,DECREASED,1.00000000,4,0.00370211,0.02922974,2.00000000,0.00740423,Reduce turnover (limit competing usage),Glycolysis,0.00000000,0.00000000,0.00000000,0.00000000,-0.00005782,-0.00025158,-0.00007776,-0.02922974
144,"C00122[K,m]",Fumarate [mit],C00122,m,DECREASED,0.66666667,6,0.00357356,0.01494545,3.00000000,0.00714711,Reduce turnover (limit competing usage),TCA_Cycle,-0.00315664,-0.00212223,-0.00404976,-0.00429723,0.01494545,0.00000000,0.00000000,0.00001715
145,"C00042[K,m]",Succinate [mit],C00042,m,DECREASED,0.66666667,6,0.00357356,0.01494545,3.00000000,0.00714711,Reduce turnover (limit competing usage),TCA_Cycle,-0.00315664,-0.00212223,-0.00404976,-0.00429723,0.01494545,0.00000000,0.00000000,0.00001715
146,"C00065[K,p]",L-Serine [pla],C00065,p,DECREASED,0.57142857,7,0.00475578,0.01873007,2.50000000,0.00679396,Reduce turnover (limit competing usage),Amino_Acids,-0.00017809,0.00135905,0.00014918,-0.00079040,0.01873007,-0.01683934,-0.00000007,0.00000000
147,"C00010[K,m]",CoA [mit],C00010,m,DECREASED,0.75000000,8,0.00888625,0.04829250,1.00000000,0.00666469,Reduce turnover (limit competing usage),Other,-0.00315284,-0.00211846,-0.00404976,-0.00429723,0.00750884,-0.04829250,-0.00004805,0.00162234
148,"C00158[K,c]",Citrate [cyt],C00158,c,INCREASED,0.66666667,3,0.00320409,0.00998434,3.00000000,0.00640817,Enhance turnover (increase supply/demand),TCA_Cycle,0.00000000,0.00000000,0.00000000,0.00000000,-0.00743661,0.00821174,0.00000000,0.00998434
149,"C00020[K,p]",AMP [pla],C00020,p,DECREASED,0.50000000,8,0.00627253,0.01766209,2.00000000,0.00627253,Reduce turnover (limit competing usage),Energy_Cofactors,-0.00034680,0.00266105,0.00029080,-0.00154873,0.01461081,0.01766209,-0.00975413,-0.00330586
150,"C00148[K,m]",L-Proline [mit],C00148,m,DECREASED,0.66666667,6,0.00357292,0.01494545,2.50000000,0.00595487,Reduce turnover (limit competing usage),Amino_Acids,-0.00315411,-0.00211969,-0.00404976,-0.00429723,0.01494545,0.00000000,0.00000000,0.00001715
151,"C00085[K,p]",D-Fructose-6P [pla],C00085,p,DECREASED,0.75000000,8,0.00373258,0.02925342,2.00000000,0.00559887,Reduce turnover (limit competing usage),Glycolysis,-0.00000233,0.00001770,0.00000194,-0.00001028,-0.00032069,-0.00018173,-0.00007255,-0.02925342
152,"C00008[K,m]",ADP [mit],C00008,m,DECREASED,0.50000000,8,0.00539111,0.02241817,2.00000000,0.00539111,Reduce turnover (limit competing usage),Energy_Cofactors,-0.00473306,-0.00318143,-0.00607464,-0.00644584,0.02241817,0.00013332,0.00012524,0.00001715
153,"C00002[K,m]",ATP [mit],C00002,m,DECREASED,0.50000000,8,0.00539111,0.02241817,2.00000000,0.00539111,Reduce turnover (limit competing usage),Energy_Cofactors,-0.00473306,-0.00318143,-0.00607464,-0.00644584,0.02241817,0.00013332,0.00012524,0.00001715
154,"C00009[K,m]",Orthophosphate [mit],C00009,m,DECREASED,0.50000000,8,0.01076370,0.04493328,1.00000000,0.00538185,Reduce turnover (limit competing usage),Other,-0.00946168,-0.00639676,-0.01215300,-0.01287200,0.04493328,0.00013332,0.00012524,0.00003429
155,"C00093[K,c]",C00093 [cyt],C00093,c,DECREASED,0.62500000,8,0.00766227,0.03623882,1.00000000,0.00478892,Reduce turnover (limit competing usage),Other,-0.00034481,0.00262973,0.00028825,-0.00152980,0.03623882,-0.01213345,-0.00498001,-0.00315329
156,"C00417[K,m]",C00417 [mit],C00417,m,DECREASED,0.66666667,3,0.00646479,0.04008076,1.00000000,0.00430986,Reduce turnover (limit competing usage),Other,0.00000000,0.00000000,0.00000000,0.00000000,0.00000000,-0.04008076,-0.00004805,0.01158953
157,"C00451[K,m]",C00451 [mit],C00451,m,DECREASED,0.66666667,3,0.00646479,0.04008076,1.00000000,0.00430986,Reduce turnover (limit competing usage),Other,0.00000000,0.00000000,0.00000000,0.00000000,0.00000000,-0.04008076,-0.00004805,0.01158953
158,"MC00978[K,c]",MC00978 [cyt],MC00978,c,INCREASED,0.75000000,4,0.00489691,0.02187504,1.00000000,0.00367269,Enhance turnover (increase supply/demand),Other,0.00000073,0.00000081,0.00000000,0.00000000,-0.02187504,0.01729874,0.00000000,0.00000000
159,"MC00989[K,c]",MC00989 [cyt],MC00989,c,INCREASED,0.75000000,4,0.00489691,0.02187504,1.00000000,0.00367269,Enhance turnover (increase supply/demand),Other,0.00000073,0.00000081,0.00000000,0.00000000,-0.02187504,0.01729873,0.00000000,0.00000000
160,C00105[P],C00105 [],C00105,,DECREASED,1.00000000,1,0.00365079,0.02920632,1.00000000,0.00365079,Reduce turnover (limit competing usage),Other,0.00000000,0.00000000,0.00000000,0.00000000,0.00000000,0.00000000,0.00000000,-0.02920632
161,"C03912[K,m]",C03912 [mit],C03912,m,DECREASED,0.66666667,6,0.00535853,0.02241817,1.00000000,0.00357235,Reduce turnover (limit competing usage),Other,-0.00472990,-0.00317826,-0.00607464,-0.00644584,0.02241817,0.00000000,0.00000000,0.00002144
162,"C00013[K,p]",Diphosphate [pla],C00013,p,DECREASED,0.50000000,8,0.00638439,0.01874784,1.00000000,0.00319219,Reduce turnover (limit competing usage),Other,-0.00039093,0.00299878,0.00032671,-0.00174233,0.01331004,0.01874784,-0.00984231,-0.00371615
163,"C00249[K,p]",C00249 [pla],C00249,p,DECREASED,0.50000000,8,0.00618033,0.01730571,1.00000000,0.00309016,Reduce turnover (limit competing usage),Other,-0.00034429,0.00263227,0.00028739,-0.00153095,0.01435965,0.01730571,-0.00982743,-0.00315493
164,"C00154[K,p]",C00154 [pla],C00154,p,DECREASED,0.50000000,8,0.00618030,0.01730552,1.00000000,0.00309015,Reduce turnover (limit competing usage),Other,-0.00034429,0.00263222,0.00028739,-0.00153092,0.01435980,0.01730552,-0.00982743,-0.00315487
165,"C04036[K,p]",C04036 [pla],C04036,p,DECREASED,0.50000000,8,0.00618008,0.01730369,1.00000000,0.00309004,Reduce turnover (limit competing usage),Other,-0.00034428,0.00263223,0.00028739,-0.00153093,0.01435980,0.01730369,-0.00982743,-0.00315487
166,"C04036[K,c]",C04036 [cyt],C04036,c,DECREASED,0.50000000,8,0.00618001,0.01729876,1.00000000,0.00309001,Reduce turnover (limit competing usage),Other,-0.00034406,0.00263053,0.00028825,-0.00152981,0.01436676,0.01729876,-0.00982861,-0.00315333
167,"160PE[K,B]","160PE[K,B]","160PE[K,B]",B,DECREASED,0.50000000,8,0.00617967,0.01729741,1.00000000,0.00308983,Reduce turnover (limit competing usage),Other,-0.00034451,0.00262961,0.00028825,-0.00152996,0.01436577,0.01729741,-0.00982857,-0.00315325
168,"C16219[K,p]",C16219 [pla],C16219,p,DECREASED,0.62500000,8,0.00481930,0.02189514,1.00000000,0.00301207,Reduce turnover (limit competing usage),Other,0.00000037,0.00000677,-0.00000003,-0.00000322,-0.02189514,-0.00694395,0.00969810,-0.00000686
169,"C16221[K,p]",C16221 [pla],C16221,p,DECREASED,0.62500000,8,0.00481930,0.02189514,1.00000000,0.00301207,Reduce turnover (limit competing usage),Other,0.00000037,0.00000677,-0.00000003,-0.00000322,-0.02189514,-0.00694395,0.00969810,-0.00000686
170,"C16220[K,p]",C16220 [pla],C16220,p,DECREASED,0.62500000,8,0.00481930,0.02189514,1.00000000,0.00301207,Reduce turnover (limit competing usage),Other,0.00000037,0.00000677,-0.00000003,-0.00000322,-0.02189514,-0.00694395,0.00969810,-0.00000686
171,"C04088[K,p]",C04088 [pla],C04088,p,DECREASED,0.62500000,8,0.00481930,0.02189514,1.00000000,0.00301206,Reduce turnover (limit competing usage),Other,0.00000037,0.00000677,-0.00000003,-0.00000322,-0.02189514,-0.00694395,0.00969810,-0.00000686
172,"C01203[K,p]",C01203 [pla],C01203,p,DECREASED,0.62500000,8,0.00481930,0.02189513,1.00000000,0.00301206,Reduce turnover (limit competing usage),Other,0.00000037,0.00000676,-0.00000003,-0.00000322,-0.02189513,-0.00694396,0.00969809,-0.00000685
173,"C06427[K,p]",C06427 [pla],C06427,p,DECREASED,0.62500000,8,0.00481849,0.02187963,1.00000000,0.00301156,Reduce turnover (limit competing usage),Other,0.00000053,0.00000231,-0.00000106,-0.00000101,-0.02187963,-0.00696473,0.00969701,-0.00000166
174,"MC00919[K,p]",MC00919 [pla],MC00919,p,DECREASED,0.62500000,8,0.00481849,0.02187963,1.00000000,0.00301156,Reduce turnover (limit competing usage),Other,0.00000053,0.00000231,-0.00000106,-0.00000101,-0.02187963,-0.00696473,0.00969701,-0.00000166
175,"C06427[K,c]",C06427 [cyt],C06427,c,DECREASED,0.62500000,8,0.00481849,0.02187963,1.00000000,0.00301156,Reduce turnover (limit competing usage),Other,0.00000053,0.00000231,-0.00000105,-0.00000101,-0.02187963,-0.00696473,0.00969701,-0.00000167
176,"MC00918[K,p]",MC00918 [pla],MC00918,p,DECREASED,0.62500000,8,0.00481849,0.02187963,1.00000000,0.00301156,Reduce turnover (limit competing usage),Other,0.00000053,0.00000231,-0.00000106,-0.00000101,-0.02187963,-0.00696473,0.00969701,-0.00000166
177,"C16162[K,c]",C16162 [cyt],C16162,c,DECREASED,0.62500000,8,0.00481847,0.02187935,1.00000000,0.00301155,Reduce turnover (limit competing usage),Other,0.00000054,0.00000220,-0.00000106,-0.00000095,-0.02187935,-0.00696514,0.00969701,-0.00000154
178,"183PE[K,B]","183PE[K,B]","183PE[K,B]",B,DECREASED,0.62500000,8,0.00481831,0.02187653,1.00000000,0.00301144,Reduce turnover (limit competing usage),Other,-0.00000068,-0.00000064,0.00000002,-0.00000082,-0.02187653,-0.00697137,0.00969634,0.00000004
179,"C00025[K,m]",L-Glutamate [mit],C00025,m,DECREASED,0.66666667,6,0.00178598,0.00747272,2.50000000,0.00297664,Reduce turnover (limit competing usage),Amino_Acids,-0.00157515,-0.00105793,-0.00202488,-0.00214861,0.00747272,0.00000000,0.00000000,0.00000857
180,"C03232[K,p]",C03232 [pla],C03232,p,DECREASED,0.62500000,8,0.00475370,0.01871734,1.00000000,0.00297106,Reduce turnover (limit competing usage),Other,-0.00017867,0.00136350,0.00014967,-0.00079299,0.01871734,-0.01682185,-0.00000022,-0.00000535
181,"C00197[K,p]",3-Phospho-D-glycerate [pla],C00197,p,DECREASED,0.62500000,8,0.00475370,0.01871734,1.00000000,0.00297106,Reduce turnover (limit competing usage),Glycolysis,-0.00017867,0.00136350,0.00014967,-0.00079299,0.01871734,-0.01682185,-0.00000022,-0.00000535
182,"C01005[K,p]",C01005 [pla],C01005,p,DECREASED,0.62500000,8,0.00475370,0.01871733,1.00000000,0.00297106,Reduce turnover (limit competing usage),Other,-0.00017868,0.00136350,0.00014967,-0.00079298,0.01871733,-0.01682184,-0.00000022,-0.00000535
183,"C15973[K,m]",C15973 [mit],C15973,m,DECREASED,0.80000000,5,0.00357142,0.01494545,1.00000000,0.00285714,Reduce turnover (limit competing usage),Other,-0.00315664,-0.00212227,-0.00404976,-0.00429723,0.01494545,0.00000000,0.00000000,0.00000000
184,"C15972[K,m]",C15972 [mit],C15972,m,DECREASED,0.80000000,5,0.00357142,0.01494545,1.00000000,0.00285714,Reduce turnover (limit competing usage),Other,-0.00315664,-0.00212227,-0.00404976,-0.00429723,0.01494545,0.00000000,0.00000000,0.00000000
185,"C05381[K,m]",C05381 [mit],C05381,m,DECREASED,0.80000000,5,0.00357142,0.01494545,1.00000000,0.00285714,Reduce turnover (limit competing usage),Other,-0.00315664,-0.00212227,-0.00404976,-0.00429723,0.01494545,0.00000000,0.00000000,0.00000000
186,"C00068[K,m]",C00068 [mit],C00068,m,DECREASED,0.80000000,5,0.00357142,0.01494545,1.00000000,0.00285714,Reduce turnover (limit competing usage),Other,-0.00315664,-0.00212227,-0.00404976,-0.00429723,0.01494545,0.00000000,0.00000000,0.00000000
187,"C16254[K,m]",C16254 [mit],C16254,m,DECREASED,0.80000000,5,0.00357142,0.01494545,1.00000000,0.00285714,Reduce turnover (limit competing usage),Other,-0.00315664,-0.00212227,-0.00404976,-0.00429723,0.01494545,0.00000000,0.00000000,0.00000000
188,"C00065[K,c]",L-Serine [cyt],C00065,c,DECREASED,0.62500000,8,0.00161965,0.00516359,2.50000000,0.00253071,Reduce turnover (limit competing usage),Amino_Acids,-0.00017168,0.00131570,0.00014434,-0.00076490,-0.00375487,0.00516359,-0.00006551,-0.00157663
189,"MC00965[K,c]",MC00965 [cyt],MC00965,c,DECREASED,0.50000000,2,0.00489677,0.02187667,1.00000000,0.00244839,Reduce turnover (limit competing usage),Other,0.00000000,0.00000000,0.00000000,0.00000000,-0.02187667,0.01729753,0.00000000,0.00000000
190,"C00091[K,m]",C00091 [mit],C00091,m,DECREASED,0.66666667,6,0.00357356,0.01494545,1.00000000,0.00238237,Reduce turnover (limit competing usage),Other,-0.00315664,-0.00212227,-0.00404976,-0.00429723,0.01494545,0.00000000,0.00000000,0.00001715
191,"C00030[K,m]",C00030 [mit],C00030,m,DECREASED,0.66666667,6,0.00357292,0.01494545,1.00000000,0.00238195,Reduce turnover (limit competing usage),Other,-0.00315411,-0.00211969,-0.00404976,-0.00429723,0.01494545,0.00000000,0.00000000,0.00001715
192,"C00028[K,m]",C00028 [mit],C00028,m,DECREASED,0.66666667,6,0.00357292,0.01494545,1.00000000,0.00238195,Reduce turnover (limit competing usage),Other,-0.00315411,-0.00211969,-0.00404976,-0.00429723,0.01494545,0.00000000,0.00000000,0.00001715
193,"C00016[K,m]",C00016 [mit],C00016,m,DECREASED,0.66666667,6,0.00357292,0.01494545,1.00000000,0.00238195,Reduce turnover (limit competing usage),Other,-0.00315411,-0.00211969,-0.00404976,-0.00429723,0.01494545,0.00000000,0.00000000,0.00001715
194,"C01352[K,m]",C01352 [mit],C01352,m,DECREASED,0.66666667,6,0.00357292,0.01494545,1.00000000,0.00238195,Reduce turnover (limit competing usage),Other,-0.00315411,-0.00211969,-0.00404976,-0.00429723,0.01494545,0.00000000,0.00000000,0.00001715
195,"C00075[K,B]",C00075 [B],C00075,B,DECREASED,0.62500000,8,0.00365089,0.02920621,1.00000000,0.00228181,Reduce turnover (limit competing usage),Other,-0.00000001,0.00000011,0.00000001,-0.00000006,-0.00000030,0.00000042,-0.00000000,-0.02920621
196,"C00105[K,p]",C00105 [pla],C00105,p,INCREASED,0.60000000,5,0.00365087,0.02920632,1.00000000,0.00219052,Enhance turnover (increase supply/demand),Other,0.00000013,0.00000002,0.00000000,-0.00000016,0.00000000,0.00000035,0.00000000,-0.02920632
197,"C00299[K,p]",C00299 [pla],C00299,p,INCREASED,0.60000000,5,0.00365087,0.02920632,1.00000000,0.00219052,Enhance turnover (increase supply/demand),Other,0.00000013,0.00000002,0.00000000,-0.00000016,0.00000000,0.00000035,0.00000000,-0.02920632
198,"MC00961[K,c]",MC00961 [cyt],MC00961,c,DECREASED,0.62500000,8,0.00337596,0.01811988,1.00000000,0.00210998,Reduce turnover (limit competing usage),Other,-0.00017226,0.00131502,0.00014410,-0.00076498,0.01811988,-0.00000052,-0.00491430,-0.00157666
199,"MC01034[K,c]",MC01034 [cyt],MC01034,c,DECREASED,0.62500000,8,0.00337591,0.01811956,1.00000000,0.00210994,Reduce turnover (limit competing usage),Other,-0.00017240,0.00131486,0.00014409,-0.00076490,0.01811956,-0.00000052,-0.00491430,-0.00157666
200,"MC01043[K,c]",MC01043 [cyt],MC01043,c,DECREASED,0.62500000,8,0.00337591,0.01811956,1.00000000,0.00210994,Reduce turnover (limit competing usage),Other,-0.00017240,0.00131486,0.00014409,-0.00076490,0.01811956,-0.00000052,-0.00491430,-0.00157666
201,"C05757[K,p]",C05757 [pla],C05757,p,DECREASED,0.62500000,8,0.00324912,0.01036179,1.00000000,0.00203070,Reduce turnover (limit competing usage),Other,-0.00034393,0.00263905,0.00028737,-0.00153417,-0.00753552,0.01036179,-0.00012934,-0.00316179
202,"C05756[K,p]",C05756 [pla],C05756,p,DECREASED,0.62500000,8,0.00324912,0.01036179,1.00000000,0.00203070,Reduce turnover (limit competing usage),Other,-0.00034393,0.00263905,0.00028737,-0.00153417,-0.00753552,0.01036179,-0.00012934,-0.00316179
203,"C05754[K,p]",C05754 [pla],C05754,p,DECREASED,0.62500000,8,0.00324912,0.01036179,1.00000000,0.00203070,Reduce turnover (limit competing usage),Other,-0.00034393,0.00263905,0.00028737,-0.00153417,-0.00753552,0.01036179,-0.00012934,-0.00316179
204,"C05753[K,p]",C05753 [pla],C05753,p,DECREASED,0.62500000,8,0.00324912,0.01036179,1.00000000,0.00203070,Reduce turnover (limit competing usage),Other,-0.00034393,0.00263905,0.00028737,-0.00153417,-0.00753552,0.01036179,-0.00012934,-0.00316179
205,"C05752[K,p]",C05752 [pla],C05752,p,DECREASED,0.62500000,8,0.00324912,0.01036179,1.00000000,0.00203070,Reduce turnover (limit competing usage),Other,-0.00034393,0.00263905,0.00028737,-0.00153417,-0.00753552,0.01036179,-0.00012934,-0.00316179
206,"C05750[K,p]",C05750 [pla],C05750,p,DECREASED,0.62500000,8,0.00324912,0.01036179,1.00000000,0.00203070,Reduce turnover (limit competing usage),Other,-0.00034393,0.00263905,0.00028737,-0.00153417,-0.00753552,0.01036179,-0.00012934,-0.00316179
207,"C05751[K,p]",C05751 [pla],C05751,p,DECREASED,0.62500000,8,0.00324912,0.01036179,1.00000000,0.00203070,Reduce turnover (limit competing usage),Other,-0.00034393,0.00263905,0.00028737,-0.00153417,-0.00753552,0.01036179,-0.00012934,-0.00316179
208,"C05747[K,p]",C05747 [pla],C05747,p,DECREASED,0.62500000,8,0.00324912,0.01036179,1.00000000,0.00203070,Reduce turnover (limit competing usage),Other,-0.00034393,0.00263905,0.00028737,-0.00153417,-0.00753552,0.01036179,-0.00012934,-0.00316179
209,"C04688[K,p]",C04688 [pla],C04688,p,DECREASED,0.62500000,8,0.00324912,0.01036179,1.00000000,0.00203070,Reduce turnover (limit competing usage),Other,-0.00034393,0.00263905,0.00028737,-0.00153417,-0.00753552,0.01036179,-0.00012934,-0.00316179
210,"C04619[K,p]",C04619 [pla],C04619,p,DECREASED,0.62500000,8,0.00324912,0.01036179,1.00000000,0.00203070,Reduce turnover (limit competing usage),Other,-0.00034393,0.00263905,0.00028737,-0.00153417,-0.00753552,0.01036179,-0.00012934,-0.00316179
211,"C04620[K,p]",C04620 [pla],C04620,p,DECREASED,0.62500000,8,0.00324912,0.01036179,1.00000000,0.00203070,Reduce turnover (limit competing usage),Other,-0.00034393,0.00263905,0.00028737,-0.00153417,-0.00753552,0.01036179,-0.00012934,-0.00316179
212,"C04633[K,p]",C04633 [pla],C04633,p,DECREASED,0.62500000,8,0.00324912,0.01036179,1.00000000,0.00203070,Reduce turnover (limit competing usage),Other,-0.00034393,0.00263905,0.00028737,-0.00153417,-0.00753552,0.01036179,-0.00012934,-0.00316179
213,"C04246[K,p]",C04246 [pla],C04246,p,DECREASED,0.62500000,8,0.00324912,0.01036179,1.00000000,0.00203070,Reduce turnover (limit competing usage),Other,-0.00034393,0.00263905,0.00028737,-0.00153417,-0.00753552,0.01036179,-0.00012934,-0.00316179
214,"C04618[K,p]",C04618 [pla],C04618,p,DECREASED,0.62500000,8,0.00324912,0.01036179,1.00000000,0.00203070,Reduce turnover (limit competing usage),Other,-0.00034393,0.00263905,0.00028737,-0.00153417,-0.00753552,0.01036179,-0.00012934,-0.00316179
215,"C05744[K,p]",C05744 [pla],C05744,p,DECREASED,0.62500000,8,0.00324912,0.01036179,1.00000000,0.00203070,Reduce turnover (limit competing usage),Other,-0.00034393,0.00263905,0.00028737,-0.00153417,-0.00753552,0.01036179,-0.00012934,-0.00316179
216,"C05745[K,p]",C05745 [pla],C05745,p,DECREASED,0.62500000,8,0.00324912,0.01036179,1.00000000,0.00203070,Reduce turnover (limit competing usage),Other,-0.00034393,0.00263905,0.00028737,-0.00153417,-0.00753552,0.01036179,-0.00012934,-0.00316179
217,"C05746[K,p]",C05746 [pla],C05746,p,DECREASED,0.62500000,8,0.00324912,0.01036179,1.00000000,0.00203070,Reduce turnover (limit competing usage),Other,-0.00034393,0.00263905,0.00028737,-0.00153417,-0.00753552,0.01036179,-0.00012934,-0.00316179
218,"C05755[K,p]",C05755 [pla],C05755,p,DECREASED,0.62500000,8,0.00324912,0.01036179,1.00000000,0.00203070,Reduce turnover (limit competing usage),Other,-0.00034393,0.00263905,0.00028737,-0.00153417,-0.00753552,0.01036179,-0.00012934,-0.00316179
219,"C05759[K,p]",C05759 [pla],C05759,p,DECREASED,0.62500000,8,0.00324912,0.01036179,1.00000000,0.00203070,Reduce turnover (limit competing usage),Other,-0.00034393,0.00263905,0.00028737,-0.00153417,-0.00753552,0.01036179,-0.00012934,-0.00316179
220,"C05749[K,p]",C05749 [pla],C05749,p,DECREASED,0.62500000,8,0.00324912,0.01036179,1.00000000,0.00203070,Reduce turnover (limit competing usage),Other,-0.00034393,0.00263905,0.00028737,-0.00153417,-0.00753552,0.01036179,-0.00012934,-0.00316179
221,"C05760[K,p]",C05760 [pla],C05760,p,DECREASED,0.62500000,8,0.00324912,0.01036179,1.00000000,0.00203070,Reduce turnover (limit competing usage),Other,-0.00034393,0.00263905,0.00028737,-0.00153417,-0.00753552,0.01036179,-0.00012934,-0.00316179
222,"C05761[K,p]",C05761 [pla],C05761,p,DECREASED,0.62500000,8,0.00324912,0.01036179,1.00000000,0.00203070,Reduce turnover (limit competing usage),Other,-0.00034393,0.00263905,0.00028737,-0.00153417,-0.00753552,0.01036179,-0.00012934,-0.00316179
223,"C05762[K,p]",C05762 [pla],C05762,p,DECREASED,0.62500000,8,0.00324912,0.01036179,1.00000000,0.00203070,Reduce turnover (limit competing usage),Other,-0.00034393,0.00263905,0.00028737,-0.00153417,-0.00753552,0.01036179,-0.00012934,-0.00316179
224,"C05763[K,p]",C05763 [pla],C05763,p,DECREASED,0.62500000,8,0.00324912,0.01036179,1.00000000,0.00203070,Reduce turnover (limit competing usage),Other,-0.00034393,0.00263905,0.00028737,-0.00153417,-0.00753552,0.01036179,-0.00012934,-0.00316179
225,"C05748[K,p]",C05748 [pla],C05748,p,DECREASED,0.62500000,8,0.00324912,0.01036179,1.00000000,0.00203070,Reduce turnover (limit competing usage),Other,-0.00034393,0.00263905,0.00028737,-0.00153417,-0.00753552,0.01036179,-0.00012934,-0.00316179
226,"C05223[K,p]",C05223 [pla],C05223,p,DECREASED,0.62500000,8,0.00324912,0.01036179,1.00000000,0.00203070,Reduce turnover (limit competing usage),Other,-0.00034393,0.00263905,0.00028737,-0.00153417,-0.00753552,0.01036179,-0.00012934,-0.00316179
227,"C05758[K,p]",C05758 [pla],C05758,p,DECREASED,0.62500000,8,0.00324912,0.01036179,1.00000000,0.00203070,Reduce turnover (limit competing usage),Other,-0.00034393,0.00263905,0.00028737,-0.00153417,-0.00753552,0.01036179,-0.00012934,-0.00316179
228,"C05764[K,p]",C05764 [pla],C05764,p,DECREASED,0.62500000,8,0.00324912,0.01036180,1.00000000,0.00203070,Reduce turnover (limit competing usage),Other,-0.00034393,0.00263904,0.00028737,-0.00153418,-0.00753551,0.01036180,-0.00012933,-0.00316180
229,"C00093[K,p]",C00093 [pla],C00093,p,DECREASED,0.50000000,8,0.00405839,0.01435120,1.00000000,0.00202919,Reduce turnover (limit competing usage),Other,-0.00034435,0.00263428,0.00028777,-0.00153193,0.01435120,0.00518120,-0.00497896,-0.00315741
230,"C00055[K,c]",C00055 [cyt],C00055,c,DECREASED,0.50000000,8,0.00405617,0.01436448,1.00000000,0.00202809,Reduce turnover (limit competing usage),Other,-0.00034524,0.00262939,0.00028573,-0.00153020,0.01436448,0.00516128,-0.00497978,-0.00315327
231,"C00008[K,B]",ADP [B],C00008,B,DECREASED,0.62500000,8,0.00157294,0.00501615,2.00000000,0.00196618,Reduce turnover (limit competing usage),Energy_Cofactors,-0.00016763,0.00127576,0.00014031,-0.00074001,-0.00364785,0.00501615,-0.00006360,-0.00153222
232,"C00154[K,c]",C00154 [cyt],C00154,c,DECREASED,0.50000000,8,0.00337593,0.01812016,1.00000000,0.00168797,Reduce turnover (limit competing usage),Other,-0.00017240,0.00131486,0.00014416,-0.00076490,0.01812016,0.00000001,-0.00491430,-0.00157666
233,"MC01037[K,c]",MC01037 [cyt],MC01037,c,DECREASED,0.50000000,8,0.00337592,0.01812016,1.00000000,0.00168796,Reduce turnover (limit competing usage),Other,-0.00017240,0.00131486,0.00014409,-0.00076490,0.01812016,0.00000001,-0.00491430,-0.00157666
234,"MC01035[K,c]",MC01035 [cyt],MC01035,c,DECREASED,0.50000000,8,0.00337592,0.01812016,1.00000000,0.00168796,Reduce turnover (limit competing usage),Other,-0.00017240,0.00131486,0.00014409,-0.00076490,0.01812016,0.00000001,-0.00491430,-0.00157666
235,"MC01036[K,c]",MC01036 [cyt],MC01036,c,DECREASED,0.50000000,8,0.00337592,0.01812016,1.00000000,0.00168796,Reduce turnover (limit competing usage),Other,-0.00017240,0.00131486,0.00014409,-0.00076490,0.01812016,0.00000001,-0.00491430,-0.00157666
236,"C00112[K,c]",C00112 [cyt],C00112,c,DECREASED,0.50000000,8,0.00337573,0.01811984,1.00000000,0.00168786,Reduce turnover (limit competing usage),Other,-0.00017389,0.00131398,0.00014227,-0.00076491,0.01811984,0.00000029,-0.00491397,-0.00157666
237,"C03287[K,m]",C03287 [mit],C03287,m,DECREASED,0.80000000,5,0.00178523,0.00747272,1.00000000,0.00142818,Reduce turnover (limit competing usage),Other,-0.00157642,-0.00105920,-0.00202488,-0.00214861,0.00747272,0.00000000,0.00000000,0.00000000
238,"MC00992[K,c]",MC00992 [cyt],MC00992,c,DECREASED,0.62500000,8,0.00212318,0.01213484,1.00000000,0.00132699,Reduce turnover (limit competing usage),Other,-0.00000031,-0.00000029,0.00000001,-0.00000076,-0.00000083,-0.01213484,0.00484839,0.00000003
239,"MC00968[K,c]",MC00968 [cyt],MC00968,c,DECREASED,0.62500000,8,0.00212316,0.01213445,1.00000000,0.00132698,Reduce turnover (limit competing usage),Other,-0.00000031,-0.00000029,0.00000001,-0.00000117,-0.00000083,-0.01213445,0.00484819,0.00000003
240,"C01165[K,m]",C01165 [mit],C01165,m,DECREASED,0.66666667,6,0.00178561,0.00747272,1.00000000,0.00119040,Reduce turnover (limit competing usage),Other,-0.00157579,-0.00105857,-0.00202488,-0.00214861,0.00747272,0.00000000,0.00000000,0.00000429
241,"MC00974[K,c]",MC00974 [cyt],MC00974,c,DECREASED,0.50000000,2,0.00212293,0.01213484,1.00000000,0.00106146,Reduce turnover (limit competing usage),Other,0.00000000,0.00000000,0.00000000,0.00000000,0.00000000,-0.01213484,0.00484859,0.00000000
242,"MC00981[K,c]",MC00981 [cyt],MC00981,c,DECREASED,0.50000000,2,0.00212293,0.01213484,1.00000000,0.00106146,Reduce turnover (limit competing usage),Other,0.00000000,0.00000000,0.00000000,0.00000000,0.00000000,-0.01213484,0.00484859,0.00000000
243,"C00346[K,c]",C00346 [cyt],C00346,c,DECREASED,0.62500000,8,0.00161964,0.00516359,1.00000000,0.00101228,Reduce turnover (limit competing usage),Other,-0.00017168,0.00131570,0.00014434,-0.00076490,-0.00375488,0.00516359,-0.00006544,-0.00157663
244,"C00189[K,c]",C00189 [cyt],C00189,c,DECREASED,0.62500000,8,0.00161964,0.00516359,1.00000000,0.00101228,Reduce turnover (limit competing usage),Other,-0.00017168,0.00131570,0.00014434,-0.00076490,-0.00375487,0.00516359,-0.00006544,-0.00157663
245,"C00570[K,c]",C00570 [cyt],C00570,c,DECREASED,0.62500000,8,0.00161936,0.00516127,1.00000000,0.00101210,Reduce turnover (limit competing usage),Other,-0.00017135,0.00131541,0.00014346,-0.00076531,-0.00375568,0.00516127,-0.00006582,-0.00157661
246,"C04756[K,c]",C04756 [cyt],C04756,c,DECREASED,0.62500000,8,0.00161924,0.00516122,1.00000000,0.00101202,Reduce turnover (limit competing usage),Other,-0.00017102,0.00131570,0.00014364,-0.00076490,-0.00375534,0.00516122,-0.00006544,-0.00157663
247,"C03454[K,c]",C03454 [cyt],C03454,c,DECREASED,0.62500000,8,0.00161924,0.00516122,1.00000000,0.00101202,Reduce turnover (limit competing usage),Other,-0.00017102,0.00131570,0.00014364,-0.00076490,-0.00375534,0.00516122,-0.00006544,-0.00157663
248,"C00009[K,B]",Orthophosphate [B],C00009,B,DECREASED,0.62500000,8,0.00156961,0.00500552,1.00000000,0.00098100,Reduce turnover (limit competing usage),Other,-0.00016727,0.00127305,0.00014002,-0.00073845,-0.00364012,0.00500552,-0.00006347,-0.00152896
249,"C00451[K,c]",C00451 [cyt],C00451,c,DECREASED,1.00000000,1,0.00092958,0.00743661,1.00000000,0.00092958,Reduce turnover (limit competing usage),Other,0.00000000,0.00000000,0.00000000,0.00000000,-0.00743661,0.00000000,0.00000000,0.00000000
250,"C00668[K,p]",alpha-D-Glucose-6P [pla],C00668,p,DECREASED,0.62500000,8,0.00044302,0.00141438,2.00000000,0.00055377,Reduce turnover (limit competing usage),Glycolysis,-0.00004697,0.00035911,0.00003816,-0.00020817,-0.00102918,0.00141438,-0.00001727,-0.00043091
251,"C00064[K,p]",L-Glutamine [pla],C00064,p,DECREASED,0.80000000,5,0.00020974,0.00083023,2.50000000,0.00041948,Reduce turnover (limit competing usage),Amino_Acids,0.00000000,-0.00000087,-0.00039263,-0.00045416,0.00083023,0.00000000,0.00000000,-0.00000003
252,"C00073[K,c]",L-Methionine [cyt],C00073,c,DECREASED,0.62500000,8,0.00009341,0.00029486,5.00000000,0.00029191,Reduce turnover (limit competing usage),Aspartate_Family,-0.00000812,0.00007992,0.00000810,-0.00004972,-0.00021410,0.00029486,-0.00000368,-0.00008878
253,"C00103[K,p]",D-Glucose-1P [pla],C00103,p,DECREASED,0.62500000,8,0.00044302,0.00141438,1.00000000,0.00027689,Reduce turnover (limit competing usage),Other,-0.00004697,0.00035912,0.00003816,-0.00020817,-0.00102918,0.00141438,-0.00001727,-0.00043092
254,"C00498[K,p]",C00498 [pla],C00498,p,DECREASED,0.62500000,8,0.00041831,0.00133405,1.00000000,0.00026144,Reduce turnover (limit competing usage),Other,-0.00004456,0.00033929,0.00003733,-0.00019680,-0.00097008,0.00133405,-0.00001685,-0.00040752
255,C00064[P],L-Glutamine [],C00064,,DECREASED,1.00000000,4,0.00008485,0.00039749,2.50000000,0.00021213,Reduce turnover (limit competing usage),Amino_Acids,-0.00014856,0.00000000,0.00000000,0.00000000,-0.00039749,0.00000000,-0.00008931,-0.00004345
256,"C00027[K,x]",C00027 [x],C00027,x,DECREASED,0.62500000,8,0.00026207,0.00181281,1.00000000,0.00016379,Reduce turnover (limit competing usage),Other,-0.00000172,0.00003496,0.00000356,-0.00001878,-0.00181281,0.00012696,-0.00000308,-0.00009470
257,"C01177[K,c]",C01177 [cyt],C01177,c,INCREASED,1.00000000,3,0.00016292,0.00059582,1.00000000,0.00016292,Enhance turnover (increase supply/demand),Other,0.00021675,0.00000000,0.00000000,0.00000000,0.00049077,0.00059582,0.00000000,0.00000000
258,"C00073[K,B]",L-Methionine [B],C00073,B,DECREASED,0.62500000,8,0.00004671,0.00014743,5.00000000,0.00014596,Reduce turnover (limit competing usage),Aspartate_Family,-0.00000406,0.00003996,0.00000405,-0.00002486,-0.00010705,0.00014743,-0.00000184,-0.00004439
259,"C00014[K,x]",C00014 [x],C00014,x,DECREASED,0.62500000,8,0.00022946,0.00136594,1.00000000,0.00014341,Reduce turnover (limit competing usage),Other,-0.00000852,0.00006484,0.00000712,-0.00003756,-0.00136594,0.00025392,-0.00000308,-0.00009470
260,C00137[P],C00137 [],C00137,,DECREASED,0.75000000,8,0.00017181,0.00059245,1.00000000,0.00012886,Reduce turnover (limit competing usage),Other,-0.00022142,0.00003556,0.00000391,-0.00002063,-0.00059245,-0.00045601,-0.00000177,-0.00004271
261,"C00036[K,x]",Oxaloacetate [x],C00036,x,INCREASED,1.00000000,4,0.00004167,0.00022343,3.00000000,0.00012502,Enhance turnover (increase supply/demand),TCA_Cycle,0.00000127,0.00000127,0.00010742,0.00000000,0.00022343,0.00000000,0.00000000,0.00000000
262,"C00149[K,x]",Malate [x],C00149,x,INCREASED,1.00000000,4,0.00004167,0.00022343,3.00000000,0.00012502,Enhance turnover (increase supply/demand),TCA_Cycle,0.00000127,0.00000127,0.00010742,0.00000000,0.00022343,0.00000000,0.00000000,0.00000000
263,C00002[P],ATP [],C00002,,INCREASED,0.66666667,3,0.00009284,0.00032096,2.00000000,0.00012379,Enhance turnover (increase supply/demand),Energy_Cofactors,0.00000000,0.00012257,0.00000000,0.00000000,-0.00032096,0.00029923,0.00000000,0.00000000
264,"C00097[K,p]",L-Cysteine [pla],C00097,p,INCREASED,0.57142857,7,0.00008589,0.00060680,2.50000000,0.00012269,Enhance turnover (increase supply/demand),Amino_Acids,-0.00000641,0.00004335,0.00000483,-0.00002551,0.00060680,0.00000012,-0.00000007,0.00000000
265,"C01172[K,p]",C01172 [pla],C01172,p,DECREASED,1.00000000,3,0.00011182,0.00056522,1.00000000,0.00011182,Reduce turnover (limit competing usage),Other,0.00000000,0.00000000,0.00000000,0.00000000,-0.00056522,-0.00025158,-0.00007776,0.00000000
266,"C00004[K,x]",NADH [x],C00004,x,INCREASED,1.00000000,4,0.00004167,0.00022343,2.00000000,0.00008335,Enhance turnover (increase supply/demand),Energy_Cofactors,0.00000127,0.00000127,0.00010742,0.00000000,0.00022343,0.00000000,0.00000000,0.00000000
267,"C00003[K,x]",NAD+ [x],C00003,x,INCREASED,1.00000000,4,0.00004167,0.00022343,2.00000000,0.00008335,Enhance turnover (increase supply/demand),Energy_Cofactors,0.00000127,0.00000127,0.00010742,0.00000000,0.00022343,0.00000000,0.00000000,0.00000000
268,"C00021[K,p]",C00021 [pla],C00021,p,DECREASED,0.85714286,7,0.00009586,0.00047843,1.00000000,0.00008217,Reduce turnover (limit competing usage),Other,-0.00000001,0.00000020,-0.00024351,-0.00000019,-0.00000016,-0.00047843,0.00000000,-0.00004439
269,"C02091[K,x]",C02091 [x],C02091,x,DECREASED,0.80000000,5,0.00009828,0.00056492,1.00000000,0.00007863,Reduce turnover (limit competing usage),Other,-0.00000213,0.00000000,-0.00010564,0.00011279,-0.00056492,0.00000000,-0.00000077,0.00000000
270,"C00190[K,c]",C00190 [cyt],C00190,c,INCREASED,0.62500000,8,0.00012356,0.00036782,1.00000000,0.00007723,Enhance turnover (increase supply/demand),Other,-0.00011305,0.00014012,0.00000390,0.00011355,0.00019456,0.00036782,-0.00000178,-0.00005374
271,Kbio[K],Kbio[K],Kbio[K],,DECREASED,0.62500000,8,0.00011870,0.00037852,1.00000000,0.00007418,Reduce turnover (limit competing usage),Other,-0.00001265,0.00009627,0.00001059,-0.00005584,-0.00027527,0.00037852,-0.00000480,-0.00011562
272,"C00617[K,c]",C00617 [cyt],C00617,c,DECREASED,0.66666667,6,0.00011030,0.00029622,1.00000000,0.00007353,Reduce turnover (limit competing usage),Other,0.00010837,-0.00010456,0.00000000,-0.00013419,-0.00029622,-0.00022800,0.00000000,0.00001102
273,"C00155[K,p]",C00155 [pla],C00155,p,DECREASED,0.75000000,8,0.00009602,0.00047901,1.00000000,0.00007201,Reduce turnover (limit competing usage),Other,0.00000012,0.00000041,-0.00024365,-0.00000019,-0.00000016,-0.00047901,-0.00000021,-0.00004439
274,"C00199[K,p]",C00199 [pla],C00199,p,DECREASED,1.00000000,1,0.00007065,0.00056522,1.00000000,0.00007065,Reduce turnover (limit competing usage),Other,0.00000000,0.00000000,0.00000000,0.00000000,-0.00056522,0.00000000,0.00000000,0.00000000
275,"C01236[K,p]",C01236 [pla],C01236,p,DECREASED,1.00000000,1,0.00007065,0.00056522,1.00000000,0.00007065,Reduce turnover (limit competing usage),Other,0.00000000,0.00000000,0.00000000,0.00000000,-0.00056522,0.00000000,0.00000000,0.00000000
276,"C00345[K,p]",C00345 [pla],C00345,p,DECREASED,1.00000000,1,0.00007065,0.00056522,1.00000000,0.00007065,Reduce turnover (limit competing usage),Other,0.00000000,0.00000000,0.00000000,0.00000000,-0.00056522,0.00000000,0.00000000,0.00000000
277,"C00117[K,p]",C00117 [pla],C00117,p,DECREASED,0.75000000,8,0.00008609,0.00037851,1.00000000,0.00006457,Reduce turnover (limit competing usage),Other,-0.00000233,0.00001770,0.00000194,-0.00001028,-0.00037851,-0.00018173,-0.00007255,-0.00002368
278,"C00620[K,p]",C00620 [pla],C00620,p,DECREASED,0.75000000,8,0.00008609,0.00037851,1.00000000,0.00006457,Reduce turnover (limit competing usage),Other,-0.00000233,0.00001770,0.00000194,-0.00001028,-0.00037851,-0.00018173,-0.00007255,-0.00002368
279,"C00212[K,c]",C00212 [cyt],C00212,c,DECREASED,0.57142857,7,0.00009610,0.00035411,1.00000000,0.00005491,Reduce turnover (limit competing usage),Other,-0.00000418,0.00003956,0.00023772,-0.00002468,-0.00010689,0.00035411,-0.00000163,0.00000000
280,"C00935[K,p]",C00935 [pla],C00935,p,DECREASED,0.60000000,5,0.00008180,0.00029622,1.00000000,0.00004908,Reduce turnover (limit competing usage),Other,0.00010837,-0.00010456,0.00000000,-0.00013419,-0.00029622,0.00000000,0.00000000,0.00001102
281,"C00617[K,p]",C00617 [pla],C00617,p,DECREASED,0.60000000,5,0.00008180,0.00029622,1.00000000,0.00004908,Reduce turnover (limit competing usage),Other,0.00010837,-0.00010456,0.00000000,-0.00013419,-0.00029622,0.00000000,0.00000000,0.00001102
282,"C00979[K,p]",C00979 [pla],C00979,p,INCREASED,0.57142857,7,0.00008588,0.00060680,1.00000000,0.00004907,Enhance turnover (increase supply/demand),Other,-0.00000641,0.00004335,0.00000483,-0.00002551,0.00060680,0.00000006,-0.00000007,0.00000000
283,"C00092[K,p]",C00092 [pla],C00092,p,DECREASED,1.00000000,3,0.00004839,0.00025158,1.00000000,0.00004839,Reduce turnover (limit competing usage),Other,0.00000000,0.00000000,0.00000000,0.00000000,-0.00005782,-0.00025158,-0.00007776,0.00000000
284,"C00033[K,p]",Acetate [pla],C00033,p,DECREASED,0.50000000,8,0.00009678,0.00059226,1.00000000,0.00004839,Reduce turnover (limit competing usage),Other,-0.00000795,0.00004963,0.00000559,-0.00002952,0.00059226,0.00003128,-0.00000033,-0.00005766
285,"C00251[K,p]",C00251 [pla],C00251,p,DECREASED,0.62500000,8,0.00007122,0.00047383,1.00000000,0.00004451,Reduce turnover (limit competing usage),Other,-0.00000087,0.00000660,0.00000072,-0.00000383,-0.00047383,0.00002595,-0.00000033,-0.00005766
286,"C00156[K,p]",C00156 [pla],C00156,p,DECREASED,0.62500000,8,0.00007122,0.00047383,1.00000000,0.00004451,Reduce turnover (limit competing usage),Other,-0.00000087,0.00000660,0.00000072,-0.00000383,-0.00047383,0.00002595,-0.00000033,-0.00005766
287,"C00086[K,x]",C00086 [x],C00086,x,DECREASED,0.62500000,8,0.00007106,0.00013157,1.00000000,0.00004441,Reduce turnover (limit competing usage),Other,-0.00000213,0.00003242,0.00010920,-0.00013157,-0.00011806,0.00012696,-0.00000077,-0.00004735
288,"C00385[K,x]",C00385 [x],C00385,x,DECREASED,0.75000000,4,0.00005917,0.00034149,1.00000000,0.00004438,Reduce turnover (limit competing usage),Other,0.00000000,0.00000000,0.00010742,0.00000000,-0.00034149,0.00000000,-0.00000077,-0.00002368
289,"C00343[K,p]",C00343 [pla],C00343,p,DECREASED,0.50000000,8,0.00008621,0.00060680,1.00000000,0.00004311,Reduce turnover (limit competing usage),Other,-0.00000641,0.00004335,0.00000483,-0.00002551,0.00060680,0.00000006,-0.00000007,-0.00000268
290,"C00342[K,p]",C00342 [pla],C00342,p,DECREASED,0.50000000,8,0.00008621,0.00060680,1.00000000,0.00004311,Reduce turnover (limit competing usage),Other,-0.00000641,0.00004335,0.00000483,-0.00002551,0.00060680,0.00000006,-0.00000007,-0.00000268
291,"C00030[K,c]",C00030 [cyt],C00030,c,DECREASED,0.50000000,8,0.00008420,0.00041957,1.00000000,0.00004210,Reduce turnover (limit competing usage),Other,-0.00000698,0.00004225,0.00000478,-0.00002524,-0.00041957,0.00017085,-0.00000213,0.00000183
292,"C00028[K,c]",C00028 [cyt],C00028,c,DECREASED,0.50000000,8,0.00008420,0.00041957,1.00000000,0.00004210,Reduce turnover (limit competing usage),Other,-0.00000698,0.00004225,0.00000478,-0.00002524,-0.00041957,0.00017085,-0.00000213,0.00000183
293,"C00033[K,c]",Acetate [cyt],C00033,c,DECREASED,0.50000000,8,0.00008420,0.00041957,1.00000000,0.00004210,Reduce turnover (limit competing usage),Other,-0.00000699,0.00004225,0.00000478,-0.00002523,-0.00041957,0.00017085,-0.00000213,0.00000182
294,"C00048[K,c]",Glyoxylate [cyt],C00048,c,DECREASED,0.62500000,8,0.00005737,0.00034149,1.00000000,0.00003585,Reduce turnover (limit competing usage),Other,-0.00000340,0.00001494,0.00000178,-0.00000939,-0.00034149,0.00006348,-0.00000077,-0.00002368
295,"C12248[K,x]",C12248 [x],C12248,x,DECREASED,0.62500000,8,0.00005737,0.00034149,1.00000000,0.00003585,Reduce turnover (limit competing usage),Other,-0.00000213,0.00001621,0.00000178,-0.00000939,-0.00034149,0.00006348,-0.00000077,-0.00002368
296,"C11821[K,x]",C11821 [x],C11821,x,DECREASED,0.62500000,8,0.00005737,0.00034149,1.00000000,0.00003585,Reduce turnover (limit competing usage),Other,-0.00000213,0.00001621,0.00000178,-0.00000939,-0.00034149,0.00006348,-0.00000077,-0.00002368
297,"C00294[K,p]",C00294 [pla],C00294,p,DECREASED,0.62500000,8,0.00005737,0.00034149,1.00000000,0.00003585,Reduce turnover (limit competing usage),Other,-0.00000213,0.00001621,0.00000178,-0.00000939,-0.00034149,0.00006348,-0.00000077,-0.00002368
298,"C00603[K,x]",C00603 [x],C00603,x,DECREASED,0.62500000,8,0.00005737,0.00034149,1.00000000,0.00003585,Reduce turnover (limit competing usage),Other,-0.00000213,0.00001621,0.00000178,-0.00000939,-0.00034149,0.00006348,-0.00000077,-0.00002368
299,"C00262[K,p]",C00262 [pla],C00262,p,DECREASED,0.62500000,8,0.00005737,0.00034149,1.00000000,0.00003585,Reduce turnover (limit competing usage),Other,-0.00000213,0.00001621,0.00000178,-0.00000939,-0.00034149,0.00006348,-0.00000077,-0.00002368
300,"C00209[K,c]",C00209 [cyt],C00209,c,DECREASED,0.62500000,8,0.00005737,0.00034149,1.00000000,0.00003585,Reduce turnover (limit competing usage),Other,-0.00000340,0.00001494,0.00000178,-0.00000939,-0.00034149,0.00006348,-0.00000077,-0.00002368
301,"C02350[K,x]",C02350 [x],C02350,x,DECREASED,0.62500000,8,0.00005737,0.00034149,1.00000000,0.00003585,Reduce turnover (limit competing usage),Other,-0.00000213,0.00001621,0.00000178,-0.00000939,-0.00034149,0.00006348,-0.00000077,-0.00002368
302,"C00499[K,x]",C00499 [x],C00499,x,DECREASED,0.62500000,8,0.00005737,0.00034149,1.00000000,0.00003585,Reduce turnover (limit competing usage),Other,-0.00000213,0.00001621,0.00000178,-0.00000939,-0.00034149,0.00006348,-0.00000077,-0.00002368
303,"C00385[K,c]",C00385 [cyt],C00385,c,DECREASED,0.62500000,8,0.00005737,0.00034149,1.00000000,0.00003585,Reduce turnover (limit competing usage),Other,-0.00000213,0.00001621,0.00000178,-0.00000939,-0.00034149,0.00006348,-0.00000077,-0.00002368
304,"C00385[K,p]",C00385 [pla],C00385,p,DECREASED,0.62500000,8,0.00005737,0.00034149,1.00000000,0.00003585,Reduce turnover (limit competing usage),Other,-0.00000213,0.00001621,0.00000178,-0.00000939,-0.00034149,0.00006348,-0.00000077,-0.00002368
305,"C00366[K,x]",C00366 [x],C00366,x,DECREASED,0.62500000,8,0.00005737,0.00034149,1.00000000,0.00003585,Reduce turnover (limit competing usage),Other,-0.00000213,0.00001621,0.00000178,-0.00000939,-0.00034149,0.00006348,-0.00000077,-0.00002368
306,"C00048[K,x]",Glyoxylate [x],C00048,x,DECREASED,0.62500000,8,0.00005737,0.00034149,1.00000000,0.00003585,Reduce turnover (limit competing usage),Other,-0.00000213,0.00001621,0.00000178,-0.00000939,-0.00034149,0.00006348,-0.00000077,-0.00002368
307,"C00117[K,c]",C00117 [cyt],C00117,c,DECREASED,0.71428571,7,0.00004459,0.00024521,1.00000000,0.00003185,Reduce turnover (limit competing usage),Other,-0.00000020,0.00000149,0.00000016,-0.00000089,-0.00003703,-0.00024521,-0.00007178,0.00000000
308,"C00620[K,c]",C00620 [cyt],C00620,c,DECREASED,0.71428571,7,0.00004459,0.00024521,1.00000000,0.00003185,Reduce turnover (limit competing usage),Other,-0.00000020,0.00000149,0.00000016,-0.00000089,-0.00003702,-0.00024521,-0.00007178,0.00000000
309,"C00119[K,c]",C00119 [cyt],C00119,c,DECREASED,0.71428571,7,0.00004459,0.00024521,1.00000000,0.00003185,Reduce turnover (limit competing usage),Other,-0.00000020,0.00000149,0.00000016,-0.00000089,-0.00003702,-0.00024521,-0.00007178,0.00000000
310,"C00147[K,c]",C00147 [cyt],C00147,c,DECREASED,0.71428571,7,0.00004459,0.00024521,1.00000000,0.00003185,Reduce turnover (limit competing usage),Other,-0.00000020,0.00000149,0.00000016,-0.00000089,-0.00003702,-0.00024521,-0.00007178,0.00000000
311,"C00493[K,c]",C00493 [cyt],C00493,c,INCREASED,0.57142857,7,0.00005216,0.00013332,1.00000000,0.00002980,Enhance turnover (increase supply/demand),Other,-0.00000445,0.00003390,0.00000372,-0.00001967,-0.00009695,0.00013332,0.00012524,0.00000000
312,"C03175[K,m]",C03175 [mit],C03175,m,INCREASED,0.57142857,7,0.00005216,0.00013332,1.00000000,0.00002980,Enhance turnover (increase supply/demand),Other,-0.00000445,0.00003390,0.00000372,-0.00001967,-0.00009695,0.00013332,0.00012524,0.00000000
313,"C00493[K,m]",C00493 [mit],C00493,m,INCREASED,0.57142857,7,0.00005216,0.00013332,1.00000000,0.00002980,Enhance turnover (increase supply/demand),Other,-0.00000445,0.00003390,0.00000372,-0.00001967,-0.00009695,0.00013332,0.00012524,0.00000000
314,"C00212[K,p]",C00212 [pla],C00212,p,DECREASED,0.62500000,8,0.00004713,0.00011996,1.00000000,0.00002946,Reduce turnover (limit competing usage),Other,-0.00000399,0.00003859,-0.00000595,-0.00002398,-0.00007003,0.00011996,0.00007015,-0.00004440
315,"C00155[K,c]",C00155 [cyt],C00155,c,DECREASED,0.62500000,8,0.00004671,0.00014743,1.00000000,0.00002919,Reduce turnover (limit competing usage),Other,-0.00000406,0.00003997,0.00000405,-0.00002487,-0.00010705,0.00014743,-0.00000184,-0.00004439
316,C03172[P],C03172 [],C03172,,DECREASED,0.62500000,8,0.00004671,0.00014743,1.00000000,0.00002919,Reduce turnover (limit competing usage),Other,-0.00000406,0.00003996,0.00000405,-0.00002486,-0.00010705,0.00014743,-0.00000184,-0.00004439
317,"C03172[K,c]",C03172 [cyt],C03172,c,DECREASED,0.62500000,8,0.00004671,0.00014743,1.00000000,0.00002919,Reduce turnover (limit competing usage),Other,-0.00000406,0.00003996,0.00000405,-0.00002486,-0.00010705,0.00014743,-0.00000184,-0.00004439
318,"C00019[K,c]",C00019 [cyt],C00019,c,DECREASED,0.62500000,8,0.00004660,0.00014708,1.00000000,0.00002912,Reduce turnover (limit competing usage),Other,-0.00000378,0.00004056,0.00000420,-0.00002510,-0.00010610,0.00014708,-0.00000163,-0.00004433
319,"C00021[K,c]",C00021 [cyt],C00021,c,DECREASED,0.62500000,8,0.00004656,0.00014779,1.00000000,0.00002910,Reduce turnover (limit competing usage),Other,-0.00000377,0.00004003,0.00000405,-0.00002492,-0.00010594,0.00014779,-0.00000163,-0.00004433
320,"C00231[K,p]",C00231 [pla],C00231,p,DECREASED,0.50000000,8,0.00005646,0.00032069,1.00000000,0.00002823,Reduce turnover (limit competing usage),Other,-0.00000233,0.00001770,0.00000194,-0.00001028,-0.00032069,0.00006985,0.00000521,-0.00002368
321,"C05382[K,p]",C05382 [pla],C05382,p,DECREASED,0.50000000,8,0.00005646,0.00032069,1.00000000,0.00002823,Reduce turnover (limit competing usage),Other,-0.00000233,0.00001770,0.00000194,-0.00001028,-0.00032069,0.00006985,0.00000521,-0.00002368
322,"C00167[K,c]",C00167 [cyt],C00167,c,DECREASED,0.62500000,8,0.00004384,0.00013982,1.00000000,0.00002740,Reduce turnover (limit competing usage),Other,-0.00000467,0.00003556,0.00000391,-0.00002063,-0.00010168,0.00013982,-0.00000177,-0.00004272
323,"C00137[K,c]",C00137 [cyt],C00137,c,DECREASED,0.62500000,8,0.00004384,0.00013981,1.00000000,0.00002740,Reduce turnover (limit competing usage),Other,-0.00000467,0.00003556,0.00000391,-0.00002063,-0.00010168,0.00013981,-0.00000177,-0.00004271
324,"C05385[K,c]",C05385 [cyt],C05385,c,DECREASED,0.62500000,8,0.00004384,0.00013981,1.00000000,0.00002740,Reduce turnover (limit competing usage),Other,-0.00000467,0.00003556,0.00000391,-0.00002063,-0.00010168,0.00013981,-0.00000177,-0.00004271
325,"C00191[K,c]",C00191 [cyt],C00191,c,DECREASED,0.62500000,8,0.00004384,0.00013981,1.00000000,0.00002740,Reduce turnover (limit competing usage),Other,-0.00000467,0.00003556,0.00000391,-0.00002063,-0.00010168,0.00013981,-0.00000177,-0.00004271
326,"C03287[K,p]",C03287 [pla],C03287,p,DECREASED,1.00000000,4,0.00002710,0.00011519,1.00000000,0.00002710,Reduce turnover (limit competing usage),Other,0.00000000,0.00000000,0.00000000,0.00000000,-0.00011519,-0.00008866,-0.00000034,-0.00001259
327,"C00493[K,p]",C00493 [pla],C00493,p,DECREASED,0.62500000,8,0.00004180,0.00013332,1.00000000,0.00002613,Reduce turnover (limit competing usage),Other,-0.00000445,0.00003390,0.00000372,-0.00001967,-0.00009695,0.00013332,-0.00000169,-0.00004073
328,"C00944[K,p]",C00944 [pla],C00944,p,DECREASED,0.62500000,8,0.00004180,0.00013332,1.00000000,0.00002613,Reduce turnover (limit competing usage),Other,-0.00000445,0.00003390,0.00000372,-0.00001967,-0.00009695,0.00013332,-0.00000169,-0.00004073
329,"C02637[K,p]",C02637 [pla],C02637,p,DECREASED,0.62500000,8,0.00004180,0.00013332,1.00000000,0.00002613,Reduce turnover (limit competing usage),Other,-0.00000445,0.00003390,0.00000372,-0.00001967,-0.00009695,0.00013332,-0.00000169,-0.00004073
330,"C04691[K,p]",C04691 [pla],C04691,p,DECREASED,0.62500000,8,0.00004180,0.00013332,1.00000000,0.00002613,Reduce turnover (limit competing usage),Other,-0.00000445,0.00003390,0.00000372,-0.00001967,-0.00009695,0.00013332,-0.00000169,-0.00004073
331,"C00251[K,c]",C00251 [cyt],C00251,c,DECREASED,0.50000000,8,0.00005225,0.00013332,1.00000000,0.00002613,Reduce turnover (limit competing usage),Other,-0.00004469,0.00002731,0.00000300,-0.00006565,-0.00009695,0.00013332,-0.00002607,0.00002102
332,"C01269[K,c]",C01269 [cyt],C01269,c,DECREASED,0.50000000,8,0.00005225,0.00013332,1.00000000,0.00002612,Reduce turnover (limit competing usage),Other,-0.00004468,0.00002731,0.00000300,-0.00006565,-0.00009695,0.00013332,-0.00002606,0.00002102
333,"C00275[K,c]",C00275 [cyt],C00275,c,DECREASED,0.62500000,8,0.00003832,0.00012220,1.00000000,0.00002395,Reduce turnover (limit competing usage),Other,-0.00000408,0.00003108,0.00000341,-0.00001802,-0.00008886,0.00012220,-0.00000155,-0.00003732
334,"C03287[K,c]",C03287 [cyt],C03287,c,DECREASED,0.75000000,4,0.00003025,0.00011519,1.00000000,0.00002269,Reduce turnover (limit competing usage),Other,0.00000000,0.00000000,0.00000000,0.00000000,-0.00011519,-0.00008866,0.00002554,-0.00001259
335,"C00811[K,c]",C00811 [cyt],C00811,c,DECREASED,0.62500000,8,0.00003367,0.00010737,1.00000000,0.00002104,Reduce turnover (limit competing usage),Other,-0.00000359,0.00002731,0.00000299,-0.00001584,-0.00007808,0.00010737,-0.00000136,-0.00003280
336,"C00077[K,p]",L-Ornithine [pla],C00077,p,INCREASED,0.71428571,7,0.00002852,0.00011585,1.00000000,0.00002037,Enhance turnover (increase supply/demand),Polyamines,-0.00000091,0.00000692,0.00000076,-0.00000401,0.00009542,0.00011585,0.00000000,0.00000429
337,"C00279[K,p]",C00279 [pla],C00279,p,DECREASED,0.50000000,8,0.00004067,0.00013970,1.00000000,0.00002034,Reduce turnover (limit competing usage),Other,-0.00000465,0.00003539,0.00000388,-0.00002056,-0.00007616,0.00013970,0.00000429,-0.00004073
338,"C00223[K,c]",C00223 [cyt],C00223,c,DECREASED,0.62500000,8,0.00003196,0.00010191,1.00000000,0.00001997,Reduce turnover (limit competing usage),Other,-0.00000341,0.00002592,0.00000284,-0.00001503,-0.00007410,0.00010191,-0.00000129,-0.00003112
339,"C03175[K,p]",C03175 [pla],C03175,p,INCREASED,0.66666667,6,0.00002960,0.00010255,1.00000000,0.00001973,Enhance turnover (increase supply/demand),Other,0.00004023,0.00000660,0.00000072,0.00004598,0.00000000,0.00000000,-0.00010255,-0.00004073
340,"C03175[K,c]",C03175 [cyt],C03175,c,DECREASED,0.50000000,8,0.00003934,0.00013332,1.00000000,0.00001967,Reduce turnover (limit competing usage),Other,-0.00000445,0.00003391,0.00000372,-0.00001967,-0.00009695,0.00013332,-0.00000169,0.00002102
341,"C12208[K,c]",C12208 [cyt],C12208,c,DECREASED,0.62500000,8,0.00003084,0.00009834,1.00000000,0.00001927,Reduce turnover (limit competing usage),Other,-0.00000329,0.00002501,0.00000275,-0.00001451,-0.00007151,0.00009834,-0.00000125,-0.00003003
342,"C00323[K,c]",C00323 [cyt],C00323,c,DECREASED,0.62500000,8,0.00003084,0.00009834,1.00000000,0.00001927,Reduce turnover (limit competing usage),Other,-0.00000329,0.00002501,0.00000275,-0.00001451,-0.00007151,0.00009834,-0.00000125,-0.00003003
343,"C00406[K,c]",C00406 [cyt],C00406,c,DECREASED,0.62500000,8,0.00003084,0.00009834,1.00000000,0.00001927,Reduce turnover (limit competing usage),Other,-0.00000329,0.00002501,0.00000275,-0.00001451,-0.00007151,0.00009834,-0.00000125,-0.00003003
344,"C00852[K,c]",C00852 [cyt],C00852,c,DECREASED,0.62500000,8,0.00003084,0.00009834,1.00000000,0.00001927,Reduce turnover (limit competing usage),Other,-0.00000329,0.00002501,0.00000275,-0.00001451,-0.00007151,0.00009834,-0.00000125,-0.00003003
345,"C00296[K,c]",C00296 [cyt],C00296,c,DECREASED,0.62500000,8,0.00003084,0.00009834,1.00000000,0.00001927,Reduce turnover (limit competing usage),Other,-0.00000329,0.00002501,0.00000275,-0.00001451,-0.00007151,0.00009834,-0.00000125,-0.00003003
346,"C02666[K,c]",C02666 [cyt],C02666,c,DECREASED,0.62500000,8,0.00003084,0.00009834,1.00000000,0.00001927,Reduce turnover (limit competing usage),Other,-0.00000329,0.00002501,0.00000275,-0.00001451,-0.00007150,0.00009834,-0.00000124,-0.00003004
347,"C01269[K,p]",C01269 [pla],C01269,p,INCREASED,0.83333333,6,0.00002246,0.00006175,1.00000000,0.00001871,Enhance turnover (increase supply/demand),Other,0.00004023,0.00000660,0.00000072,0.00004598,0.00000000,0.00000000,0.00002438,-0.00006175
348,"C01250[K,p]",C01250 [pla],C01250,p,INCREASED,0.66666667,6,0.00002798,0.00011585,1.00000000,0.00001865,Enhance turnover (increase supply/demand),Other,-0.00000154,0.00000628,0.00000076,-0.00000401,0.00009542,0.00011585,0.00000000,0.00000000
349,"C04133[K,p]",C04133 [pla],C04133,p,INCREASED,0.66666667,6,0.00002798,0.00011585,1.00000000,0.00001865,Enhance turnover (increase supply/demand),Other,-0.00000154,0.00000628,0.00000076,-0.00000401,0.00009542,0.00011585,0.00000000,0.00000000
350,"C00624[K,p]",C00624 [pla],C00624,p,INCREASED,0.66666667,6,0.00002798,0.00011585,1.00000000,0.00001865,Enhance turnover (increase supply/demand),Other,-0.00000154,0.00000628,0.00000076,-0.00000401,0.00009542,0.00011585,0.00000000,0.00000000
351,"C00437[K,p]",C00437 [pla],C00437,p,INCREASED,0.66666667,6,0.00002798,0.00011585,1.00000000,0.00001865,Enhance turnover (increase supply/demand),Other,-0.00000154,0.00000628,0.00000076,-0.00000401,0.00009542,0.00011585,0.00000000,0.00000000
352,"C00718[K,p]",C00718 [pla],C00718,p,DECREASED,0.62500000,8,0.00002789,0.00008893,1.00000000,0.00001743,Reduce turnover (limit competing usage),Other,-0.00000297,0.00002262,0.00000249,-0.00001312,-0.00006467,0.00008893,-0.00000113,-0.00002717
353,"C00049[K,B]",L-Aspartate [B],C00049,B,DECREASED,0.62500000,8,0.00000534,0.00001703,5.00000000,0.00001669,Reduce turnover (limit competing usage),Lysine_Biosynthesis; Aspartate_Family,-0.00000057,0.00000434,0.00000048,-0.00000251,-0.00001239,0.00001703,-0.00000021,-0.00000520
354,"C00156[K,c]",C00156 [cyt],C00156,c,DECREASED,0.50000000,8,0.00003168,0.00010737,1.00000000,0.00001584,Reduce turnover (limit competing usage),Other,-0.00000359,0.00002731,0.00000300,-0.00001584,-0.00007808,0.00010737,-0.00000136,0.00001693
355,"C00029[K,p]",C00029 [pla],C00029,p,DECREASED,0.62500000,8,0.00002471,0.00008038,1.00000000,0.00001544,Reduce turnover (limit competing usage),Other,-0.00000240,0.00001984,0.00000085,-0.00001136,-0.00005906,0.00008038,-0.00000035,-0.00002343
356,"C00590[K,c]",C00590 [cyt],C00590,c,DECREASED,0.62500000,8,0.00002430,0.00007750,1.00000000,0.00001519,Reduce turnover (limit competing usage),Other,-0.00000259,0.00001972,0.00000216,-0.00001144,-0.00005636,0.00007750,-0.00000098,-0.00002368
357,"C15805[K,c]",C15805 [cyt],C15805,c,DECREASED,0.62500000,8,0.00002430,0.00007750,1.00000000,0.00001519,Reduce turnover (limit competing usage),Other,-0.00000259,0.00001972,0.00000216,-0.00001144,-0.00005636,0.00007750,-0.00000098,-0.00002368
358,"C15805[K,B]",C15805 [B],C15805,B,DECREASED,0.62500000,8,0.00002430,0.00007750,1.00000000,0.00001519,Reduce turnover (limit competing usage),Other,-0.00000259,0.00001972,0.00000216,-0.00001144,-0.00005636,0.00007750,-0.00000098,-0.00002368
359,"C00366[K,c]",C00366 [cyt],C00366,c,DECREASED,0.60000000,5,0.00002461,0.00010564,1.00000000,0.00001476,Reduce turnover (limit competing usage),Other,-0.00000213,0.00001621,-0.00010564,-0.00000939,0.00000000,0.00006348,0.00000000,0.00000000
360,"C00052[K,p]",C00052 [pla],C00052,p,DECREASED,0.50000000,8,0.00002893,0.00009013,1.00000000,0.00001447,Reduce turnover (limit competing usage),Other,-0.00000856,0.00001197,0.00000747,-0.00001722,-0.00007245,0.00009013,0.00000314,-0.00002053
361,"C00181[K,c]",C00181 [cyt],C00181,c,DECREASED,0.62500000,8,0.00002192,0.00006991,1.00000000,0.00001370,Reduce turnover (limit competing usage),Other,-0.00000234,0.00001778,0.00000195,-0.00001032,-0.00005083,0.00006991,-0.00000089,-0.00002136
362,"C00259[K,c]",C00259 [cyt],C00259,c,DECREASED,0.62500000,8,0.00002192,0.00006991,1.00000000,0.00001370,Reduce turnover (limit competing usage),Other,-0.00000234,0.00001778,0.00000195,-0.00001032,-0.00005083,0.00006991,-0.00000089,-0.00002136
363,"C00935[K,c]",C00935 [cyt],C00935,c,DECREASED,0.62500000,8,0.00002192,0.00006991,1.00000000,0.00001370,Reduce turnover (limit competing usage),Other,-0.00000234,0.00001778,0.00000195,-0.00001032,-0.00005083,0.00006991,-0.00000089,-0.00002136
364,"C02352[K,c]",C02352 [cyt],C02352,c,DECREASED,0.62500000,8,0.00002192,0.00006991,1.00000000,0.00001370,Reduce turnover (limit competing usage),Other,-0.00000234,0.00001778,0.00000195,-0.00001032,-0.00005083,0.00006991,-0.00000089,-0.00002136
365,"C00259[K,B]",C00259 [B],C00259,B,DECREASED,0.62500000,8,0.00002192,0.00006991,1.00000000,0.00001370,Reduce turnover (limit competing usage),Other,-0.00000234,0.00001778,0.00000195,-0.00001032,-0.00005083,0.00006991,-0.00000089,-0.00002136
366,"C00181[K,B]",C00181 [B],C00181,B,DECREASED,0.62500000,8,0.00002192,0.00006991,1.00000000,0.00001370,Reduce turnover (limit competing usage),Other,-0.00000234,0.00001778,0.00000195,-0.00001032,-0.00005083,0.00006991,-0.00000089,-0.00002136
367,"C00148[K,p]",L-Proline [pla],C00148,p,DECREASED,0.62500000,8,0.00000853,0.00002719,2.50000000,0.00001332,Reduce turnover (limit competing usage),Amino_Acids,-0.00000091,0.00000692,0.00000076,-0.00000401,-0.00001977,0.00002719,-0.00000034,-0.00000830
368,"C00148[K,c]",L-Proline [cyt],C00148,c,DECREASED,0.62500000,8,0.00000853,0.00002719,2.50000000,0.00001332,Reduce turnover (limit competing usage),Amino_Acids,-0.00000091,0.00000692,0.00000076,-0.00000401,-0.00001977,0.00002719,-0.00000034,-0.00000830
369,"C00148[K,B]",L-Proline [B],C00148,B,DECREASED,0.62500000,8,0.00000852,0.00002719,2.50000000,0.00001332,Reduce turnover (limit competing usage),Amino_Acids,-0.00000091,0.00000692,0.00000076,-0.00000401,-0.00001977,0.00002719,-0.00000034,-0.00000830
370,"C00044[K,c]",GTP [cyt],C00044,c,INCREASED,0.66666667,6,0.00001998,0.00011205,1.00000000,0.00001332,Enhance turnover (increase supply/demand),Other,0.00000000,0.00011205,0.00000002,-0.00000009,-0.00004696,0.00000063,0.00000000,0.00000007
371,"C01019[K,B]",C01019 [B],C01019,B,DECREASED,0.62500000,8,0.00002005,0.00006394,1.00000000,0.00001253,Reduce turnover (limit competing usage),Other,-0.00000213,0.00001626,0.00000178,-0.00000943,-0.00004650,0.00006394,-0.00000081,-0.00001953
372,"C00507[K,B]",C00507 [B],C00507,B,DECREASED,0.62500000,8,0.00002005,0.00006394,1.00000000,0.00001253,Reduce turnover (limit competing usage),Other,-0.00000214,0.00001626,0.00000178,-0.00000943,-0.00004649,0.00006394,-0.00000081,-0.00001953
373,"C01019[K,c]",C01019 [cyt],C01019,c,DECREASED,0.62500000,8,0.00002005,0.00006394,1.00000000,0.00001253,Reduce turnover (limit competing usage),Other,-0.00000213,0.00001626,0.00000178,-0.00000943,-0.00004650,0.00006394,-0.00000081,-0.00001953
374,"C00861[K,c]",C00861 [cyt],C00861,c,DECREASED,0.62500000,8,0.00002005,0.00006394,1.00000000,0.00001253,Reduce turnover (limit competing usage),Other,-0.00000214,0.00001626,0.00000178,-0.00000943,-0.00004649,0.00006394,-0.00000081,-0.00001953
375,"C01131[K,c]",C01131 [cyt],C01131,c,DECREASED,0.62500000,8,0.00002005,0.00006394,1.00000000,0.00001253,Reduce turnover (limit competing usage),Other,-0.00000214,0.00001626,0.00000178,-0.00000943,-0.00004649,0.00006394,-0.00000081,-0.00001953
376,"C00424[K,c]",C00424 [cyt],C00424,c,DECREASED,0.62500000,8,0.00002005,0.00006394,1.00000000,0.00001253,Reduce turnover (limit competing usage),Other,-0.00000214,0.00001626,0.00000178,-0.00000943,-0.00004649,0.00006394,-0.00000081,-0.00001953
377,"C00507[K,c]",C00507 [cyt],C00507,c,DECREASED,0.62500000,8,0.00002005,0.00006394,1.00000000,0.00001253,Reduce turnover (limit competing usage),Other,-0.00000214,0.00001626,0.00000178,-0.00000943,-0.00004649,0.00006394,-0.00000081,-0.00001953
378,"C01222[K,c]",C01222 [cyt],C01222,c,DECREASED,0.62500000,8,0.00002005,0.00006394,1.00000000,0.00001253,Reduce turnover (limit competing usage),Other,-0.00000213,0.00001626,0.00000178,-0.00000943,-0.00004650,0.00006394,-0.00000081,-0.00001953
379,"C00325[K,c]",C00325 [cyt],C00325,c,DECREASED,0.62500000,8,0.00002005,0.00006394,1.00000000,0.00001253,Reduce turnover (limit competing usage),Other,-0.00000213,0.00001626,0.00000178,-0.00000943,-0.00004650,0.00006394,-0.00000081,-0.00001953
380,"C00546[K,c]",C00546 [cyt],C00546,c,DECREASED,0.62500000,8,0.00002005,0.00006394,1.00000000,0.00001253,Reduce turnover (limit competing usage),Other,-0.00000214,0.00001626,0.00000178,-0.00000943,-0.00004649,0.00006394,-0.00000081,-0.00001953
381,"C00636[K,c]",C00636 [cyt],C00636,c,DECREASED,0.62500000,8,0.00002003,0.00006394,1.00000000,0.00001252,Reduce turnover (limit competing usage),Other,-0.00000213,0.00001626,0.00000178,-0.00000943,-0.00004650,0.00006394,-0.00000081,-0.00001943
382,"C00096[K,c]",C00096 [cyt],C00096,c,DECREASED,0.62500000,8,0.00002003,0.00006394,1.00000000,0.00001252,Reduce turnover (limit competing usage),Other,-0.00000213,0.00001626,0.00000178,-0.00000943,-0.00004650,0.00006394,-0.00000081,-0.00001943
383,"C00035[K,c]",GDP [cyt],C00035,c,DECREASED,0.62500000,8,0.00001987,0.00006191,1.00000000,0.00001242,Reduce turnover (limit competing usage),Other,-0.00000224,0.00001735,0.00000075,-0.00000953,-0.00004695,0.00006191,-0.00000081,-0.00001943
384,"C00159[K,B]",C00159 [B],C00159,B,DECREASED,0.62500000,8,0.00001827,0.00005826,1.00000000,0.00001142,Reduce turnover (limit competing usage),Other,-0.00000195,0.00001482,0.00000163,-0.00000859,-0.00004236,0.00005826,-0.00000074,-0.00001779
385,"C00124[K,B]",C00124 [B],C00124,B,DECREASED,0.62500000,8,0.00001827,0.00005826,1.00000000,0.00001142,Reduce turnover (limit competing usage),Other,-0.00000195,0.00001482,0.00000163,-0.00000859,-0.00004236,0.00005826,-0.00000074,-0.00001779
386,"C01290[K,p]",C01290 [pla],C01290,p,DECREASED,0.62500000,8,0.00001827,0.00005826,1.00000000,0.00001142,Reduce turnover (limit competing usage),Other,-0.00000195,0.00001482,0.00000163,-0.00000859,-0.00004236,0.00005826,-0.00000074,-0.00001779
387,"C00644[K,c]",C00644 [cyt],C00644,c,DECREASED,0.62500000,8,0.00001827,0.00005826,1.00000000,0.00001142,Reduce turnover (limit competing usage),Other,-0.00000195,0.00001482,0.00000163,-0.00000859,-0.00004236,0.00005826,-0.00000074,-0.00001779
388,"C00124[K,c]",C00124 [cyt],C00124,c,DECREASED,0.62500000,8,0.00001827,0.00005826,1.00000000,0.00001142,Reduce turnover (limit competing usage),Other,-0.00000195,0.00001482,0.00000163,-0.00000859,-0.00004236,0.00005826,-0.00000074,-0.00001779
389,"C00392[K,c]",C00392 [cyt],C00392,c,DECREASED,0.62500000,8,0.00001827,0.00005826,1.00000000,0.00001142,Reduce turnover (limit competing usage),Other,-0.00000195,0.00001482,0.00000163,-0.00000859,-0.00004236,0.00005826,-0.00000074,-0.00001779
390,"C00124[K,p]",C00124 [pla],C00124,p,DECREASED,0.62500000,8,0.00001827,0.00005826,1.00000000,0.00001142,Reduce turnover (limit competing usage),Other,-0.00000195,0.00001482,0.00000163,-0.00000859,-0.00004236,0.00005826,-0.00000074,-0.00001779
391,"C00159[K,c]",C00159 [cyt],C00159,c,DECREASED,0.62500000,8,0.00001827,0.00005826,1.00000000,0.00001142,Reduce turnover (limit competing usage),Other,-0.00000195,0.00001482,0.00000163,-0.00000859,-0.00004236,0.00005826,-0.00000074,-0.00001779
392,"C01190[K,p]",C01190 [pla],C01190,p,DECREASED,0.62500000,8,0.00001827,0.00005826,1.00000000,0.00001142,Reduce turnover (limit competing usage),Other,-0.00000195,0.00001482,0.00000163,-0.00000859,-0.00004236,0.00005826,-0.00000074,-0.00001779
393,"C00041[K,B]",L-Alanine [B],C00041,B,DECREASED,0.62500000,8,0.00000666,0.00002124,2.50000000,0.00001041,Reduce turnover (limit competing usage),Amino_Acids,-0.00000071,0.00000540,0.00000060,-0.00000313,-0.00001545,0.00002124,-0.00000027,-0.00000649
394,"C00041[K,c]",L-Alanine [cyt],C00041,c,DECREASED,0.62500000,8,0.00000666,0.00002124,2.50000000,0.00001041,Reduce turnover (limit competing usage),Amino_Acids,-0.00000071,0.00000540,0.00000060,-0.00000313,-0.00001545,0.00002124,-0.00000027,-0.00000649
395,"C00811[K,p]",C00811 [pla],C00811,p,DECREASED,0.62500000,8,0.00001435,0.00005766,1.00000000,0.00000897,Reduce turnover (limit competing usage),Other,-0.00000087,0.00000660,0.00000072,-0.00000383,-0.00001887,0.00002595,-0.00000033,-0.00005766
396,"C00369[K,p]",C00369 [pla],C00369,p,DECREASED,0.62500000,8,0.00001394,0.00004446,1.00000000,0.00000871,Reduce turnover (limit competing usage),Other,-0.00000149,0.00001131,0.00000124,-0.00000656,-0.00003234,0.00004446,-0.00000057,-0.00001358
397,"C00369[K,c]",C00369 [cyt],C00369,c,DECREASED,0.62500000,8,0.00001394,0.00004446,1.00000000,0.00000871,Reduce turnover (limit competing usage),Other,-0.00000149,0.00001131,0.00000124,-0.00000656,-0.00003234,0.00004446,-0.00000057,-0.00001358
398,"C00369[K,B]",C00369 [B],C00369,B,DECREASED,0.62500000,8,0.00001394,0.00004446,1.00000000,0.00000871,Reduce turnover (limit competing usage),Other,-0.00000149,0.00001131,0.00000124,-0.00000656,-0.00003234,0.00004446,-0.00000057,-0.00001358
399,"MC00938[K,p]",MC00938 [pla],MC00938,p,DECREASED,0.50000000,8,0.00001713,0.00003686,1.00000000,0.00000856,Reduce turnover (limit competing usage),Other,-0.00001364,-0.00001305,0.00001432,-0.00001525,-0.00003444,0.00003686,0.00000800,0.00000144
400,"MC00995[K,p]",MC00995 [pla],MC00995,p,INCREASED,0.80000000,5,0.00000990,0.00002880,1.00000000,0.00000792,Enhance turnover (increase supply/demand),Other,0.00001338,0.00001471,0.00000000,0.00001423,0.00002880,0.00000000,-0.00000810,0.00000000
401,C00037[P],Glycine [],C00037,,DECREASED,1.00000000,1,0.00000314,0.00002516,2.50000000,0.00000786,Reduce turnover (limit competing usage),Amino_Acids,0.00000000,0.00000000,0.00000000,0.00000000,-0.00002516,0.00000000,0.00000000,0.00000000
402,"C00238[K,c]",C00238 [cyt],C00238,c,DECREASED,0.62500000,8,0.00001143,0.00003644,1.00000000,0.00000714,Reduce turnover (limit competing usage),Other,-0.00000122,0.00000927,0.00000102,-0.00000537,-0.00002650,0.00003644,-0.00000046,-0.00001113
403,"C00238[K,e]",C00238 [e],C00238,e,DECREASED,0.62500000,8,0.00001143,0.00003644,1.00000000,0.00000714,Reduce turnover (limit competing usage),Other,-0.00000122,0.00000927,0.00000102,-0.00000537,-0.00002650,0.00003644,-0.00000046,-0.00001113
404,"C00238[K,B]",C00238 [B],C00238,B,DECREASED,0.62500000,8,0.00001143,0.00003644,1.00000000,0.00000714,Reduce turnover (limit competing usage),Other,-0.00000122,0.00000927,0.00000102,-0.00000537,-0.00002650,0.00003644,-0.00000046,-0.00001113
405,"MC00939[K,p]",MC00939 [pla],MC00939,p,DECREASED,0.62500000,8,0.00000931,0.00002356,1.00000000,0.00000582,Reduce turnover (limit competing usage),Other,-0.00000655,-0.00000487,0.00000693,-0.00000775,-0.00001992,0.00002356,0.00000348,-0.00000140
406,"MC00929[K,p]",MC00929 [pla],MC00929,p,DECREASED,1.00000000,3,0.00000538,0.00002667,1.00000000,0.00000538,Reduce turnover (limit competing usage),Other,0.00000000,0.00000000,-0.00001372,0.00000000,0.00000000,-0.00002667,0.00000000,-0.00000262
407,"C01165[K,p]",C01165 [pla],C01165,p,DECREASED,0.62500000,8,0.00000853,0.00002719,1.00000000,0.00000533,Reduce turnover (limit competing usage),Other,-0.00000091,0.00000692,0.00000076,-0.00000401,-0.00001977,0.00002719,-0.00000034,-0.00000830
408,"C03912[K,p]",C03912 [pla],C03912,p,DECREASED,0.62500000,8,0.00000853,0.00002719,1.00000000,0.00000533,Reduce turnover (limit competing usage),Other,-0.00000091,0.00000692,0.00000076,-0.00000401,-0.00001977,0.00002719,-0.00000034,-0.00000830
409,"C01197[K,p]",C01197 [pla],C01197,p,DECREASED,0.62500000,8,0.00000814,0.00002595,1.00000000,0.00000509,Reduce turnover (limit competing usage),Other,-0.00000087,0.00000660,0.00000072,-0.00000383,-0.00001887,0.00002595,-0.00000033,-0.00000793
410,"C01494[K,c]",C01494 [cyt],C01494,c,DECREASED,0.62500000,8,0.00000814,0.00002595,1.00000000,0.00000509,Reduce turnover (limit competing usage),Other,-0.00000087,0.00000660,0.00000072,-0.00000383,-0.00001887,0.00002595,-0.00000033,-0.00000793
411,"C01197[K,c]",C01197 [cyt],C01197,c,DECREASED,0.62500000,8,0.00000814,0.00002595,1.00000000,0.00000509,Reduce turnover (limit competing usage),Other,-0.00000087,0.00000660,0.00000072,-0.00000383,-0.00001887,0.00002595,-0.00000033,-0.00000793
412,"C01494[K,B]",C01494 [B],C01494,B,DECREASED,0.62500000,8,0.00000814,0.00002595,1.00000000,0.00000509,Reduce turnover (limit competing usage),Other,-0.00000087,0.00000660,0.00000072,-0.00000383,-0.00001887,0.00002595,-0.00000033,-0.00000793
413,"C00305[K,e]",C00305 [e],C00305,e,DECREASED,0.62500000,8,0.00000814,0.00002594,1.00000000,0.00000508,Reduce turnover (limit competing usage),Other,-0.00000087,0.00000660,0.00000073,-0.00000383,-0.00001886,0.00002594,-0.00000033,-0.00000792
414,"C00305[K,c]",C00305 [cyt],C00305,c,DECREASED,0.62500000,8,0.00000814,0.00002594,1.00000000,0.00000508,Reduce turnover (limit competing usage),Other,-0.00000087,0.00000660,0.00000073,-0.00000383,-0.00001886,0.00002594,-0.00000033,-0.00000792
415,"C00305[K,B]",C00305 [B],C00305,B,DECREASED,0.62500000,8,0.00000813,0.00002594,1.00000000,0.00000508,Reduce turnover (limit competing usage),Other,-0.00000087,0.00000660,0.00000073,-0.00000383,-0.00001886,0.00002594,-0.00000033,-0.00000792
416,"MC00997[K,p]",MC00997 [pla],MC00997,p,DECREASED,0.60000000,5,0.00000827,0.00003663,1.00000000,0.00000496,Reduce turnover (limit competing usage),Other,-0.00001367,-0.00000040,0.00000000,-0.00001521,0.00000000,0.00003663,0.00000025,0.00000000
417,"MC00996[K,p]",MC00996 [pla],MC00996,p,DECREASED,0.50000000,4,0.00000874,0.00003457,1.00000000,0.00000437,Reduce turnover (limit competing usage),Other,0.00000000,-0.00001292,0.00001457,0.00000000,-0.00003457,0.00000000,0.00000786,0.00000000
418,"C15806[K,B]",C15806 [B],C15806,B,DECREASED,0.62500000,8,0.00000653,0.00002083,1.00000000,0.00000408,Reduce turnover (limit competing usage),Other,-0.00000070,0.00000529,0.00000058,-0.00000307,-0.00001514,0.00002083,-0.00000026,-0.00000637
419,"C12204[K,c]",C12204 [cyt],C12204,c,DECREASED,0.62500000,8,0.00000653,0.00002083,1.00000000,0.00000408,Reduce turnover (limit competing usage),Other,-0.00000070,0.00000529,0.00000058,-0.00000307,-0.00001514,0.00002083,-0.00000026,-0.00000637
420,"C02325[K,c]",C02325 [cyt],C02325,c,DECREASED,0.62500000,8,0.00000653,0.00002083,1.00000000,0.00000408,Reduce turnover (limit competing usage),Other,-0.00000070,0.00000529,0.00000058,-0.00000307,-0.00001514,0.00002083,-0.00000026,-0.00000637
421,"C05610[K,c]",C05610 [cyt],C05610,c,DECREASED,0.62500000,8,0.00000653,0.00002083,1.00000000,0.00000408,Reduce turnover (limit competing usage),Other,-0.00000070,0.00000529,0.00000058,-0.00000307,-0.00001514,0.00002083,-0.00000026,-0.00000637
422,"C15806[K,c]",C15806 [cyt],C15806,c,DECREASED,0.62500000,8,0.00000653,0.00002083,1.00000000,0.00000408,Reduce turnover (limit competing usage),Other,-0.00000070,0.00000529,0.00000058,-0.00000307,-0.00001514,0.00002083,-0.00000026,-0.00000637
423,"MC00930[K,p]",MC00930 [pla],MC00930,p,DECREASED,0.50000000,8,0.00000724,0.00001187,1.00000000,0.00000362,Reduce turnover (limit competing usage),Other,0.00000699,0.00000888,-0.00000692,0.00000740,0.00001187,-0.00000876,-0.00000443,-0.00000266
424,"C00740[K,c]",C00740 [cyt],C00740,c,DECREASED,0.62500000,8,0.00000549,0.00001750,1.00000000,0.00000343,Reduce turnover (limit competing usage),Other,-0.00000059,0.00000445,0.00000049,-0.00000258,-0.00001273,0.00001750,-0.00000022,-0.00000535
425,"C00740[K,p]",C00740 [pla],C00740,p,DECREASED,0.62500000,8,0.00000549,0.00001750,1.00000000,0.00000343,Reduce turnover (limit competing usage),Other,-0.00000059,0.00000445,0.00000049,-0.00000258,-0.00001273,0.00001750,-0.00000022,-0.00000535
426,"C00740[K,B]",C00740 [B],C00740,B,DECREASED,0.62500000,8,0.00000549,0.00001750,1.00000000,0.00000343,Reduce turnover (limit competing usage),Other,-0.00000059,0.00000445,0.00000049,-0.00000258,-0.00001273,0.00001750,-0.00000022,-0.00000535
427,"C02050[K,p]",C02050 [pla],C02050,p,DECREASED,0.50000000,8,0.00000651,0.00001939,1.00000000,0.00000326,Reduce turnover (limit competing usage),Other,-0.00000016,0.00000446,0.00000095,-0.00000221,-0.00001549,0.00001939,0.00000135,-0.00000807
428,"C00447[K,c]",C00447 [cyt],C00447,c,INCREASED,0.71428571,7,0.00000449,0.00002079,1.00000000,0.00000320,Enhance turnover (increase supply/demand),Other,-0.00000020,0.00000149,0.00000016,-0.00000089,0.00002079,0.00000637,0.00000598,0.00000000
429,"C05382[K,c]",C05382 [cyt],C05382,c,INCREASED,0.71428571,7,0.00000449,0.00002079,1.00000000,0.00000320,Enhance turnover (increase supply/demand),Other,-0.00000020,0.00000149,0.00000016,-0.00000089,0.00002079,0.00000637,0.00000598,0.00000000
430,"C00188[K,c]",L-Threonine [cyt],C00188,c,DECREASED,0.62500000,8,0.00000102,0.00000343,5.00000000,0.00000320,Reduce turnover (limit competing usage),Aspartate_Family,-0.00000010,0.00000079,0.00000008,-0.00000046,-0.00000224,0.00000343,-0.00000004,-0.00000105
431,"C00712[K,p]",C00712 [pla],C00712,p,DECREASED,0.50000000,8,0.00000633,0.00002077,1.00000000,0.00000317,Reduce turnover (limit competing usage),Other,-0.00000016,0.00000446,0.00000103,-0.00000222,-0.00001550,0.00002077,0.00000133,-0.00000519
432,"C00510[K,p]",C00510 [pla],C00510,p,DECREASED,0.50000000,8,0.00000633,0.00002077,1.00000000,0.00000316,Reduce turnover (limit competing usage),Other,-0.00000016,0.00000445,0.00000102,-0.00000221,-0.00001549,0.00002077,0.00000135,-0.00000519
433,"C00037[K,c]",Glycine [cyt],C00037,c,DECREASED,0.50000000,8,0.00000253,0.00000662,2.50000000,0.00000316,Reduce turnover (limit competing usage),Amino_Acids,-0.00000020,0.00000149,0.00000016,-0.00000089,-0.00000437,0.00000637,-0.00000015,0.00000662
434,"C00188[K,B]",L-Threonine [B],C00188,B,DECREASED,0.62500000,8,0.00000097,0.00000308,5.00000000,0.00000302,Reduce turnover (limit competing usage),Aspartate_Family,-0.00000010,0.00000079,0.00000008,-0.00000046,-0.00000224,0.00000308,-0.00000004,-0.00000094
435,C00152[P],L-Asparagine [],C00152,,DECREASED,0.62500000,8,0.00000188,0.00000600,2.50000000,0.00000294,Reduce turnover (limit competing usage),Aspartate_Family,-0.00000020,0.00000153,0.00000016,-0.00000088,-0.00000436,0.00000600,-0.00000008,-0.00000184
436,"C00152[K,c]",L-Asparagine [cyt],C00152,c,DECREASED,0.62500000,8,0.00000188,0.00000600,2.50000000,0.00000294,Reduce turnover (limit competing usage),Aspartate_Family,-0.00000020,0.00000153,0.00000016,-0.00000088,-0.00000436,0.00000600,-0.00000008,-0.00000184
437,"C00152[K,B]",L-Asparagine [B],C00152,B,DECREASED,0.62500000,8,0.00000188,0.00000600,2.50000000,0.00000294,Reduce turnover (limit competing usage),Aspartate_Family,-0.00000020,0.00000153,0.00000016,-0.00000088,-0.00000436,0.00000600,-0.00000008,-0.00000184
438,"C00231[K,c]",C00231 [cyt],C00231,c,INCREASED,0.62500000,8,0.00000459,0.00002079,1.00000000,0.00000287,Enhance turnover (increase supply/demand),Other,-0.00000020,0.00000149,0.00000016,-0.00000089,0.00002079,0.00000637,-0.00000015,0.00000663
439,"C00227[K,c]",C00227 [cyt],C00227,c,INCREASED,0.62500000,8,0.00000459,0.00002079,1.00000000,0.00000287,Enhance turnover (increase supply/demand),Other,-0.00000020,0.00000149,0.00000016,-0.00000089,0.00002079,0.00000637,-0.00000015,0.00000663
440,"C00279[K,c]",C00279 [cyt],C00279,c,INCREASED,0.62500000,8,0.00000459,0.00002079,1.00000000,0.00000287,Enhance turnover (increase supply/demand),Other,-0.00000020,0.00000149,0.00000016,-0.00000089,0.00002079,0.00000637,-0.00000015,0.00000663
441,"C00343[K,c]",C00343 [cyt],C00343,c,INCREASED,0.62500000,8,0.00000459,0.00002079,1.00000000,0.00000287,Enhance turnover (increase supply/demand),Other,-0.00000020,0.00000149,0.00000016,-0.00000089,0.00002079,0.00000637,-0.00000015,0.00000664
442,"C00342[K,c]",C00342 [cyt],C00342,c,INCREASED,0.62500000,8,0.00000459,0.00002079,1.00000000,0.00000287,Enhance turnover (increase supply/demand),Other,-0.00000020,0.00000149,0.00000016,-0.00000089,0.00002079,0.00000637,-0.00000015,0.00000664
443,"C00131[K,B]",C00131 [B],C00131,B,INCREASED,0.62500000,8,0.00000454,0.00002050,1.00000000,0.00000284,Enhance turnover (increase supply/demand),Other,-0.00000020,0.00000147,0.00000016,-0.00000088,0.00002050,0.00000629,-0.00000015,0.00000665
444,"C00037[K,m]",Glycine [mit],C00037,m,INCREASED,1.00000000,1,0.00000107,0.00000857,2.50000000,0.00000268,Enhance turnover (increase supply/demand),Amino_Acids,0.00000000,0.00000000,0.00000000,0.00000000,0.00000000,0.00000000,0.00000000,0.00000857
445,"MC00680[K,c]",MC00680 [cyt],MC00680,c,INCREASED,1.00000000,1,0.00000214,0.00001715,1.00000000,0.00000214,Enhance turnover (increase supply/demand),Other,0.00000000,0.00000000,0.00000000,0.00000000,0.00000000,0.00000000,0.00000000,0.00001715
446,"MC00682[K,c]",MC00682 [cyt],MC00682,c,INCREASED,1.00000000,1,0.00000214,0.00001715,1.00000000,0.00000214,Enhance turnover (increase supply/demand),Other,0.00000000,0.00000000,0.00000000,0.00000000,0.00000000,0.00000000,0.00000000,0.00001715
447,"MC00681[K,c]",MC00681 [cyt],MC00681,c,INCREASED,1.00000000,1,0.00000214,0.00001715,1.00000000,0.00000214,Enhance turnover (increase supply/demand),Other,0.00000000,0.00000000,0.00000000,0.00000000,0.00000000,0.00000000,0.00000000,0.00001715
448,"C00125[K,m]",C00125 [mit],C00125,m,INCREASED,1.00000000,1,0.00000214,0.00001714,1.00000000,0.00000214,Enhance turnover (increase supply/demand),Other,0.00000000,0.00000000,0.00000000,0.00000000,0.00000000,0.00000000,0.00000000,0.00001714
449,"C00126[K,m]",C00126 [mit],C00126,m,INCREASED,1.00000000,1,0.00000214,0.00001714,1.00000000,0.00000214,Enhance turnover (increase supply/demand),Other,0.00000000,0.00000000,0.00000000,0.00000000,0.00000000,0.00000000,0.00000000,0.00001714
450,"MC00973[K,p]",MC00973 [pla],MC00973,p,DECREASED,0.62500000,8,0.00000322,0.00001099,1.00000000,0.00000201,Reduce turnover (limit competing usage),Other,-0.00000006,0.00000206,0.00000037,-0.00000101,-0.00000711,0.00001099,-0.00000013,-0.00000402
451,"MC00991[K,p]",MC00991 [pla],MC00991,p,DECREASED,0.62500000,8,0.00000322,0.00001099,1.00000000,0.00000201,Reduce turnover (limit competing usage),Other,-0.00000006,0.00000206,0.00000037,-0.00000101,-0.00000711,0.00001099,-0.00000013,-0.00000399
452,"MC00980[K,p]",MC00980 [pla],MC00980,p,DECREASED,0.62500000,8,0.00000322,0.00001099,1.00000000,0.00000201,Reduce turnover (limit competing usage),Other,-0.00000006,0.00000206,0.00000037,-0.00000101,-0.00000711,0.00001099,-0.00000013,-0.00000399
453,"MC00928[K,p]",MC00928 [pla],MC00928,p,DECREASED,0.62500000,8,0.00000291,0.00001077,1.00000000,0.00000182,Reduce turnover (limit competing usage),Other,-0.00000006,0.00000206,0.00000037,-0.00000102,-0.00000622,0.00001077,-0.00000013,-0.00000260
454,"183DGDG[K,B]","183DGDG[K,B]","183DGDG[K,B]",B,DECREASED,0.62500000,8,0.00000289,0.00000921,1.00000000,0.00000180,Reduce turnover (limit competing usage),Other,-0.00000031,0.00000234,0.00000026,-0.00000135,-0.00000669,0.00000921,-0.00000011,-0.00000281
455,"C00956[K,c]",L-2-Aminoadipate [cyt],C00956,c,INCREASED,1.00000000,2,0.00000032,0.00000127,5.00000000,0.00000159,Enhance turnover (increase supply/demand),Lysine_Degradation,0.00000127,0.00000127,0.00000000,0.00000000,0.00000000,0.00000000,0.00000000,0.00000000
456,"C04076[K,c]",L-2-Aminoadipate-6-semialdehyde [cyt],C04076,c,INCREASED,1.00000000,2,0.00000032,0.00000127,5.00000000,0.00000159,Enhance turnover (increase supply/demand),Lysine_Degradation,0.00000127,0.00000127,0.00000000,0.00000000,0.00000000,0.00000000,0.00000000,0.00000000
457,"C00449[K,c]",L-Saccharopine [cyt],C00449,c,INCREASED,1.00000000,2,0.00000032,0.00000127,5.00000000,0.00000159,Enhance turnover (increase supply/demand),Lysine_Degradation,0.00000127,0.00000127,0.00000000,0.00000000,0.00000000,0.00000000,0.00000000,0.00000000
458,"183MGDG[K,B]","183MGDG[K,B]","183MGDG[K,B]",B,DECREASED,0.62500000,8,0.00000253,0.00000806,1.00000000,0.00000158,Reduce turnover (limit competing usage),Other,-0.00000027,0.00000206,0.00000022,-0.00000118,-0.00000587,0.00000806,-0.00000011,-0.00000247
459,"C00183[K,c]",L-Valine [cyt],C00183,c,DECREASED,0.50000000,8,0.00000122,0.00000296,2.50000000,0.00000153,Reduce turnover (limit competing usage),Amino_Acids,0.00000117,0.00000202,0.00000009,-0.00000043,-0.00000215,0.00000296,-0.00000004,-0.00000090
460,"C00183[K,p]",L-Valine [pla],C00183,p,DECREASED,0.50000000,8,0.00000122,0.00000296,2.50000000,0.00000153,Reduce turnover (limit competing usage),Amino_Acids,0.00000117,0.00000202,0.00000009,-0.00000043,-0.00000215,0.00000296,-0.00000004,-0.00000090
461,C01330[P],C01330 [],C01330,,DECREASED,0.62500000,8,0.00000237,0.00000756,1.00000000,0.00000148,Reduce turnover (limit competing usage),Other,-0.00000026,0.00000192,0.00000021,-0.00000111,-0.00000550,0.00000756,-0.00000009,-0.00000231
462,"C01330[K,c]",C01330 [cyt],C01330,c,DECREASED,0.62500000,8,0.00000237,0.00000756,1.00000000,0.00000148,Reduce turnover (limit competing usage),Other,-0.00000026,0.00000192,0.00000021,-0.00000111,-0.00000550,0.00000756,-0.00000009,-0.00000231
463,"C01330[K,B]",C01330 [B],C01330,B,DECREASED,0.62500000,8,0.00000237,0.00000756,1.00000000,0.00000148,Reduce turnover (limit competing usage),Other,-0.00000026,0.00000192,0.00000021,-0.00000111,-0.00000550,0.00000756,-0.00000009,-0.00000231
464,"C00183[K,B]",L-Valine [B],C00183,B,DECREASED,0.62500000,8,0.00000093,0.00000296,2.50000000,0.00000145,Reduce turnover (limit competing usage),Amino_Acids,-0.00000010,0.00000075,0.00000009,-0.00000043,-0.00000215,0.00000296,-0.00000004,-0.00000090
465,"C16162[K,p]",C16162 [pla],C16162,p,DECREASED,0.75000000,8,0.00000193,0.00000580,1.00000000,0.00000144,Reduce turnover (limit competing usage),Other,-0.00000019,0.00000139,-0.00000106,-0.00000095,-0.00000431,0.00000580,-0.00000017,-0.00000154
466,"MC00978[K,p]",MC00978 [pla],MC00978,p,DECREASED,0.75000000,8,0.00000193,0.00000580,1.00000000,0.00000144,Reduce turnover (limit competing usage),Other,-0.00000019,0.00000139,-0.00000106,-0.00000095,-0.00000431,0.00000580,-0.00000017,-0.00000154
467,"MC00989[K,p]",MC00989 [pla],MC00989,p,DECREASED,0.75000000,8,0.00000193,0.00000580,1.00000000,0.00000144,Reduce turnover (limit competing usage),Other,-0.00000019,0.00000139,-0.00000106,-0.00000095,-0.00000431,0.00000580,-0.00000017,-0.00000154
468,"C00037[K,B]",Glycine [B],C00037,B,DECREASED,0.62500000,8,0.00000092,0.00000293,2.50000000,0.00000144,Reduce turnover (limit competing usage),Amino_Acids,-0.00000010,0.00000074,0.00000008,-0.00000043,-0.00000213,0.00000293,-0.00000004,-0.00000090
469,"C11521[K,p]",C11521 [pla],C11521,p,DECREASED,0.50000000,8,0.00000229,0.00000683,1.00000000,0.00000114,Reduce turnover (limit competing usage),Other,-0.00000055,0.00000202,0.00000018,-0.00000100,-0.00000496,0.00000683,0.00000110,-0.00000165
470,"160SQDG[K,B]","160SQDG[K,B]","160SQDG[K,B]",B,DECREASED,0.50000000,8,0.00000228,0.00000683,1.00000000,0.00000114,Reduce turnover (limit competing usage),Other,-0.00000055,0.00000202,0.00000019,-0.00000100,-0.00000497,0.00000683,0.00000110,-0.00000160
471,"C00059[K,p]",C00059 [pla],C00059,p,DECREASED,0.50000000,8,0.00000228,0.00000700,1.00000000,0.00000114,Reduce turnover (limit competing usage),Other,-0.00000050,0.00000199,0.00000014,-0.00000101,-0.00000496,0.00000700,0.00000103,-0.00000160
472,"C00224[K,p]",C00224 [pla],C00224,p,DECREASED,0.50000000,8,0.00000228,0.00000700,1.00000000,0.00000114,Reduce turnover (limit competing usage),Other,-0.00000050,0.00000199,0.00000014,-0.00000101,-0.00000496,0.00000700,0.00000103,-0.00000160
473,"C00059[K,c]",C00059 [cyt],C00059,c,DECREASED,0.50000000,8,0.00000227,0.00000694,1.00000000,0.00000114,Reduce turnover (limit competing usage),Other,-0.00000050,0.00000199,0.00000014,-0.00000101,-0.00000496,0.00000694,0.00000103,-0.00000160
474,"C00059[K,e]",C00059 [e],C00059,e,DECREASED,0.50000000,8,0.00000227,0.00000694,1.00000000,0.00000114,Reduce turnover (limit competing usage),Other,-0.00000050,0.00000199,0.00000014,-0.00000101,-0.00000496,0.00000694,0.00000103,-0.00000160
475,"MC00945[K,c]",MC00945 [cyt],MC00945,c,DECREASED,0.62500000,8,0.00000172,0.00000548,1.00000000,0.00000108,Reduce turnover (limit competing usage),Other,-0.00000019,0.00000139,0.00000016,-0.00000081,-0.00000399,0.00000548,-0.00000007,-0.00000168
476,"183SQDG[K,B]","183SQDG[K,B]","183SQDG[K,B]",B,DECREASED,0.62500000,8,0.00000172,0.00000548,1.00000000,0.00000107,Reduce turnover (limit competing usage),Other,-0.00000019,0.00000139,0.00000016,-0.00000081,-0.00000399,0.00000548,-0.00000007,-0.00000168
477,"C00091[K,c]",C00091 [cyt],C00091,c,DECREASED,0.50000000,2,0.00000215,0.00001715,1.00000000,0.00000107,Reduce turnover (limit competing usage),Other,0.00000000,-0.00000004,0.00000000,0.00000000,0.00000000,0.00000000,0.00000000,0.00001715
478,"MC00945[K,p]",MC00945 [pla],MC00945,p,DECREASED,0.62500000,8,0.00000172,0.00000548,1.00000000,0.00000107,Reduce turnover (limit competing usage),Other,-0.00000019,0.00000139,0.00000016,-0.00000081,-0.00000399,0.00000548,-0.00000017,-0.00000154
479,"C00811[K,B]",C00811 [B],C00811,B,DECREASED,0.62500000,8,0.00000171,0.00000547,1.00000000,0.00000107,Reduce turnover (limit competing usage),Other,-0.00000018,0.00000139,0.00000015,-0.00000081,-0.00000398,0.00000547,-0.00000007,-0.00000167
480,"C00033[K,m]",Acetate [mit],C00033,m,INCREASED,1.00000000,1,0.00000107,0.00000857,1.00000000,0.00000107,Enhance turnover (increase supply/demand),Other,0.00000000,0.00000000,0.00000000,0.00000000,0.00000000,0.00000000,0.00000000,0.00000857
481,"C00209[K,m]",C00209 [mit],C00209,m,INCREASED,1.00000000,1,0.00000107,0.00000857,1.00000000,0.00000107,Enhance turnover (increase supply/demand),Other,0.00000000,0.00000000,0.00000000,0.00000000,0.00000000,0.00000000,0.00000000,0.00000857
482,"C00027[K,m]",C00027 [mit],C00027,m,INCREASED,1.00000000,1,0.00000107,0.00000857,1.00000000,0.00000107,Enhance turnover (increase supply/demand),Other,0.00000000,0.00000000,0.00000000,0.00000000,0.00000000,0.00000000,0.00000000,0.00000857
483,"C01183[K,m]",C01183 [mit],C01183,m,INCREASED,1.00000000,1,0.00000107,0.00000857,1.00000000,0.00000107,Enhance turnover (increase supply/demand),Other,0.00000000,0.00000000,0.00000000,0.00000000,0.00000000,0.00000000,0.00000000,0.00000857
484,"C00048[K,m]",Glyoxylate [mit],C00048,m,INCREASED,1.00000000,1,0.00000107,0.00000857,1.00000000,0.00000107,Enhance turnover (increase supply/demand),Other,0.00000000,0.00000000,0.00000000,0.00000000,0.00000000,0.00000000,0.00000000,0.00000857
485,"C02846[K,m]",C02846 [mit],C02846,m,INCREASED,1.00000000,1,0.00000107,0.00000857,1.00000000,0.00000107,Enhance turnover (increase supply/demand),Other,0.00000000,0.00000000,0.00000000,0.00000000,0.00000000,0.00000000,0.00000000,0.00000857
486,"C01183[K,c]",C01183 [cyt],C01183,c,INCREASED,1.00000000,1,0.00000107,0.00000857,1.00000000,0.00000107,Enhance turnover (increase supply/demand),Other,0.00000000,0.00000000,0.00000000,0.00000000,0.00000000,0.00000000,0.00000000,0.00000857
487,"C00014[K,m]",C00014 [mit],C00014,m,INCREASED,1.00000000,1,0.00000107,0.00000857,1.00000000,0.00000107,Enhance turnover (increase supply/demand),Other,0.00000000,0.00000000,0.00000000,0.00000000,0.00000000,0.00000000,0.00000000,0.00000857
488,"C02846[K,p]",C02846 [pla],C02846,p,INCREASED,1.00000000,1,0.00000107,0.00000857,1.00000000,0.00000107,Enhance turnover (increase supply/demand),Other,0.00000000,0.00000000,0.00000000,0.00000000,0.00000000,0.00000000,0.00000000,0.00000857
489,"C01183[K,p]",C01183 [pla],C01183,p,INCREASED,1.00000000,1,0.00000107,0.00000857,1.00000000,0.00000107,Enhance turnover (increase supply/demand),Other,0.00000000,0.00000000,0.00000000,0.00000000,0.00000000,0.00000000,0.00000000,0.00000857
490,"C02846[K,c]",C02846 [cyt],C02846,c,INCREASED,1.00000000,1,0.00000107,0.00000857,1.00000000,0.00000107,Enhance turnover (increase supply/demand),Other,0.00000000,0.00000000,0.00000000,0.00000000,0.00000000,0.00000000,0.00000000,0.00000857
491,"MC00939[K,c]",MC00939 [cyt],MC00939,c,DECREASED,0.62500000,8,0.00000171,0.00000654,1.00000000,0.00000107,Reduce turnover (limit competing usage),Other,-0.00000016,0.00000137,0.00000013,-0.00000091,-0.00000300,0.00000654,-0.00000018,-0.00000140
492,"C00026[K,x]",2-Oxoglutarate [x],C00026,x,INCREASED,1.00000000,2,0.00000032,0.00000127,3.00000000,0.00000095,Enhance turnover (increase supply/demand),TCA_Cycle,0.00000127,0.00000127,0.00000000,0.00000000,0.00000000,0.00000000,0.00000000,0.00000000
493,"MC00930[K,c]",MC00930 [cyt],MC00930,c,DECREASED,0.62500000,8,0.00000138,0.00000431,1.00000000,0.00000086,Reduce turnover (limit competing usage),Other,-0.00000014,0.00000123,0.00000072,-0.00000052,-0.00000278,0.00000431,-0.00000005,-0.00000126
494,"C00183[K,m]",L-Valine [mit],C00183,m,INCREASED,1.00000000,2,0.00000032,0.00000127,2.50000000,0.00000079,Enhance turnover (increase supply/demand),Amino_Acids,0.00000127,0.00000127,0.00000000,0.00000000,0.00000000,0.00000000,0.00000000,0.00000000
495,C00075[P],C00075 [],C00075,,DECREASED,1.00000000,4,0.00000078,0.00000210,1.00000000,0.00000078,Reduce turnover (limit competing usage),Other,0.00000000,-0.00000101,0.00000000,-0.00000210,-0.00000179,-0.00000138,0.00000000,0.00000000
496,"C02646[K,c]",C02646 [cyt],C02646,c,DECREASED,0.62500000,8,0.00000112,0.00000357,1.00000000,0.00000070,Reduce turnover (limit competing usage),Other,-0.00000012,0.00000091,0.00000010,-0.00000053,-0.00000259,0.00000357,-0.00000005,-0.00000109
497,"C15804[K,c]",C15804 [cyt],C15804,c,DECREASED,0.62500000,8,0.00000112,0.00000357,1.00000000,0.00000070,Reduce turnover (limit competing usage),Other,-0.00000012,0.00000091,0.00000010,-0.00000053,-0.00000259,0.00000357,-0.00000005,-0.00000109
498,"C05608[K,c]",C05608 [cyt],C05608,c,DECREASED,0.62500000,8,0.00000112,0.00000357,1.00000000,0.00000070,Reduce turnover (limit competing usage),Other,-0.00000012,0.00000091,0.00000010,-0.00000053,-0.00000259,0.00000357,-0.00000005,-0.00000109
499,"C15804[K,B]",C15804 [B],C15804,B,DECREASED,0.62500000,8,0.00000112,0.00000357,1.00000000,0.00000070,Reduce turnover (limit competing usage),Other,-0.00000012,0.00000091,0.00000010,-0.00000053,-0.00000259,0.00000357,-0.00000005,-0.00000109
500,"C00077[K,c]",L-Ornithine [cyt],C00077,c,INCREASED,1.00000000,3,0.00000069,0.00000429,1.00000000,0.00000069,Enhance turnover (increase supply/demand),Polyamines,0.00000063,0.00000063,0.00000000,0.00000000,0.00000000,0.00000000,0.00000000,0.00000429
501,"C00077[K,m]",L-Ornithine [mit],C00077,m,INCREASED,1.00000000,3,0.00000069,0.00000429,1.00000000,0.00000069,Enhance turnover (increase supply/demand),Polyamines,0.00000063,0.00000063,0.00000000,0.00000000,0.00000000,0.00000000,0.00000000,0.00000429
502,"MC00988[K,p]",MC00988 [pla],MC00988,p,DECREASED,0.62500000,8,0.00000093,0.00000272,1.00000000,0.00000058,Reduce turnover (limit competing usage),Other,-0.00000004,0.00000029,0.00000020,-0.00000017,-0.00000266,-0.00000272,0.00000134,-0.00000005
503,"MC00936[K,p]",MC00936 [pla],MC00936,p,DECREASED,1.00000000,2,0.00000057,0.00000387,1.00000000,0.00000057,Reduce turnover (limit competing usage),Other,0.00000000,0.00000000,0.00000000,0.00000000,-0.00000069,-0.00000387,0.00000000,0.00000000
504,"MC00936[K,c]",MC00936 [cyt],MC00936,c,DECREASED,1.00000000,2,0.00000057,0.00000387,1.00000000,0.00000057,Reduce turnover (limit competing usage),Other,0.00000000,0.00000000,0.00000000,0.00000000,-0.00000069,-0.00000387,0.00000000,0.00000000
505,"MC00956[K,c]",MC00956 [cyt],MC00956,c,INCREASED,1.00000000,4,0.00000055,0.00000163,1.00000000,0.00000055,Enhance turnover (increase supply/demand),Other,0.00000073,0.00000081,0.00000000,0.00000000,0.00000163,0.00000120,0.00000000,0.00000000
506,C00144[P],C00144 [],C00144,,DECREASED,0.66666667,6,0.00000082,0.00000219,1.00000000,0.00000055,Reduce turnover (limit competing usage),Other,-0.00000011,0.00000109,-0.00000103,-0.00000010,0.00000219,-0.00000203,0.00000000,0.00000000
507,"MC00977[K,p]",MC00977 [pla],MC00977,p,DECREASED,0.57142857,7,0.00000093,0.00000271,1.00000000,0.00000053,Reduce turnover (limit competing usage),Other,-0.00000003,0.00000030,0.00000020,-0.00000017,-0.00000266,-0.00000271,0.00000135,0.00000000
508,"C00082[K,c]",L-Tyrosine [cyt],C00082,c,DECREASED,0.62500000,8,0.00000031,0.00000104,2.50000000,0.00000049,Reduce turnover (limit competing usage),Amino_Acids,0.00000025,-0.00000005,0.00000004,-0.00000016,-0.00000076,0.00000104,-0.00000017,-0.00000005
509,C00082[P],L-Tyrosine [],C00082,,DECREASED,0.62500000,8,0.00000031,0.00000104,2.50000000,0.00000049,Reduce turnover (limit competing usage),Amino_Acids,0.00000025,-0.00000005,0.00000003,-0.00000016,-0.00000076,0.00000104,-0.00000017,-0.00000005
510,"C00144[K,c]",C00144 [cyt],C00144,c,DECREASED,0.57142857,7,0.00000083,0.00000219,1.00000000,0.00000047,Reduce turnover (limit competing usage),Other,-0.00000011,0.00000109,-0.00000103,-0.00000010,0.00000219,-0.00000203,0.00000000,0.00000010
511,C00044[P],GTP [],C00044,,INCREASED,0.75000000,4,0.00000059,0.00000266,1.00000000,0.00000045,Enhance turnover (increase supply/demand),Other,0.00000011,-0.00000093,0.00000105,0.00000000,0.00000000,0.00000266,0.00000000,0.00000000
512,"MC00935[K,p]",MC00935 [pla],MC00935,p,DECREASED,0.57142857,7,0.00000078,0.00000376,1.00000000,0.00000044,Reduce turnover (limit competing usage),Other,-0.00000001,0.00000002,0.00000000,0.00000019,-0.00000182,-0.00000376,0.00000036,-0.00000005
513,"MC00924[K,p]",MC00924 [pla],MC00924,p,DECREASED,0.57142857,7,0.00000078,0.00000376,1.00000000,0.00000044,Reduce turnover (limit competing usage),Other,-0.00000001,0.00000002,0.00000000,0.00000019,-0.00000182,-0.00000376,0.00000036,-0.00000005
514,"C00073[K,p]",L-Methionine [pla],C00073,p,DECREASED,0.66666667,6,0.00000013,0.00000035,5.00000000,0.00000042,Reduce turnover (limit competing usage),Aspartate_Family,0.00000013,-0.00000012,-0.00000014,0.00000000,0.00000000,0.00000035,-0.00000021,-0.00000007
515,"C00082[K,B]",L-Tyrosine [B],C00082,B,DECREASED,0.62500000,8,0.00000027,0.00000086,2.50000000,0.00000042,Reduce turnover (limit competing usage),Amino_Acids,-0.00000003,0.00000022,0.00000003,-0.00000013,-0.00000063,0.00000086,-0.00000001,-0.00000026
516,C00055[P],C00055 [],C00055,,DECREASED,1.00000000,2,0.00000041,0.00000182,1.00000000,0.00000041,Reduce turnover (limit competing usage),Other,-0.00000150,0.00000000,-0.00000182,0.00000000,0.00000000,0.00000000,0.00000000,0.00000000
517,"C01210[K,c]",C01210 [cyt],C01210,c,INCREASED,0.75000000,4,0.00000052,0.00000237,1.00000000,0.00000039,Enhance turnover (increase supply/demand),Other,-0.00000066,0.00000000,0.00000070,0.00000000,0.00000046,0.00000237,0.00000000,0.00000000
518,"C13482[K,c]",C13482 [cyt],C13482,c,INCREASED,0.75000000,4,0.00000052,0.00000237,1.00000000,0.00000039,Enhance turnover (increase supply/demand),Other,-0.00000066,0.00000000,0.00000070,0.00000000,0.00000046,0.00000237,0.00000000,0.00000000
519,"C00079[K,B]",L-Phenylalanine [B],C00079,B,DECREASED,0.62500000,8,0.00000023,0.00000075,2.50000000,0.00000037,Reduce turnover (limit competing usage),Amino_Acids,-0.00000003,0.00000019,0.00000002,-0.00000011,-0.00000054,0.00000075,-0.00000001,-0.00000023
520,"C00999[K,p]",C00999 [pla],C00999,p,INCREASED,1.00000000,1,0.00000034,0.00000276,1.00000000,0.00000034,Enhance turnover (increase supply/demand),Other,0.00000000,0.00000000,0.00000000,0.00000000,0.00000000,0.00000276,0.00000000,0.00000000
521,"C00996[K,p]",C00996 [pla],C00996,p,INCREASED,1.00000000,1,0.00000034,0.00000276,1.00000000,0.00000034,Enhance turnover (increase supply/demand),Other,0.00000000,0.00000000,0.00000000,0.00000000,0.00000000,0.00000276,0.00000000,0.00000000
522,"C00054[K,p]",C00054 [pla],C00054,p,DECREASED,1.00000000,1,0.00000034,0.00000268,1.00000000,0.00000034,Reduce turnover (limit competing usage),Other,0.00000000,0.00000000,0.00000000,0.00000000,0.00000000,0.00000000,0.00000000,-0.00000268
523,"C00053[K,p]",C00053 [pla],C00053,p,DECREASED,1.00000000,1,0.00000034,0.00000268,1.00000000,0.00000034,Reduce turnover (limit competing usage),Other,0.00000000,0.00000000,0.00000000,0.00000000,0.00000000,0.00000000,0.00000000,-0.00000268
524,C00035[P],GDP [],C00035,,DECREASED,1.00000000,1,0.00000033,0.00000264,1.00000000,0.00000033,Reduce turnover (limit competing usage),Other,0.00000000,0.00000000,0.00000000,0.00000000,-0.00000264,0.00000000,0.00000000,0.00000000
525,"C00129[K,p]",C00129 [pla],C00129,p,INCREASED,1.00000000,2,0.00000032,0.00000128,1.00000000,0.00000032,Enhance turnover (increase supply/demand),Other,0.00000128,0.00000128,0.00000000,0.00000000,0.00000000,0.00000000,0.00000000,0.00000000
526,"C00010[K,x]",CoA [x],C00010,x,INCREASED,1.00000000,2,0.00000032,0.00000127,1.00000000,0.00000032,Enhance turnover (increase supply/demand),Other,0.00000127,0.00000127,0.00000000,0.00000000,0.00000000,0.00000000,0.00000000,0.00000000
527,"C01107[K,c]",C01107 [cyt],C01107,c,INCREASED,1.00000000,2,0.00000032,0.00000127,1.00000000,0.00000032,Enhance turnover (increase supply/demand),Other,0.00000127,0.00000127,0.00000000,0.00000000,0.00000000,0.00000000,0.00000000,0.00000000
528,"C04253[K,x]",C04253 [x],C04253,x,INCREASED,1.00000000,2,0.00000032,0.00000127,1.00000000,0.00000032,Enhance turnover (increase supply/demand),Other,0.00000127,0.00000127,0.00000000,0.00000000,0.00000000,0.00000000,0.00000000,0.00000000
529,"C04570[K,x]",C04570 [x],C04570,x,INCREASED,1.00000000,2,0.00000032,0.00000127,1.00000000,0.00000032,Enhance turnover (increase supply/demand),Other,0.00000127,0.00000127,0.00000000,0.00000000,0.00000000,0.00000000,0.00000000,0.00000000
530,"C00877[K,x]",C00877 [x],C00877,x,INCREASED,1.00000000,2,0.00000032,0.00000127,1.00000000,0.00000032,Enhance turnover (increase supply/demand),Other,0.00000127,0.00000127,0.00000000,0.00000000,0.00000000,0.00000000,0.00000000,0.00000000
531,"C00450[K,c]",C00450 [cyt],C00450,c,INCREASED,1.00000000,2,0.00000032,0.00000127,1.00000000,0.00000032,Enhance turnover (increase supply/demand),Other,0.00000127,0.00000127,0.00000000,0.00000000,0.00000000,0.00000000,0.00000000,0.00000000
532,"C00630[K,m]",C00630 [mit],C00630,m,INCREASED,1.00000000,2,0.00000032,0.00000127,1.00000000,0.00000032,Enhance turnover (increase supply/demand),Other,0.00000127,0.00000127,0.00000000,0.00000000,0.00000000,0.00000000,0.00000000,0.00000000
533,"C00894[K,c]",C00894 [cyt],C00894,c,INCREASED,1.00000000,2,0.00000032,0.00000127,1.00000000,0.00000032,Enhance turnover (increase supply/demand),Other,0.00000127,0.00000127,0.00000000,0.00000000,0.00000000,0.00000000,0.00000000,0.00000000
534,"C00527[K,m]",C00527 [mit],C00527,m,INCREASED,1.00000000,2,0.00000032,0.00000127,1.00000000,0.00000032,Enhance turnover (increase supply/demand),Other,0.00000127,0.00000127,0.00000000,0.00000000,0.00000000,0.00000000,0.00000000,0.00000000
535,"C00894[K,x]",C00894 [x],C00894,x,INCREASED,1.00000000,2,0.00000032,0.00000127,1.00000000,0.00000032,Enhance turnover (increase supply/demand),Other,0.00000127,0.00000127,0.00000000,0.00000000,0.00000000,0.00000000,0.00000000,0.00000000
536,"C00527[K,x]",C00527 [x],C00527,x,INCREASED,1.00000000,2,0.00000032,0.00000127,1.00000000,0.00000032,Enhance turnover (increase supply/demand),Other,0.00000127,0.00000127,0.00000000,0.00000000,0.00000000,0.00000000,0.00000000,0.00000000
537,"C00527[K,c]",C00527 [cyt],C00527,c,INCREASED,1.00000000,2,0.00000032,0.00000127,1.00000000,0.00000032,Enhance turnover (increase supply/demand),Other,0.00000127,0.00000127,0.00000000,0.00000000,0.00000000,0.00000000,0.00000000,0.00000000
538,"C03460[K,m]",C03460 [mit],C03460,m,INCREASED,1.00000000,2,0.00000032,0.00000127,1.00000000,0.00000032,Enhance turnover (increase supply/demand),Other,0.00000127,0.00000127,0.00000000,0.00000000,0.00000000,0.00000000,0.00000000,0.00000000
539,"C06000[K,m]",C06000 [mit],C06000,m,INCREASED,1.00000000,2,0.00000032,0.00000127,1.00000000,0.00000032,Enhance turnover (increase supply/demand),Other,0.00000127,0.00000127,0.00000000,0.00000000,0.00000000,0.00000000,0.00000000,0.00000000
540,"C00356[K,c]",C00356 [cyt],C00356,c,INCREASED,1.00000000,2,0.00000032,0.00000127,1.00000000,0.00000032,Enhance turnover (increase supply/demand),Other,0.00000127,0.00000127,0.00000000,0.00000000,0.00000000,0.00000000,0.00000000,0.00000000
541,"C00141[K,m]",C00141 [mit],C00141,m,INCREASED,1.00000000,2,0.00000032,0.00000127,1.00000000,0.00000032,Enhance turnover (increase supply/demand),Other,0.00000127,0.00000127,0.00000000,0.00000000,0.00000000,0.00000000,0.00000000,0.00000000
542,"C06001[K,m]",C06001 [mit],C06001,m,INCREASED,1.00000000,2,0.00000032,0.00000127,1.00000000,0.00000032,Enhance turnover (increase supply/demand),Other,0.00000127,0.00000127,0.00000000,0.00000000,0.00000000,0.00000000,0.00000000,0.00000000
543,"C00332[K,x]",C00332 [x],C00332,x,INCREASED,1.00000000,2,0.00000032,0.00000127,1.00000000,0.00000032,Enhance turnover (increase supply/demand),Other,0.00000127,0.00000127,0.00000000,0.00000000,0.00000000,0.00000000,0.00000000,0.00000000
544,"C00332[K,c]",C00332 [cyt],C00332,c,INCREASED,1.00000000,2,0.00000032,0.00000127,1.00000000,0.00000032,Enhance turnover (increase supply/demand),Other,0.00000127,0.00000127,0.00000000,0.00000000,0.00000000,0.00000000,0.00000000,0.00000000
545,"C00418[K,c]",C00418 [cyt],C00418,c,INCREASED,1.00000000,2,0.00000032,0.00000127,1.00000000,0.00000032,Enhance turnover (increase supply/demand),Other,0.00000127,0.00000127,0.00000000,0.00000000,0.00000000,0.00000000,0.00000000,0.00000000
546,"C00894[K,m]",C00894 [mit],C00894,m,INCREASED,1.00000000,2,0.00000032,0.00000127,1.00000000,0.00000032,Enhance turnover (increase supply/demand),Other,0.00000127,0.00000127,0.00000000,0.00000000,0.00000000,0.00000000,0.00000000,0.00000000
547,"C02630[K,x]",C02630 [x],C02630,x,INCREASED,1.00000000,2,0.00000032,0.00000127,1.00000000,0.00000032,Enhance turnover (increase supply/demand),Other,0.00000127,0.00000127,0.00000000,0.00000000,0.00000000,0.00000000,0.00000000,0.00000000
548,"C00322[K,c]",C00322 [cyt],C00322,c,INCREASED,1.00000000,2,0.00000032,0.00000127,1.00000000,0.00000032,Enhance turnover (increase supply/demand),Other,0.00000127,0.00000127,0.00000000,0.00000000,0.00000000,0.00000000,0.00000000,0.00000000
549,"C06002[K,m]",C06002 [mit],C06002,m,INCREASED,1.00000000,2,0.00000032,0.00000127,1.00000000,0.00000032,Enhance turnover (increase supply/demand),Other,0.00000127,0.00000127,0.00000000,0.00000000,0.00000000,0.00000000,0.00000000,0.00000000
550,"C00100[K,x]",C00100 [x],C00100,x,INCREASED,1.00000000,2,0.00000032,0.00000127,1.00000000,0.00000032,Enhance turnover (increase supply/demand),Other,0.00000127,0.00000127,0.00000000,0.00000000,0.00000000,0.00000000,0.00000000,0.00000000
551,"C00129[K,c]",C00129 [cyt],C00129,c,INCREASED,1.00000000,2,0.00000032,0.00000127,1.00000000,0.00000032,Enhance turnover (increase supply/demand),Other,0.00000127,0.00000127,0.00000000,0.00000000,0.00000000,0.00000000,0.00000000,0.00000000
552,"C00100[K,m]",C00100 [mit],C00100,m,INCREASED,1.00000000,2,0.00000032,0.00000127,1.00000000,0.00000032,Enhance turnover (increase supply/demand),Other,0.00000127,0.00000127,0.00000000,0.00000000,0.00000000,0.00000000,0.00000000,0.00000000
553,"C01144[K,x]",C01144 [x],C01144,x,INCREASED,1.00000000,2,0.00000032,0.00000127,1.00000000,0.00000032,Enhance turnover (increase supply/demand),Other,0.00000127,0.00000127,0.00000000,0.00000000,0.00000000,0.00000000,0.00000000,0.00000000
554,"C01143[K,c]",C01143 [cyt],C01143,c,INCREASED,1.00000000,2,0.00000032,0.00000127,1.00000000,0.00000032,Enhance turnover (increase supply/demand),Other,0.00000127,0.00000127,0.00000000,0.00000000,0.00000000,0.00000000,0.00000000,0.00000000
555,"C00322[K,m]",C00322 [mit],C00322,m,INCREASED,1.00000000,2,0.00000032,0.00000127,1.00000000,0.00000032,Enhance turnover (increase supply/demand),Other,0.00000127,0.00000127,0.00000000,0.00000000,0.00000000,0.00000000,0.00000000,0.00000000
556,C00063[P],C00063 [],C00063,,DECREASED,1.00000000,1,0.00000031,0.00000251,1.00000000,0.00000031,Reduce turnover (limit competing usage),Other,0.00000000,0.00000000,0.00000000,0.00000000,-0.00000251,0.00000000,0.00000000,0.00000000
557,"MC00944[K,p]",MC00944 [pla],MC00944,p,INCREASED,0.62500000,8,0.00000047,0.00000104,1.00000000,0.00000029,Enhance turnover (increase supply/demand),Other,-0.00000004,0.00000026,0.00000020,-0.00000035,-0.00000083,0.00000104,0.00000088,0.00000013
558,"C00588[K,c]",C00588 [cyt],C00588,c,INCREASED,0.62500000,8,0.00000044,0.00000164,1.00000000,0.00000027,Enhance turnover (increase supply/demand),Other,0.00000040,-0.00000032,-0.00000001,-0.00000041,0.00000053,0.00000164,0.00000016,0.00000005
559,"160DGDG[K,B]","160DGDG[K,B]","160DGDG[K,B]",B,DECREASED,0.75000000,8,0.00000036,0.00000182,1.00000000,0.00000027,Reduce turnover (limit competing usage),Other,-0.00000002,0.00000017,0.00000002,-0.00000048,-0.00000182,-0.00000021,-0.00000000,-0.00000020
560,"MC00921[K,p]",MC00921 [pla],MC00921,p,DECREASED,0.75000000,8,0.00000036,0.00000130,1.00000000,0.00000027,Reduce turnover (limit competing usage),Other,-0.00000001,0.00000009,-0.00000024,-0.00000024,-0.00000060,0.00000130,-0.00000031,-0.00000012
561,"MC00959[K,c]",MC00959 [cyt],MC00959,c,DECREASED,0.71428571,7,0.00000038,0.00000117,1.00000000,0.00000027,Reduce turnover (limit competing usage),Other,-0.00000031,-0.00000029,0.00000001,-0.00000117,-0.00000083,-0.00000039,0.00000000,0.00000003
562,"MC00944[K,c]",MC00944 [cyt],MC00944,c,INCREASED,0.62500000,8,0.00000043,0.00000104,1.00000000,0.00000027,Enhance turnover (increase supply/demand),Other,-0.00000004,0.00000026,0.00000003,-0.00000015,-0.00000076,0.00000104,0.00000098,0.00000017
563,C00020[P],AMP [],C00020,,DECREASED,1.00000000,1,0.00000012,0.00000093,2.00000000,0.00000023,Reduce turnover (limit competing usage),Energy_Cofactors,0.00000000,0.00000000,0.00000000,0.00000000,0.00000000,0.00000000,-0.00000093,0.00000000
564,"180PE[K,B]","180PE[K,B]","180PE[K,B]",B,DECREASED,0.75000000,8,0.00000031,0.00000077,1.00000000,0.00000023,Reduce turnover (limit competing usage),Other,0.00000004,-0.00000077,-0.00000004,0.00000067,-0.00000010,-0.00000007,-0.00000077,-0.00000000
565,"MC01035[K,p]",MC01035 [pla],MC01035,p,INCREASED,1.00000000,1,0.00000023,0.00000183,1.00000000,0.00000023,Enhance turnover (increase supply/demand),Other,0.00000000,0.00000000,0.00000000,0.00000000,0.00000000,0.00000183,0.00000000,0.00000000
566,"MC00932[K,c]",MC00932 [cyt],MC00932,c,DECREASED,0.62500000,8,0.00000034,0.00000130,1.00000000,0.00000021,Reduce turnover (limit competing usage),Other,-0.00000001,0.00000017,0.00000001,-0.00000024,-0.00000060,0.00000130,-0.00000031,-0.00000010
567,"MC00932[K,p]",MC00932 [pla],MC00932,p,DECREASED,0.62500000,8,0.00000034,0.00000130,1.00000000,0.00000021,Reduce turnover (limit competing usage),Other,-0.00000001,0.00000017,0.00000001,-0.00000024,-0.00000060,0.00000130,-0.00000031,-0.00000010
568,"182SQDG[K,B]","182SQDG[K,B]","182SQDG[K,B]",B,DECREASED,0.62500000,8,0.00000033,0.00000104,1.00000000,0.00000021,Reduce turnover (limit competing usage),Other,-0.00000004,0.00000026,0.00000003,-0.00000015,-0.00000076,0.00000104,-0.00000002,-0.00000032
569,"MC01000[K,p]",MC01000 [pla],MC01000,p,INCREASED,0.75000000,8,0.00000027,0.00000144,1.00000000,0.00000020,Enhance turnover (increase supply/demand),Other,0.00000039,0.00000004,-0.00000003,-0.00000004,0.00000013,0.00000010,0.00000002,0.00000144
570,"MC00953[K,c]",MC00953 [cyt],MC00953,c,INCREASED,0.66666667,3,0.00000031,0.00000102,1.00000000,0.00000020,Enhance turnover (increase supply/demand),Other,0.00000102,0.00000073,-0.00000071,0.00000000,0.00000000,0.00000000,0.00000000,0.00000000
571,"MC00986[K,c]",MC00986 [cyt],MC00986,c,INCREASED,0.66666667,3,0.00000031,0.00000102,1.00000000,0.00000020,Enhance turnover (increase supply/demand),Other,0.00000102,0.00000072,-0.00000071,0.00000000,0.00000000,0.00000000,0.00000000,0.00000000
572,"MC00962[K,c]",MC00962 [cyt],MC00962,c,INCREASED,0.66666667,3,0.00000031,0.00000102,1.00000000,0.00000020,Enhance turnover (increase supply/demand),Other,0.00000102,0.00000072,-0.00000071,0.00000000,0.00000000,0.00000000,0.00000000,0.00000000
573,"160MGDG[K,B]","160MGDG[K,B]","160MGDG[K,B]",B,DECREASED,0.75000000,8,0.00000027,0.00000110,1.00000000,0.00000020,Reduce turnover (limit competing usage),Other,-0.00000000,0.00000002,-0.00000110,-0.00000014,-0.00000005,0.00000007,-0.00000044,-0.00000032
574,"MC00967[K,c]",MC00967 [cyt],MC00967,c,INCREASED,0.62500000,8,0.00000032,0.00000130,1.00000000,0.00000020,Enhance turnover (increase supply/demand),Other,-0.00000001,0.00000005,0.00000001,0.00000032,0.00000052,-0.00000130,0.00000031,-0.00000001
575,C00407[P],L-Isoleucine [],C00407,,DECREASED,0.60000000,5,0.00000013,0.00000068,2.50000000,0.00000020,Reduce turnover (limit competing usage),Amino_Acids,-0.00000001,0.00000009,0.00000001,-0.00000068,-0.00000026,0.00000000,0.00000000,0.00000000
576,"C00188[K,p]",L-Threonine [pla],C00188,p,DECREASED,0.66666667,3,0.00000006,0.00000035,5.00000000,0.00000019,Reduce turnover (limit competing usage),Aspartate_Family,0.00000000,0.00000000,0.00000000,0.00000000,0.00000000,0.00000035,-0.00000001,-0.00000010
577,"MC00925[K,p]",MC00925 [pla],MC00925,p,DECREASED,0.75000000,4,0.00000025,0.00000122,1.00000000,0.00000019,Reduce turnover (limit competing usage),Other,0.00000000,0.00000000,-0.00000122,-0.00000014,-0.00000032,0.00000032,0.00000000,0.00000000
578,"MC00925[K,c]",MC00925 [cyt],MC00925,c,DECREASED,0.75000000,4,0.00000025,0.00000122,1.00000000,0.00000019,Reduce turnover (limit competing usage),Other,0.00000000,0.00000000,-0.00000122,-0.00000014,-0.00000032,0.00000032,0.00000000,0.00000000
579,"C02050[K,c]",C02050 [cyt],C02050,c,INCREASED,1.00000000,1,0.00000019,0.00000148,1.00000000,0.00000019,Enhance turnover (increase supply/demand),Other,0.00000000,0.00000000,0.00000000,0.00000000,0.00000148,0.00000000,0.00000000,0.00000000
580,"MC00977[K,c]",MC00977 [cyt],MC00977,c,INCREASED,1.00000000,1,0.00000019,0.00000148,1.00000000,0.00000019,Enhance turnover (increase supply/demand),Other,0.00000000,0.00000000,0.00000000,0.00000000,0.00000148,0.00000000,0.00000000,0.00000000
581,"MC00988[K,c]",MC00988 [cyt],MC00988,c,INCREASED,0.66666667,3,0.00000027,0.00000148,1.00000000,0.00000018,Enhance turnover (increase supply/demand),Other,0.00000000,0.00000000,0.00000000,-0.00000070,0.00000148,0.00000000,0.00000000,0.00000001
582,"MC00964[K,c]",MC00964 [cyt],MC00964,c,INCREASED,0.66666667,3,0.00000027,0.00000148,1.00000000,0.00000018,Enhance turnover (increase supply/demand),Other,0.00000000,0.00000000,0.00000000,-0.00000070,0.00000148,0.00000000,0.00000000,0.00000001
583,"MC00979[K,p]",MC00979 [pla],MC00979,p,INCREASED,1.00000000,1,0.00000018,0.00000144,1.00000000,0.00000018,Enhance turnover (increase supply/demand),Other,0.00000000,0.00000000,0.00000000,0.00000000,0.00000000,0.00000000,0.00000000,0.00000144
584,"MC00972[K,p]",MC00972 [pla],MC00972,p,INCREASED,1.00000000,1,0.00000018,0.00000144,1.00000000,0.00000018,Enhance turnover (increase supply/demand),Other,0.00000000,0.00000000,0.00000000,0.00000000,0.00000000,0.00000000,0.00000000,0.00000144
585,"C00412[K,p]",C00412 [pla],C00412,p,INCREASED,1.00000000,1,0.00000017,0.00000138,1.00000000,0.00000017,Enhance turnover (increase supply/demand),Other,0.00000000,0.00000000,0.00000000,0.00000000,0.00000000,0.00000138,0.00000000,0.00000000
586,"C00412[K,c]",C00412 [cyt],C00412,c,INCREASED,1.00000000,1,0.00000017,0.00000138,1.00000000,0.00000017,Enhance turnover (increase supply/demand),Other,0.00000000,0.00000000,0.00000000,0.00000000,0.00000000,0.00000138,0.00000000,0.00000000
587,"C00407[K,B]",L-Isoleucine [B],C00407,B,DECREASED,0.62500000,8,0.00000011,0.00000035,2.50000000,0.00000017,Reduce turnover (limit competing usage),Amino_Acids,-0.00000001,0.00000009,0.00000001,-0.00000005,-0.00000026,0.00000035,-0.00000001,-0.00000010
588,"C00407[K,c]",L-Isoleucine [cyt],C00407,c,DECREASED,0.62500000,8,0.00000011,0.00000035,2.50000000,0.00000017,Reduce turnover (limit competing usage),Amino_Acids,-0.00000001,0.00000009,0.00000001,-0.00000005,-0.00000026,0.00000035,-0.00000001,-0.00000010
589,"C00407[K,p]",L-Isoleucine [pla],C00407,p,DECREASED,0.50000000,4,0.00000014,0.00000063,2.50000000,0.00000017,Reduce turnover (limit competing usage),Amino_Acids,0.00000000,0.00000000,0.00000000,0.00000063,0.00000000,0.00000035,-0.00000001,-0.00000010
590,"C00076[K,B]",C00076 [B],C00076,B,DECREASED,0.62500000,8,0.00000027,0.00000086,1.00000000,0.00000017,Reduce turnover (limit competing usage),Other,-0.00000003,0.00000022,0.00000002,-0.00000012,-0.00000063,0.00000086,-0.00000002,-0.00000026
591,"MC00937[K,p]",MC00937 [pla],MC00937,p,INCREASED,0.71428571,7,0.00000024,0.00000143,1.00000000,0.00000017,Enhance turnover (increase supply/demand),Other,0.00000015,0.00000001,-0.00000003,-0.00000004,0.00000013,0.00000010,0.00000000,0.00000143
592,"C00076[K,c]",C00076 [cyt],C00076,c,DECREASED,0.62500000,8,0.00000027,0.00000086,1.00000000,0.00000017,Reduce turnover (limit competing usage),Other,-0.00000003,0.00000022,0.00000002,-0.00000012,-0.00000063,0.00000086,-0.00000002,-0.00000026
593,C00076[P],C00076 [],C00076,,DECREASED,0.62500000,8,0.00000027,0.00000086,1.00000000,0.00000017,Reduce turnover (limit competing usage),Other,-0.00000003,0.00000022,0.00000002,-0.00000012,-0.00000063,0.00000086,-0.00000002,-0.00000026
594,"182PE[K,B]","182PE[K,B]","182PE[K,B]",B,INCREASED,0.62500000,8,0.00000026,0.00000124,1.00000000,0.00000016,Enhance turnover (increase supply/demand),Other,-0.00000002,0.00000011,0.00000002,-0.00000006,0.00000124,0.00000006,0.00000056,-0.00000001
595,"C00138[K,p]",C00138 [pla],C00138,p,DECREASED,0.60000000,5,0.00000024,0.00000071,1.00000000,0.00000014,Reduce turnover (limit competing usage),Other,0.00000025,-0.00000024,-0.00000029,0.00000000,0.00000000,0.00000071,-0.00000042,0.00000000
596,"C00139[K,p]",C00139 [pla],C00139,p,DECREASED,0.60000000,5,0.00000024,0.00000071,1.00000000,0.00000014,Reduce turnover (limit competing usage),Other,0.00000025,-0.00000024,-0.00000029,0.00000000,0.00000000,0.00000071,-0.00000042,0.00000000
597,"MC01034[K,p]",MC01034 [pla],MC01034,p,DECREASED,1.00000000,2,0.00000014,0.00000060,1.00000000,0.00000014,Reduce turnover (limit competing usage),Other,0.00000000,0.00000000,0.00000000,0.00000000,-0.00000060,-0.00000053,0.00000000,0.00000000
598,"MC00935[K,c]",MC00935 [cyt],MC00935,c,DECREASED,1.00000000,1,0.00000014,0.00000113,1.00000000,0.00000014,Reduce turnover (limit competing usage),Other,0.00000000,0.00000000,0.00000000,0.00000000,-0.00000113,0.00000000,0.00000000,0.00000000
599,"C00055[K,p]",C00055 [pla],C00055,p,INCREASED,0.66666667,3,0.00000020,0.00000088,1.00000000,0.00000013,Enhance turnover (increase supply/demand),Other,0.00000000,-0.00000088,0.00000000,0.00000000,0.00000000,0.00000068,0.00000000,0.00000003
600,"MC00926[K,p]",MC00926 [pla],MC00926,p,INCREASED,0.66666667,6,0.00000020,0.00000142,1.00000000,0.00000013,Enhance turnover (increase supply/demand),Other,0.00000003,-0.00000003,0.00000000,0.00000000,0.00000006,0.00000001,-0.00000002,0.00000142
601,"160PC[K,B]","160PC[K,B]","160PC[K,B]",B,INCREASED,0.62500000,8,0.00000020,0.00000043,1.00000000,0.00000013,Enhance turnover (increase supply/demand),Other,0.00000028,0.00000039,0.00000001,-0.00000020,0.00000043,0.00000028,-0.00000000,-0.00000002
602,"MC00990[K,p]",MC00990 [pla],MC00990,p,DECREASED,0.66666667,3,0.00000019,0.00000144,1.00000000,0.00000012,Reduce turnover (limit competing usage),Other,0.00000000,-0.00000003,0.00000000,0.00000000,0.00000000,-0.00000001,0.00000000,0.00000144
603,"MC00921[K,c]",MC00921 [cyt],MC00921,c,DECREASED,0.80000000,5,0.00000015,0.00000049,1.00000000,0.00000012,Reduce turnover (limit competing usage),Other,0.00000000,0.00000002,-0.00000049,-0.00000024,0.00000000,0.00000000,-0.00000031,-0.00000014
604,"MC01043[K,p]",MC01043 [pla],MC01043,p,DECREASED,0.50000000,2,0.00000024,0.00000130,1.00000000,0.00000012,Reduce turnover (limit competing usage),Other,0.00000000,0.00000000,0.00000000,0.00000000,-0.00000060,0.00000130,0.00000000,0.00000000
605,"MC00991[K,c]",MC00991 [cyt],MC00991,c,INCREASED,0.62500000,8,0.00000019,0.00000052,1.00000000,0.00000012,Enhance turnover (increase supply/demand),Other,-0.00000001,0.00000005,0.00000001,0.00000032,-0.00000025,-0.00000052,0.00000031,0.00000002
606,"MC00993[K,c]",MC00993 [cyt],MC00993,c,DECREASED,0.57142857,7,0.00000019,0.00000065,1.00000000,0.00000011,Reduce turnover (limit competing usage),Other,0.00000002,-0.00000017,-0.00000002,0.00000034,-0.00000005,0.00000065,-0.00000031,0.00000000
607,"C00082[K,p]",L-Tyrosine [pla],C00082,p,DECREASED,0.50000000,4,0.00000009,0.00000031,2.50000000,0.00000011,Reduce turnover (limit competing usage),Amino_Acids,0.00000000,0.00000000,0.00000031,0.00000000,0.00000000,0.00000018,-0.00000017,-0.00000005
608,"C00044[K,B]",GTP [B],C00044,B,DECREASED,0.62500000,8,0.00000018,0.00000055,1.00000000,0.00000011,Reduce turnover (limit competing usage),Other,-0.00000002,0.00000014,0.00000002,-0.00000008,-0.00000040,0.00000055,-0.00000000,-0.00000020
609,"C00165[K,p]",C00165 [pla],C00165,p,DECREASED,1.00000000,1,0.00000011,0.00000088,1.00000000,0.00000011,Reduce turnover (limit competing usage),Other,0.00000000,-0.00000088,0.00000000,0.00000000,0.00000000,0.00000000,0.00000000,0.00000000
610,"C00416[K,p]",Phosphatidate [pla],C00416,p,DECREASED,1.00000000,1,0.00000011,0.00000088,1.00000000,0.00000011,Reduce turnover (limit competing usage),Other,0.00000000,-0.00000088,0.00000000,0.00000000,0.00000000,0.00000000,0.00000000,0.00000000
611,"C00157[K,p]",C00157 [pla],C00157,p,DECREASED,1.00000000,1,0.00000011,0.00000088,1.00000000,0.00000011,Reduce turnover (limit competing usage),Other,0.00000000,-0.00000088,0.00000000,0.00000000,0.00000000,0.00000000,0.00000000,0.00000000
612,"C00063[K,p]",C00063 [pla],C00063,p,DECREASED,0.50000000,4,0.00000022,0.00000087,1.00000000,0.00000011,Reduce turnover (limit competing usage),Other,0.00000000,-0.00000087,-0.00000014,0.00000000,0.00000000,0.00000068,0.00000007,0.00000000
613,"C00112[K,p]",C00112 [pla],C00112,p,DECREASED,0.50000000,4,0.00000022,0.00000087,1.00000000,0.00000011,Reduce turnover (limit competing usage),Other,0.00000000,-0.00000087,-0.00000014,0.00000000,0.00000000,0.00000068,0.00000007,0.00000000
614,"MC00987[K,c]",MC00987 [cyt],MC00987,c,DECREASED,0.60000000,5,0.00000017,0.00000088,1.00000000,0.00000010,Reduce turnover (limit competing usage),Other,0.00000000,-0.00000088,-0.00000011,0.00000000,-0.00000003,0.00000000,0.00000027,0.00000006
615,"C01179[K,c]",C01179 [cyt],C01179,c,DECREASED,0.80000000,5,0.00000013,0.00000030,1.00000000,0.00000010,Reduce turnover (limit competing usage),Other,0.00000028,-0.00000027,-0.00000030,-0.00000003,-0.00000013,0.00000000,0.00000000,0.00000000
616,"C00544[K,c]",C00544 [cyt],C00544,c,DECREASED,0.80000000,5,0.00000013,0.00000030,1.00000000,0.00000010,Reduce turnover (limit competing usage),Other,0.00000028,-0.00000027,-0.00000030,-0.00000003,-0.00000013,0.00000000,0.00000000,0.00000000
617,"MC00954[K,c]",MC00954 [cyt],MC00954,c,INCREASED,0.66666667,3,0.00000015,0.00000088,1.00000000,0.00000010,Enhance turnover (increase supply/demand),Other,0.00000000,-0.00000088,0.00000000,0.00000000,0.00000000,0.00000000,0.00000027,0.00000006
618,"MC00928[K,c]",MC00928 [cyt],MC00928,c,DECREASED,0.50000000,4,0.00000020,0.00000058,1.00000000,0.00000010,Reduce turnover (limit competing usage),Other,0.00000021,0.00000000,-0.00000022,0.00000000,-0.00000057,0.00000058,0.00000000,0.00000000
619,"C00037[K,p]",Glycine [pla],C00037,p,DECREASED,0.50000000,4,0.00000008,0.00000021,2.50000000,0.00000010,Reduce turnover (limit competing usage),Amino_Acids,0.00000000,0.00000010,0.00000014,-0.00000016,0.00000000,0.00000000,-0.00000021,0.00000000
620,"MC00950[K,c]",MC00950 [cyt],MC00950,c,INCREASED,0.66666667,3,0.00000014,0.00000089,1.00000000,0.00000009,Enhance turnover (increase supply/demand),Other,0.00000000,0.00000000,0.00000000,0.00000000,-0.00000089,0.00000021,0.00000000,0.00000003
621,"MC00950[K,p]",MC00950 [pla],MC00950,p,INCREASED,0.66666667,3,0.00000014,0.00000089,1.00000000,0.00000009,Enhance turnover (increase supply/demand),Other,0.00000000,0.00000000,0.00000000,0.00000000,-0.00000089,0.00000021,0.00000000,0.00000003
622,"MC00997[K,c]",MC00997 [cyt],MC00997,c,INCREASED,0.66666667,3,0.00000014,0.00000047,1.00000000,0.00000009,Enhance turnover (increase supply/demand),Other,0.00000000,-0.00000040,0.00000000,0.00000047,0.00000000,0.00000000,0.00000025,0.00000000
623,"MC00942[K,p]",MC00942 [pla],MC00942,p,DECREASED,0.57142857,7,0.00000016,0.00000035,1.00000000,0.00000009,Reduce turnover (limit competing usage),Other,-0.00000032,0.00000035,0.00000000,-0.00000003,-0.00000014,0.00000020,0.00000019,-0.00000006
624,"MC00942[K,c]",MC00942 [cyt],MC00942,c,DECREASED,0.57142857,7,0.00000016,0.00000035,1.00000000,0.00000009,Reduce turnover (limit competing usage),Other,-0.00000032,0.00000035,0.00000000,-0.00000003,-0.00000014,0.00000020,0.00000019,-0.00000006
625,"MC00986[K,p]",MC00986 [pla],MC00986,p,DECREASED,0.57142857,7,0.00000016,0.00000035,1.00000000,0.00000009,Reduce turnover (limit competing usage),Other,-0.00000032,0.00000035,0.00000000,-0.00000003,-0.00000014,0.00000020,0.00000019,-0.00000006
626,"MC00958[K,c]",MC00958 [cyt],MC00958,c,INCREASED,0.62500000,8,0.00000015,0.00000054,1.00000000,0.00000009,Enhance turnover (increase supply/demand),Other,-0.00000001,0.00000005,0.00000001,0.00000032,-0.00000013,-0.00000054,0.00000009,0.00000002
627,"MC00969[K,c]",MC00969 [cyt],MC00969,c,DECREASED,0.71428571,7,0.00000013,0.00000038,1.00000000,0.00000009,Reduce turnover (limit competing usage),Other,0.00000002,-0.00000018,-0.00000002,0.00000034,-0.00000005,-0.00000003,-0.00000038,0.00000000
628,"180PC[K,B]","180PC[K,B]","180PC[K,B]",B,DECREASED,0.62500000,8,0.00000014,0.00000071,1.00000000,0.00000009,Reduce turnover (limit competing usage),Other,-0.00000000,-0.00000038,0.00000000,0.00000071,-0.00000002,0.00000002,-0.00000000,-0.00000001
629,"MC00971[K,c]",MC00971 [cyt],MC00971,c,INCREASED,1.00000000,1,0.00000009,0.00000069,1.00000000,0.00000009,Enhance turnover (increase supply/demand),Other,0.00000000,0.00000000,0.00000000,0.00000000,0.00000000,0.00000069,0.00000000,0.00000000
630,"MC00948[K,c]",MC00948 [cyt],MC00948,c,INCREASED,1.00000000,2,0.00000009,0.00000068,1.00000000,0.00000009,Enhance turnover (increase supply/demand),Other,0.00000000,0.00000001,0.00000000,0.00000000,0.00000000,0.00000068,0.00000000,0.00000000
631,"MC00982[K,c]",MC00982 [cyt],MC00982,c,INCREASED,1.00000000,1,0.00000009,0.00000069,1.00000000,0.00000009,Enhance turnover (increase supply/demand),Other,0.00000000,0.00000000,0.00000000,0.00000000,0.00000000,0.00000069,0.00000000,0.00000000
632,"MC01026[K,p]",MC01026 [pla],MC01026,p,INCREASED,1.00000000,1,0.00000008,0.00000068,1.00000000,0.00000008,Enhance turnover (increase supply/demand),Other,0.00000000,0.00000000,0.00000000,0.00000000,0.00000000,0.00000068,0.00000000,0.00000000
633,"MC01018[K,p]",MC01018 [pla],MC01018,p,INCREASED,1.00000000,1,0.00000008,0.00000068,1.00000000,0.00000008,Enhance turnover (increase supply/demand),Other,0.00000000,0.00000000,0.00000000,0.00000000,0.00000000,0.00000068,0.00000000,0.00000000
634,"MC00948[K,p]",MC00948 [pla],MC00948,p,INCREASED,1.00000000,1,0.00000008,0.00000068,1.00000000,0.00000008,Enhance turnover (increase supply/demand),Other,0.00000000,0.00000000,0.00000000,0.00000000,0.00000000,0.00000068,0.00000000,0.00000000
635,"MC00982[K,p]",MC00982 [pla],MC00982,p,INCREASED,1.00000000,1,0.00000008,0.00000068,1.00000000,0.00000008,Enhance turnover (increase supply/demand),Other,0.00000000,0.00000000,0.00000000,0.00000000,0.00000000,0.00000068,0.00000000,0.00000000
636,"MC00993[K,p]",MC00993 [pla],MC00993,p,INCREASED,1.00000000,1,0.00000008,0.00000068,1.00000000,0.00000008,Enhance turnover (increase supply/demand),Other,0.00000000,0.00000000,0.00000000,0.00000000,0.00000000,0.00000068,0.00000000,0.00000000
637,"MC00933[K,c]",MC00933 [cyt],MC00933,c,DECREASED,0.75000000,4,0.00000011,0.00000038,1.00000000,0.00000008,Reduce turnover (limit competing usage),Other,0.00000000,-0.00000017,0.00000000,-0.00000038,-0.00000014,0.00000020,0.00000000,0.00000000
638,"MC00933[K,p]",MC00933 [pla],MC00933,p,DECREASED,0.75000000,4,0.00000011,0.00000038,1.00000000,0.00000008,Reduce turnover (limit competing usage),Other,0.00000000,-0.00000017,0.00000000,-0.00000038,-0.00000014,0.00000020,0.00000000,0.00000000
639,"MC00955[K,c]",MC00955 [cyt],MC00955,c,INCREASED,0.66666667,3,0.00000012,0.00000070,1.00000000,0.00000008,Enhance turnover (increase supply/demand),Other,0.00000000,0.00000000,0.00000000,-0.00000070,0.00000000,0.00000000,0.00000027,0.00000001
640,"C00448[K,p]",C00448 [pla],C00448,p,INCREASED,1.00000000,2,0.00000008,0.00000032,1.00000000,0.00000008,Enhance turnover (increase supply/demand),Other,0.00000032,0.00000032,0.00000000,0.00000000,0.00000000,0.00000000,0.00000000,0.00000000
641,"C00235[K,p]",C00235 [pla],C00235,p,INCREASED,1.00000000,2,0.00000008,0.00000032,1.00000000,0.00000008,Enhance turnover (increase supply/demand),Other,0.00000032,0.00000032,0.00000000,0.00000000,0.00000000,0.00000000,0.00000000,0.00000000
642,"C00341[K,p]",C00341 [pla],C00341,p,INCREASED,1.00000000,2,0.00000008,0.00000032,1.00000000,0.00000008,Enhance turnover (increase supply/demand),Other,0.00000032,0.00000032,0.00000000,0.00000000,0.00000000,0.00000000,0.00000000,0.00000000
643,"180DGDG[K,B]","180DGDG[K,B]","180DGDG[K,B]",B,DECREASED,0.62500000,8,0.00000013,0.00000040,1.00000000,0.00000008,Reduce turnover (limit competing usage),Other,-0.00000000,0.00000003,0.00000001,-0.00000040,-0.00000022,0.00000032,-0.00000000,-0.00000003
644,"C06427[K,B]",C06427 [B],C06427,B,DECREASED,0.62500000,8,0.00000013,0.00000040,1.00000000,0.00000008,Reduce turnover (limit competing usage),Other,-0.00000001,0.00000010,0.00000002,-0.00000006,-0.00000029,0.00000040,-0.00000000,-0.00000013
645,"C00440[K,p]",C00440 [pla],C00440,p,DECREASED,0.60000000,5,0.00000012,0.00000035,1.00000000,0.00000007,Reduce turnover (limit competing usage),Other,0.00000013,-0.00000012,-0.00000014,0.00000000,0.00000000,0.00000035,-0.00000021,0.00000000
646,"C00019[K,p]",C00019 [pla],C00019,p,DECREASED,0.57142857,7,0.00000012,0.00000022,1.00000000,0.00000007,Reduce turnover (limit competing usage),Other,-0.00000001,0.00000020,0.00000015,-0.00000019,-0.00000016,0.00000022,0.00000000,-0.00000006
647,"MC00952[K,c]",MC00952 [cyt],MC00952,c,DECREASED,0.50000000,6,0.00000014,0.00000046,1.00000000,0.00000007,Reduce turnover (limit competing usage),Other,0.00000014,0.00000016,0.00000001,-0.00000008,-0.00000028,-0.00000046,0.00000000,0.00000000
648,"C00659[K,p]",C00659 [pla],C00659,p,DECREASED,0.50000000,4,0.00000014,0.00000063,1.00000000,0.00000007,Reduce turnover (limit competing usage),Other,0.00000000,0.00000000,0.00000000,0.00000063,0.00000000,0.00000035,-0.00000001,-0.00000010
649,"C00671[K,p]",C00671 [pla],C00671,p,DECREASED,0.50000000,4,0.00000014,0.00000063,1.00000000,0.00000007,Reduce turnover (limit competing usage),Other,0.00000000,0.00000000,0.00000000,0.00000063,0.00000000,0.00000035,-0.00000001,-0.00000010
650,"C06007[K,p]",C06007 [pla],C06007,p,DECREASED,0.50000000,4,0.00000014,0.00000063,1.00000000,0.00000007,Reduce turnover (limit competing usage),Other,0.00000000,0.00000000,0.00000000,0.00000063,0.00000000,0.00000035,-0.00000001,-0.00000010
651,"MC00960[K,c]",MC00960 [cyt],MC00960,c,DECREASED,0.71428571,7,0.00000010,0.00000034,1.00000000,0.00000007,Reduce turnover (limit competing usage),Other,0.00000002,-0.00000017,-0.00000002,0.00000034,-0.00000005,-0.00000004,-0.00000012,0.00000000
652,"MC00987[K,p]",MC00987 [pla],MC00987,p,INCREASED,0.57142857,7,0.00000011,0.00000036,1.00000000,0.00000007,Enhance turnover (increase supply/demand),Other,-0.00000001,0.00000002,-0.00000017,0.00000019,0.00000000,0.00000011,0.00000036,-0.00000005
653,"C00101[K,p]",C00101 [pla],C00101,p,INCREASED,0.60000000,5,0.00000011,0.00000035,1.00000000,0.00000007,Enhance turnover (increase supply/demand),Other,0.00000013,0.00000002,0.00000000,-0.00000016,0.00000000,0.00000035,-0.00000021,0.00000000
654,"C00143[K,p]",C00143 [pla],C00143,p,INCREASED,0.60000000,5,0.00000011,0.00000035,1.00000000,0.00000007,Enhance turnover (increase supply/demand),Other,0.00000013,0.00000002,0.00000000,-0.00000016,0.00000000,0.00000035,-0.00000021,0.00000000
655,"183PC[K,B]","183PC[K,B]","183PC[K,B]",B,DECREASED,0.50000000,8,0.00000013,0.00000042,1.00000000,0.00000006,Reduce turnover (limit competing usage),Other,0.00000005,0.00000017,0.00000002,-0.00000006,-0.00000017,0.00000042,-0.00000000,-0.00000013
656,"MC00931[K,p]",MC00931 [pla],MC00931,p,INCREASED,0.62500000,8,0.00000010,0.00000043,1.00000000,0.00000006,Enhance turnover (increase supply/demand),Other,-0.00000004,0.00000005,0.00000001,-0.00000015,-0.00000006,0.00000043,0.00000005,0.00000001
657,"C00239[K,p]",C00239 [pla],C00239,p,INCREASED,0.75000000,4,0.00000008,0.00000035,1.00000000,0.00000006,Enhance turnover (increase supply/demand),Other,0.00000013,0.00000002,0.00000000,-0.00000016,0.00000000,0.00000035,0.00000000,0.00000000
658,"C00415[K,p]",C00415 [pla],C00415,p,INCREASED,0.75000000,4,0.00000008,0.00000035,1.00000000,0.00000006,Enhance turnover (increase supply/demand),Other,0.00000013,0.00000002,0.00000000,-0.00000016,0.00000000,0.00000035,0.00000000,0.00000000
659,"C00363[K,p]",C00363 [pla],C00363,p,INCREASED,0.75000000,4,0.00000008,0.00000035,1.00000000,0.00000006,Enhance turnover (increase supply/demand),Other,0.00000013,0.00000002,0.00000000,-0.00000016,0.00000000,0.00000035,0.00000000,0.00000000
660,"C00365[K,p]",C00365 [pla],C00365,p,INCREASED,0.75000000,4,0.00000008,0.00000035,1.00000000,0.00000006,Enhance turnover (increase supply/demand),Other,0.00000013,0.00000002,0.00000000,-0.00000016,0.00000000,0.00000035,0.00000000,0.00000000
661,"C00364[K,p]",C00364 [pla],C00364,p,INCREASED,0.75000000,4,0.00000008,0.00000035,1.00000000,0.00000006,Enhance turnover (increase supply/demand),Other,0.00000013,0.00000002,0.00000000,-0.00000016,0.00000000,0.00000035,0.00000000,0.00000000
662,"MC00934[K,p]",MC00934 [pla],MC00934,p,INCREASED,0.66666667,6,0.00000009,0.00000036,1.00000000,0.00000006,Enhance turnover (increase supply/demand),Other,-0.00000001,0.00000002,0.00000000,0.00000019,0.00000000,0.00000011,0.00000036,-0.00000005
663,"MC00923[K,p]",MC00923 [pla],MC00923,p,INCREASED,0.66666667,6,0.00000009,0.00000036,1.00000000,0.00000006,Enhance turnover (increase supply/demand),Other,-0.00000001,0.00000002,0.00000000,0.00000019,0.00000000,0.00000011,0.00000036,-0.00000005
664,"180MGDG[K,B]","180MGDG[K,B]","180MGDG[K,B]",B,INCREASED,0.62500000,8,0.00000010,0.00000035,1.00000000,0.00000006,Enhance turnover (increase supply/demand),Other,-0.00000018,0.00000001,0.00000002,0.00000035,-0.00000001,0.00000001,0.00000019,-0.00000000
665,"MC00922[K,p]",MC00922 [pla],MC00922,p,DECREASED,0.57142857,7,0.00000010,0.00000020,1.00000000,0.00000006,Reduce turnover (limit competing usage),Other,-0.00000016,0.00000008,0.00000000,-0.00000003,-0.00000014,0.00000020,0.00000019,-0.00000003
666,"182PC[K,B]","182PC[K,B]","182PC[K,B]",B,DECREASED,0.50000000,8,0.00000012,0.00000037,1.00000000,0.00000006,Reduce turnover (limit competing usage),Other,-0.00000002,0.00000010,0.00000002,-0.00000006,-0.00000026,0.00000037,0.00000000,-0.00000013
667,"C00114[K,p]",C00114 [pla],C00114,p,DECREASED,0.50000000,2,0.00000012,0.00000088,1.00000000,0.00000006,Reduce turnover (limit competing usage),Other,0.00000000,-0.00000088,0.00000000,0.00000000,0.00000000,0.00000000,0.00000007,0.00000000
668,"C00114[K,c]",C00114 [cyt],C00114,c,DECREASED,0.50000000,2,0.00000012,0.00000088,1.00000000,0.00000006,Reduce turnover (limit competing usage),Other,0.00000000,-0.00000088,0.00000000,0.00000000,0.00000000,0.00000000,0.00000007,0.00000000
669,"C00307[K,c]",C00307 [cyt],C00307,c,DECREASED,0.50000000,2,0.00000012,0.00000088,1.00000000,0.00000006,Reduce turnover (limit competing usage),Other,0.00000000,-0.00000088,0.00000000,0.00000000,0.00000000,0.00000000,0.00000007,0.00000000
670,"C00307[K,p]",C00307 [pla],C00307,p,DECREASED,0.50000000,2,0.00000012,0.00000088,1.00000000,0.00000006,Reduce turnover (limit competing usage),Other,0.00000000,-0.00000088,0.00000000,0.00000000,0.00000000,0.00000000,0.00000007,0.00000000
671,"MC00938[K,c]",MC00938 [cyt],MC00938,c,DECREASED,0.50000000,6,0.00000012,0.00000023,1.00000000,0.00000006,Reduce turnover (limit competing usage),Other,-0.00000021,0.00000023,-0.00000022,0.00000000,0.00000000,0.00000013,-0.00000013,0.00000002
672,"MC00940[K,p]",MC00940 [pla],MC00940,p,INCREASED,0.66666667,6,0.00000009,0.00000030,1.00000000,0.00000006,Enhance turnover (increase supply/demand),Other,0.00000000,0.00000010,0.00000001,-0.00000030,-0.00000011,0.00000016,0.00000000,0.00000001
673,"MC00929[K,c]",MC00929 [cyt],MC00929,c,DECREASED,0.50000000,2,0.00000012,0.00000088,1.00000000,0.00000006,Reduce turnover (limit competing usage),Other,0.00000000,0.00000000,0.00000000,0.00000000,0.00000000,-0.00000088,0.00000000,0.00000004
674,"MC00940[K,c]",MC00940 [cyt],MC00940,c,INCREASED,0.66666667,6,0.00000009,0.00000030,1.00000000,0.00000006,Enhance turnover (increase supply/demand),Other,0.00000000,0.00000010,0.00000001,-0.00000030,-0.00000011,0.00000016,0.00000000,0.00000001
675,"C00705[K,p]",C00705 [pla],C00705,p,INCREASED,0.66666667,6,0.00000008,0.00000035,1.00000000,0.00000006,Enhance turnover (increase supply/demand),Other,0.00000006,0.00000002,0.00000000,-0.00000016,0.00000000,0.00000035,0.00000004,-0.00000003
676,"182MGDG[K,B]","182MGDG[K,B]","182MGDG[K,B]",B,DECREASED,0.62500000,8,0.00000009,0.00000028,1.00000000,0.00000005,Reduce turnover (limit competing usage),Other,-0.00000001,0.00000007,0.00000001,-0.00000004,-0.00000019,0.00000028,-0.00000001,-0.00000009
677,"182DGDG[K,B]","182DGDG[K,B]","182DGDG[K,B]",B,DECREASED,0.62500000,8,0.00000008,0.00000026,1.00000000,0.00000005,Reduce turnover (limit competing usage),Other,-0.00000001,0.00000006,0.00000001,-0.00000004,-0.00000019,0.00000026,-0.00000001,-0.00000008
678,"MC01000[K,c]",MC01000 [cyt],MC01000,c,INCREASED,1.00000000,1,0.00000005,0.00000041,1.00000000,0.00000005,Enhance turnover (increase supply/demand),Other,0.00000041,0.00000000,0.00000000,0.00000000,0.00000000,0.00000000,0.00000000,0.00000000
679,"MC00995[K,c]",MC00995 [cyt],MC00995,c,DECREASED,1.00000000,2,0.00000005,0.00000040,1.00000000,0.00000005,Reduce turnover (limit competing usage),Other,0.00000000,-0.00000040,0.00000000,0.00000000,0.00000000,0.00000000,-0.00000001,0.00000000
680,"181PE[K,B]","181PE[K,B]","181PE[K,B]",B,DECREASED,0.75000000,8,0.00000007,0.00000017,1.00000000,0.00000005,Reduce turnover (limit competing usage),Other,-0.00000001,-0.00000005,-0.00000017,-0.00000002,-0.00000003,0.00000017,-0.00000004,0.00000004
681,"C00109[K,p]",C00109 [pla],C00109,p,DECREASED,0.50000000,4,0.00000010,0.00000035,1.00000000,0.00000005,Reduce turnover (limit competing usage),Other,0.00000000,0.00000000,0.00000000,0.00000032,0.00000000,0.00000035,-0.00000001,-0.00000010
682,"C00705[K,c]",C00705 [cyt],C00705,c,DECREASED,0.60000000,5,0.00000008,0.00000024,1.00000000,0.00000005,Reduce turnover (limit competing usage),Other,0.00000000,0.00000002,0.00000014,-0.00000017,-0.00000006,-0.00000024,0.00000000,0.00000000
683,"C05421[K,p]",C05421 [pla],C05421,p,DECREASED,0.83333333,6,0.00000006,0.00000014,1.00000000,0.00000005,Reduce turnover (limit competing usage),Other,-0.00000012,-0.00000014,0.00000000,-0.00000001,-0.00000006,0.00000009,0.00000000,-0.00000003
684,"C03427[K,p]",C03427 [pla],C03427,p,DECREASED,0.83333333,6,0.00000006,0.00000014,1.00000000,0.00000005,Reduce turnover (limit competing usage),Other,-0.00000012,-0.00000014,0.00000000,-0.00000001,-0.00000006,0.00000009,0.00000000,-0.00000003
685,"C14818[K,B]",C14818 [B],C14818,B,DECREASED,0.62500000,8,0.00000007,0.00000024,1.00000000,0.00000005,Reduce turnover (limit competing usage),Other,-0.00000001,0.00000006,0.00000001,-0.00000003,-0.00000017,0.00000024,-0.00000000,-0.00000007
686,"C00544[K,p]",C00544 [pla],C00544,p,DECREASED,0.57142857,7,0.00000008,0.00000018,1.00000000,0.00000005,Reduce turnover (limit competing usage),Other,0.00000014,-0.00000011,0.00000001,-0.00000003,-0.00000013,0.00000018,0.00000000,-0.00000005
687,"MC00922[K,c]",MC00922 [cyt],MC00922,c,INCREASED,0.66666667,3,0.00000007,0.00000035,1.00000000,0.00000005,Enhance turnover (increase supply/demand),Other,0.00000000,-0.00000001,0.00000000,0.00000035,0.00000000,0.00000000,0.00000019,0.00000000
688,"C01179[K,p]",C01179 [pla],C01179,p,INCREASED,0.66666667,3,0.00000007,0.00000031,1.00000000,0.00000005,Enhance turnover (increase supply/demand),Other,0.00000000,0.00000000,0.00000031,0.00000000,0.00000000,0.00000018,0.00000000,-0.00000005
689,"C01595[K,p]",C01595 [pla],C01595,p,DECREASED,0.57142857,7,0.00000008,0.00000027,1.00000000,0.00000004,Reduce turnover (limit competing usage),Other,-0.00000001,0.00000004,0.00000000,-0.00000002,-0.00000009,0.00000013,0.00000027,-0.00000004
690,"C01595[K,c]",C01595 [cyt],C01595,c,DECREASED,0.57142857,7,0.00000008,0.00000027,1.00000000,0.00000004,Reduce turnover (limit competing usage),Other,-0.00000001,0.00000004,0.00000000,-0.00000002,-0.00000009,0.00000013,0.00000027,-0.00000004
691,"MC00976[K,c]",MC00976 [cyt],MC00976,c,INCREASED,1.00000000,2,0.00000004,0.00000027,1.00000000,0.00000004,Enhance turnover (increase supply/demand),Other,0.00000000,0.00000000,0.00000007,0.00000000,0.00000000,0.00000000,0.00000027,0.00000000
692,"C00458[K,p]",C00458 [pla],C00458,p,DECREASED,0.50000000,4,0.00000008,0.00000035,1.00000000,0.00000004,Reduce turnover (limit competing usage),Other,0.00000000,0.00000000,0.00000014,-0.00000016,0.00000000,0.00000035,0.00000000,-0.00000003
693,C14818[P],C14818 [],C14818,,DECREASED,0.57142857,7,0.00000007,0.00000024,1.00000000,0.00000004,Reduce turnover (limit competing usage),Other,-0.00000001,0.00000006,0.00000001,-0.00000003,-0.00000017,0.00000024,0.00000000,-0.00000007
694,"C14818[K,c]",C14818 [cyt],C14818,c,DECREASED,0.57142857,7,0.00000007,0.00000024,1.00000000,0.00000004,Reduce turnover (limit competing usage),Other,-0.00000001,0.00000006,0.00000001,-0.00000003,-0.00000017,0.00000024,0.00000000,-0.00000007
695,"C00067[K,p]",C00067 [pla],C00067,p,DECREASED,0.50000000,4,0.00000008,0.00000021,1.00000000,0.00000004,Reduce turnover (limit competing usage),Other,0.00000000,0.00000014,0.00000014,-0.00000016,0.00000000,0.00000000,-0.00000021,0.00000000
696,"C00213[K,p]",C00213 [pla],C00213,p,DECREASED,0.50000000,4,0.00000008,0.00000021,1.00000000,0.00000004,Reduce turnover (limit competing usage),Other,0.00000000,0.00000014,0.00000014,-0.00000016,0.00000000,0.00000000,-0.00000021,0.00000000
697,"C00249[K,B]",C00249 [B],C00249,B,DECREASED,0.62500000,8,0.00000006,0.00000020,1.00000000,0.00000004,Reduce turnover (limit competing usage),Other,-0.00000000,0.00000005,0.00000001,-0.00000003,-0.00000015,0.00000020,-0.00000001,-0.00000006
698,"MC00947[K,c]",MC00947 [cyt],MC00947,c,DECREASED,0.66666667,3,0.00000006,0.00000027,1.00000000,0.00000004,Reduce turnover (limit competing usage),Other,0.00000000,0.00000000,-0.00000018,0.00000000,-0.00000003,0.00000000,0.00000027,0.00000000
699,"180SQDG[K,B]","180SQDG[K,B]","180SQDG[K,B]",B,DECREASED,0.62500000,8,0.00000006,0.00000020,1.00000000,0.00000004,Reduce turnover (limit competing usage),Other,-0.00000001,0.00000005,0.00000001,-0.00000003,-0.00000014,0.00000020,-0.00000000,-0.00000006
700,C00097[P],L-Cysteine [],C00097,,INCREASED,1.00000000,1,0.00000001,0.00000012,2.50000000,0.00000004,Enhance turnover (increase supply/demand),Amino_Acids,0.00000000,0.00000000,0.00000000,0.00000000,0.00000000,0.00000012,0.00000000,0.00000000
701,"C00097[K,c]",L-Cysteine [cyt],C00097,c,INCREASED,1.00000000,1,0.00000001,0.00000012,2.50000000,0.00000004,Enhance turnover (increase supply/demand),Amino_Acids,0.00000000,0.00000000,0.00000000,0.00000000,0.00000000,0.00000012,0.00000000,0.00000000
702,"C02483[K,p]",C02483 [pla],C02483,p,DECREASED,0.62500000,8,0.00000006,0.00000018,1.00000000,0.00000004,Reduce turnover (limit competing usage),Other,-0.00000001,0.00000005,0.00000001,-0.00000003,-0.00000013,0.00000018,-0.00000001,-0.00000006
703,"C00249[K,c]",C00249 [cyt],C00249,c,DECREASED,0.57142857,7,0.00000006,0.00000020,1.00000000,0.00000004,Reduce turnover (limit competing usage),Other,0.00000000,0.00000005,0.00000001,-0.00000003,-0.00000015,0.00000020,-0.00000001,-0.00000006
704,C00112[P],C00112 [],C00112,,INCREASED,1.00000000,1,0.00000003,0.00000028,1.00000000,0.00000003,Enhance turnover (increase supply/demand),Other,0.00000000,0.00000000,0.00000000,0.00000000,0.00000000,0.00000028,0.00000000,0.00000000
705,"MC01017[K,c]",MC01017 [cyt],MC01017,c,INCREASED,1.00000000,1,0.00000003,0.00000027,1.00000000,0.00000003,Enhance turnover (increase supply/demand),Other,0.00000000,0.00000000,0.00000000,0.00000000,0.00000000,0.00000000,0.00000027,0.00000000
706,"MC01025[K,c]",MC01025 [cyt],MC01025,c,INCREASED,1.00000000,1,0.00000003,0.00000027,1.00000000,0.00000003,Enhance turnover (increase supply/demand),Other,0.00000000,0.00000000,0.00000000,0.00000000,0.00000000,0.00000000,0.00000027,0.00000000
707,"MC01009[K,c]",MC01009 [cyt],MC01009,c,INCREASED,1.00000000,1,0.00000003,0.00000027,1.00000000,0.00000003,Enhance turnover (increase supply/demand),Other,0.00000000,0.00000000,0.00000000,0.00000000,0.00000000,0.00000000,0.00000027,0.00000000
708,"C00353[K,p]",C00353 [pla],C00353,p,INCREASED,0.57142857,7,0.00000006,0.00000018,1.00000000,0.00000003,Enhance turnover (increase supply/demand),Other,0.00000003,0.00000004,0.00000001,-0.00000002,-0.00000013,0.00000018,0.00000000,-0.00000006
709,"C00038[K,c]",C00038 [cyt],C00038,c,DECREASED,0.66666667,6,0.00000005,0.00000016,1.00000000,0.00000003,Reduce turnover (limit competing usage),Other,-0.00000001,0.00000004,0.00000000,-0.00000002,-0.00000012,0.00000016,0.00000000,-0.00000005
710,C00038[P],C00038 [],C00038,,DECREASED,0.66666667,6,0.00000005,0.00000016,1.00000000,0.00000003,Reduce turnover (limit competing usage),Other,-0.00000001,0.00000004,0.00000000,-0.00000002,-0.00000012,0.00000016,0.00000000,-0.00000005
711,"C05427[K,p]",C05427 [pla],C05427,p,DECREASED,0.57142857,7,0.00000006,0.00000018,1.00000000,0.00000003,Reduce turnover (limit competing usage),Other,-0.00000001,0.00000005,0.00000001,-0.00000003,-0.00000013,0.00000018,0.00000000,-0.00000005
712,"C15883[K,p]",C15883 [pla],C15883,p,DECREASED,0.57142857,7,0.00000006,0.00000018,1.00000000,0.00000003,Reduce turnover (limit competing usage),Other,-0.00000001,0.00000005,0.00000001,-0.00000003,-0.00000013,0.00000018,0.00000000,-0.00000005
713,"C15882[K,p]",C15882 [pla],C15882,p,DECREASED,0.57142857,7,0.00000006,0.00000018,1.00000000,0.00000003,Reduce turnover (limit competing usage),Other,-0.00000001,0.00000005,0.00000001,-0.00000003,-0.00000013,0.00000018,0.00000000,-0.00000005
714,"C00038[K,B]",C00038 [B],C00038,B,DECREASED,0.62500000,8,0.00000005,0.00000016,1.00000000,0.00000003,Reduce turnover (limit competing usage),Other,-0.00000001,0.00000004,0.00000000,-0.00000002,-0.00000012,0.00000016,-0.00000000,-0.00000005
715,"C00458[K,c]",C00458 [cyt],C00458,c,DECREASED,0.50000000,6,0.00000006,0.00000017,1.00000000,0.00000003,Reduce turnover (limit competing usage),Other,0.00000000,0.00000002,0.00000014,-0.00000017,-0.00000006,0.00000009,0.00000000,-0.00000002
716,"181DGDG[K,B]","181DGDG[K,B]","181DGDG[K,B]",B,DECREASED,0.50000000,8,0.00000006,0.00000035,1.00000000,0.00000003,Reduce turnover (limit competing usage),Other,0.00000035,0.00000002,0.00000001,-0.00000001,-0.00000003,0.00000005,-0.00000000,-0.00000002
717,"C05414[K,p]",C05414 [pla],C05414,p,DECREASED,0.83333333,6,0.00000004,0.00000009,1.00000000,0.00000003,Reduce turnover (limit competing usage),Other,-0.00000007,-0.00000009,0.00000000,-0.00000001,-0.00000004,0.00000006,0.00000000,-0.00000001
718,"C02483[K,B]",C02483 [B],C02483,B,DECREASED,0.62500000,8,0.00000005,0.00000014,1.00000000,0.00000003,Reduce turnover (limit competing usage),Other,-0.00000001,0.00000004,0.00000000,-0.00000003,-0.00000011,0.00000014,-0.00000001,-0.00000005
719,"MC00947[K,p]",MC00947 [pla],MC00947,p,DECREASED,0.50000000,2,0.00000006,0.00000027,1.00000000,0.00000003,Reduce turnover (limit competing usage),Other,0.00000000,0.00000000,-0.00000017,0.00000000,0.00000000,0.00000000,0.00000027,0.00000000
720,"C00459[K,p]",C00459 [pla],C00459,p,DECREASED,0.50000000,6,0.00000005,0.00000021,1.00000000,0.00000003,Reduce turnover (limit competing usage),Other,0.00000006,0.00000002,0.00000000,-0.00000009,-0.00000003,0.00000021,0.00000000,-0.00000002
721,"MC00937[K,c]",MC00937 [cyt],MC00937,c,DECREASED,0.50000000,8,0.00000005,0.00000015,1.00000000,0.00000003,Reduce turnover (limit competing usage),Other,0.00000015,0.00000001,-0.00000003,-0.00000004,0.00000007,0.00000009,-0.00000002,-0.00000001
722,"C01595[K,B]",C01595 [B],C01595,B,DECREASED,0.62500000,8,0.00000004,0.00000013,1.00000000,0.00000003,Reduce turnover (limit competing usage),Other,-0.00000001,0.00000004,0.00000000,-0.00000002,-0.00000009,0.00000013,-0.00000000,-0.00000004
723,"C00042[K,p]",Succinate [pla],C00042,p,DECREASED,0.66666667,3,0.00000001,0.00000005,3.00000000,0.00000002,Reduce turnover (limit competing usage),TCA_Cycle,0.00000002,-0.00000002,-0.00000005,0.00000000,0.00000000,0.00000000,0.00000000,0.00000000
724,"C00712[K,c]",C00712 [cyt],C00712,c,DECREASED,0.60000000,5,0.00000004,0.00000025,1.00000000,0.00000002,Reduce turnover (limit competing usage),Other,0.00000000,0.00000000,0.00000000,-0.00000001,-0.00000001,0.00000001,0.00000025,-0.00000001
725,"C00166[K,p]",C00166 [pla],C00166,p,INCREASED,1.00000000,1,0.00000002,0.00000017,1.00000000,0.00000002,Enhance turnover (increase supply/demand),Other,0.00000000,0.00000000,0.00000000,0.00000000,0.00000000,0.00000000,0.00000017,0.00000000
726,"C00254[K,p]",C00254 [pla],C00254,p,INCREASED,1.00000000,1,0.00000002,0.00000017,1.00000000,0.00000002,Enhance turnover (increase supply/demand),Other,0.00000000,0.00000000,0.00000000,0.00000000,0.00000000,0.00000000,0.00000017,0.00000000
727,"C00166[K,c]",C00166 [cyt],C00166,c,INCREASED,1.00000000,1,0.00000002,0.00000017,1.00000000,0.00000002,Enhance turnover (increase supply/demand),Other,0.00000000,0.00000000,0.00000000,0.00000000,0.00000000,0.00000000,0.00000017,0.00000000
728,"181SQDG[K,B]","181SQDG[K,B]","181SQDG[K,B]",B,DECREASED,0.62500000,8,0.00000003,0.00000011,1.00000000,0.00000002,Reduce turnover (limit competing usage),Other,-0.00000001,0.00000002,0.00000001,-0.00000001,-0.00000007,0.00000011,-0.00000000,-0.00000003
729,"MC00943[K,p]",MC00943 [pla],MC00943,p,DECREASED,0.57142857,7,0.00000003,0.00000011,1.00000000,0.00000002,Reduce turnover (limit competing usage),Other,-0.00000001,0.00000002,0.00000001,-0.00000001,-0.00000007,0.00000011,0.00000000,-0.00000003
730,"MC00943[K,c]",MC00943 [cyt],MC00943,c,DECREASED,0.57142857,7,0.00000003,0.00000011,1.00000000,0.00000002,Reduce turnover (limit competing usage),Other,-0.00000001,0.00000002,0.00000001,-0.00000001,-0.00000007,0.00000011,0.00000000,-0.00000003
731,"MC00990[K,c]",MC00990 [cyt],MC00990,c,DECREASED,0.83333333,6,0.00000002,0.00000008,1.00000000,0.00000002,Reduce turnover (limit competing usage),Other,0.00000000,-0.00000003,0.00000000,-0.00000001,-0.00000001,0.00000008,-0.00000002,-0.00000001
732,"MC00963[K,c]",MC00963 [cyt],MC00963,c,DECREASED,0.66666667,3,0.00000002,0.00000011,1.00000000,0.00000002,Reduce turnover (limit competing usage),Other,0.00000000,0.00000000,-0.00000011,0.00000000,-0.00000003,0.00000000,0.00000000,0.00000006
733,"MC00931[K,c]",MC00931 [cyt],MC00931,c,INCREASED,0.57142857,7,0.00000003,0.00000010,1.00000000,0.00000002,Enhance turnover (increase supply/demand),Other,-0.00000008,0.00000001,0.00000001,-0.00000001,-0.00000001,0.00000001,0.00000010,0.00000000
734,"C00459[K,B]",C00459 [B],C00459,B,DECREASED,0.62500000,8,0.00000003,0.00000008,1.00000000,0.00000002,Reduce turnover (limit competing usage),Other,-0.00000000,0.00000002,0.00000000,-0.00000002,-0.00000006,0.00000008,-0.00000000,-0.00000003
735,"C00263[K,p]",L-Homoserine [pla],C00263,p,DECREASED,1.00000000,1,0.00000000,0.00000002,5.00000000,0.00000002,Reduce turnover (limit competing usage),Aspartate_Family,0.00000000,0.00000000,-0.00000002,0.00000000,0.00000000,0.00000000,0.00000000,0.00000000
736,"MC00966[K,c]",MC00966 [cyt],MC00966,c,DECREASED,0.80000000,5,0.00000002,0.00000008,1.00000000,0.00000002,Reduce turnover (limit competing usage),Other,0.00000000,-0.00000003,0.00000000,-0.00000001,0.00000000,0.00000008,-0.00000002,-0.00000001
737,"C00051[K,c]",Glutathione-SS [cyt],C00051,c,DECREASED,0.66666667,3,0.00000002,0.00000012,1.00000000,0.00000001,Reduce turnover (limit competing usage),Other,0.00000000,-0.00000002,0.00000000,0.00000000,0.00000000,0.00000012,-0.00000004,0.00000000
738,"C00286[K,B]",C00286 [B],C00286,B,DECREASED,0.62500000,8,0.00000002,0.00000008,1.00000000,0.00000001,Reduce turnover (limit competing usage),Other,-0.00000000,0.00000002,0.00000000,-0.00000001,-0.00000006,0.00000008,-0.00000000,-0.00000002
739,"C00286[K,c]",C00286 [cyt],C00286,c,DECREASED,0.60000000,5,0.00000002,0.00000008,1.00000000,0.00000001,Reduce turnover (limit competing usage),Other,0.00000000,0.00000002,0.00000000,-0.00000001,-0.00000006,0.00000008,0.00000000,-0.00000002
740,"C00458[K,B]",C00458 [B],C00458,B,DECREASED,0.62500000,8,0.00000002,0.00000007,1.00000000,0.00000001,Reduce turnover (limit competing usage),Other,-0.00000000,0.00000002,0.00000000,-0.00000001,-0.00000006,0.00000007,-0.00000000,-0.00000002
741,"MC00957[K,c]",MC00957 [cyt],MC00957,c,DECREASED,0.80000000,5,0.00000002,0.00000008,1.00000000,0.00000001,Reduce turnover (limit competing usage),Other,0.00000000,0.00000000,0.00000000,-0.00000001,-0.00000001,0.00000008,-0.00000002,-0.00000001
742,"C05430[K,p]",C05430 [pla],C05430,p,DECREASED,0.83333333,6,0.00000001,0.00000004,1.00000000,0.00000001,Reduce turnover (limit competing usage),Other,-0.00000002,-0.00000004,0.00000000,-0.00000000,-0.00000002,0.00000003,0.00000000,-0.00000001
743,"C04462[K,p]",C04462 [pla],C04462,p,DECREASED,1.00000000,2,0.00000001,0.00000005,1.00000000,0.00000001,Reduce turnover (limit competing usage),Other,0.00000000,-0.00000004,-0.00000005,0.00000000,0.00000000,0.00000000,0.00000000,0.00000000
744,"C00091[K,p]",C00091 [pla],C00091,p,DECREASED,1.00000000,2,0.00000001,0.00000005,1.00000000,0.00000001,Reduce turnover (limit competing usage),Other,0.00000000,-0.00000004,-0.00000005,0.00000000,0.00000000,0.00000000,0.00000000,0.00000000
745,"C04421[K,p]",C04421 [pla],C04421,p,DECREASED,1.00000000,2,0.00000001,0.00000005,1.00000000,0.00000001,Reduce turnover (limit competing usage),Other,0.00000000,-0.00000004,-0.00000005,0.00000000,0.00000000,0.00000000,0.00000000,0.00000000
746,"C05431[K,p]",C05431 [pla],C05431,p,DECREASED,0.80000000,5,0.00000001,0.00000003,1.00000000,0.00000001,Reduce turnover (limit competing usage),Other,-0.00000002,-0.00000002,0.00000000,0.00000000,-0.00000002,0.00000003,0.00000000,-0.00000001
747,"MC00926[K,c]",MC00926 [cyt],MC00926,c,INCREASED,0.75000000,4,0.00000001,0.00000006,1.00000000,0.00000001,Enhance turnover (increase supply/demand),Other,0.00000003,0.00000000,0.00000000,0.00000000,0.00000006,0.00000001,0.00000000,-0.00000001
748,"C05434[K,p]",C05434 [pla],C05434,p,DECREASED,0.80000000,5,0.00000001,0.00000003,1.00000000,0.00000001,Reduce turnover (limit competing usage),Other,-0.00000003,-0.00000001,0.00000000,0.00000000,-0.00000002,0.00000002,0.00000000,-0.00000001
749,"C02094[K,p]",C02094 [pla],C02094,p,DECREASED,0.80000000,5,0.00000001,0.00000003,1.00000000,0.00000001,Reduce turnover (limit competing usage),Other,-0.00000003,-0.00000000,0.00000000,0.00000000,-0.00000002,0.00000003,0.00000000,-0.00000001
750,"C05435[K,p]",C05435 [pla],C05435,p,DECREASED,0.80000000,5,0.00000001,0.00000003,1.00000000,0.00000001,Reduce turnover (limit competing usage),Other,-0.00000003,-0.00000001,0.00000000,0.00000000,-0.00000002,0.00000002,0.00000000,-0.00000001
751,"C00588[K,p]",C00588 [pla],C00588,p,INCREASED,1.00000000,1,0.00000001,0.00000007,1.00000000,0.00000001,Enhance turnover (increase supply/demand),Other,0.00000000,0.00000000,0.00000000,0.00000000,0.00000000,0.00000000,0.00000007,0.00000000
752,"C00669[K,p]",C00669 [pla],C00669,p,DECREASED,1.00000000,1,0.00000001,0.00000007,1.00000000,0.00000001,Reduce turnover (limit competing usage),Other,0.00000000,0.00000000,0.00000000,0.00000000,0.00000000,0.00000000,-0.00000007,0.00000000
753,"MC00972[K,c]",MC00972 [cyt],MC00972,c,INCREASED,1.00000000,1,0.00000001,0.00000007,1.00000000,0.00000001,Enhance turnover (increase supply/demand),Other,0.00000000,0.00000000,0.00000007,0.00000000,0.00000000,0.00000000,0.00000000,0.00000000
754,"C00510[K,c]",C00510 [cyt],C00510,c,INCREASED,1.00000000,1,0.00000001,0.00000007,1.00000000,0.00000001,Enhance turnover (increase supply/demand),Other,0.00000000,0.00000000,0.00000007,0.00000000,0.00000000,0.00000000,0.00000000,0.00000000
755,"C00669[K,c]",C00669 [cyt],C00669,c,DECREASED,1.00000000,1,0.00000001,0.00000007,1.00000000,0.00000001,Reduce turnover (limit competing usage),Other,0.00000000,0.00000000,0.00000000,0.00000000,0.00000000,0.00000000,-0.00000007,0.00000000
756,"C00034[K,B]",C00034 [B],C00034,B,DECREASED,0.62500000,8,0.00000001,0.00000005,1.00000000,0.00000001,Reduce turnover (limit competing usage),Other,-0.00000000,0.00000001,0.00000000,-0.00000000,-0.00000004,0.00000005,-0.00000000,-0.00000001
757,"181PC[K,B]","181PC[K,B]","181PC[K,B]",B,DECREASED,0.50000000,8,0.00000002,0.00000005,1.00000000,0.00000001,Reduce turnover (limit competing usage),Other,-0.00000000,0.00000000,0.00000000,-0.00000001,-0.00000002,0.00000003,-0.00000000,0.00000005
758,"MC00927[K,p]",MC00927 [pla],MC00927,p,DECREASED,1.00000000,2,0.00000001,0.00000004,1.00000000,0.00000001,Reduce turnover (limit competing usage),Other,0.00000000,0.00000000,0.00000000,0.00000000,0.00000000,0.00000000,-0.00000004,-0.00000002
759,"C05824[K,p]",C05824 [pla],C05824,p,INCREASED,1.00000000,1,0.00000001,0.00000006,1.00000000,0.00000001,Enhance turnover (increase supply/demand),Other,0.00000000,0.00000000,0.00000000,0.00000000,0.00000000,0.00000006,0.00000000,0.00000000
760,"C00127[K,c]",Glutathione-disulfide [cyt],C00127,c,INCREASED,1.00000000,1,0.00000001,0.00000006,1.00000000,0.00000001,Enhance turnover (increase supply/demand),Other,0.00000000,0.00000000,0.00000000,0.00000000,0.00000000,0.00000006,0.00000000,0.00000000
761,"C00491[K,p]",C00491 [pla],C00491,p,INCREASED,1.00000000,1,0.00000001,0.00000006,1.00000000,0.00000001,Enhance turnover (increase supply/demand),Other,0.00000000,0.00000000,0.00000000,0.00000000,0.00000000,0.00000006,0.00000000,0.00000000
762,"C00491[K,c]",C00491 [cyt],C00491,c,INCREASED,1.00000000,1,0.00000001,0.00000006,1.00000000,0.00000001,Enhance turnover (increase supply/demand),Other,0.00000000,0.00000000,0.00000000,0.00000000,0.00000000,0.00000006,0.00000000,0.00000000
763,"C02477[K,B]",C02477 [B],C02477,B,DECREASED,0.62500000,8,0.00000001,0.00000004,1.00000000,0.00000001,Reduce turnover (limit competing usage),Other,-0.00000000,0.00000001,0.00000000,-0.00000000,-0.00000003,0.00000004,-0.00000000,-0.00000001
764,"C00034[K,c]",C00034 [cyt],C00034,c,DECREASED,0.50000000,4,0.00000001,0.00000005,1.00000000,0.00000001,Reduce turnover (limit competing usage),Other,0.00000000,0.00000001,0.00000000,0.00000000,-0.00000004,0.00000005,0.00000000,-0.00000001
765,C00034[P],C00034 [],C00034,,DECREASED,0.50000000,4,0.00000001,0.00000005,1.00000000,0.00000001,Reduce turnover (limit competing usage),Other,0.00000000,0.00000001,0.00000000,0.00000000,-0.00000004,0.00000005,0.00000000,-0.00000001
766,"C08362[K,p]",C08362 [pla],C08362,p,DECREASED,0.75000000,4,0.00000001,0.00000003,1.00000000,0.00000001,Reduce turnover (limit competing usage),Other,0.00000000,0.00000000,0.00000000,-0.00000001,-0.00000002,0.00000003,0.00000000,-0.00000001
767,"C16520[K,p]",C16520 [pla],C16520,p,DECREASED,0.75000000,4,0.00000001,0.00000003,1.00000000,0.00000001,Reduce turnover (limit competing usage),Other,0.00000000,0.00000000,0.00000000,-0.00000001,-0.00000002,0.00000003,0.00000000,-0.00000001
768,"C08362[K,c]",C08362 [cyt],C08362,c,DECREASED,0.75000000,4,0.00000001,0.00000003,1.00000000,0.00000001,Reduce turnover (limit competing usage),Other,0.00000000,0.00000000,0.00000000,-0.00000001,-0.00000002,0.00000003,0.00000000,-0.00000001
769,"C00144[K,p]",C00144 [pla],C00144,p,INCREASED,1.00000000,1,0.00000001,0.00000005,1.00000000,0.00000001,Enhance turnover (increase supply/demand),Other,0.00000000,0.00000000,0.00000000,0.00000000,0.00000000,0.00000000,0.00000000,0.00000005
770,"C02477[K,c]",C02477 [cyt],C02477,c,DECREASED,0.50000000,4,0.00000001,0.00000004,1.00000000,0.00000001,Reduce turnover (limit competing usage),Other,0.00000000,0.00000001,0.00000000,0.00000000,-0.00000003,0.00000004,0.00000000,-0.00000001
771,"C02477[K,p]",C02477 [pla],C02477,p,DECREASED,0.50000000,4,0.00000001,0.00000004,1.00000000,0.00000001,Reduce turnover (limit competing usage),Other,0.00000000,0.00000001,0.00000000,0.00000000,-0.00000003,0.00000004,0.00000000,-0.00000001
772,"MC00946[K,c]",MC00946 [cyt],MC00946,c,DECREASED,1.00000000,3,0.00000001,0.00000003,1.00000000,0.00000001,Reduce turnover (limit competing usage),Other,0.00000000,-0.00000003,0.00000000,0.00000000,-0.00000001,-0.00000001,0.00000000,0.00000000
773,"C08362[K,B]",C08362 [B],C08362,B,DECREASED,0.62500000,8,0.00000001,0.00000003,1.00000000,0.00000001,Reduce turnover (limit competing usage),Other,-0.00000000,0.00000000,0.00000000,-0.00000001,-0.00000002,0.00000003,-0.00000000,-0.00000001
774,"181MGDG[K,B]","181MGDG[K,B]","181MGDG[K,B]",B,DECREASED,0.50000000,8,0.00000001,0.00000003,1.00000000,0.00000001,Reduce turnover (limit competing usage),Other,0.00000000,0.00000001,0.00000000,-0.00000000,-0.00000002,0.00000003,-0.00000000,-0.00000002
775,"MC00946[K,p]",MC00946 [pla],MC00946,p,DECREASED,1.00000000,2,0.00000001,0.00000003,1.00000000,0.00000001,Reduce turnover (limit competing usage),Other,0.00000000,-0.00000003,0.00000000,0.00000000,0.00000000,-0.00000001,0.00000000,0.00000000
776,"C00430[K,p]",C00430 [pla],C00430,p,DECREASED,1.00000000,1,0.00000001,0.00000004,1.00000000,0.00000001,Reduce turnover (limit competing usage),Other,0.00000000,-0.00000004,0.00000000,0.00000000,0.00000000,0.00000000,0.00000000,0.00000000
777,"C01879[K,p]",C01879 [pla],C01879,p,DECREASED,1.00000000,1,0.00000001,0.00000004,1.00000000,0.00000001,Reduce turnover (limit competing usage),Other,0.00000000,-0.00000004,0.00000000,0.00000000,0.00000000,0.00000000,0.00000000,0.00000000
778,"C00430[K,c]",C00430 [cyt],C00430,c,DECREASED,1.00000000,1,0.00000001,0.00000004,1.00000000,0.00000001,Reduce turnover (limit competing usage),Other,0.00000000,-0.00000004,0.00000000,0.00000000,0.00000000,0.00000000,0.00000000,0.00000000
779,"C01419[K,p]",C01419 [pla],C01419,p,DECREASED,1.00000000,1,0.00000001,0.00000004,1.00000000,0.00000001,Reduce turnover (limit competing usage),Other,0.00000000,-0.00000004,0.00000000,0.00000000,0.00000000,0.00000000,0.00000000,0.00000000
780,"C08591[K,p]",C08591 [pla],C08591,p,DECREASED,0.60000000,5,0.00000001,0.00000002,1.00000000,0.00000000,Reduce turnover (limit competing usage),Other,-0.00000002,0.00000000,0.00000001,0.00000000,-0.00000001,0.00000001,0.00000000,-0.00000001
781,"C00070[K,c]",C00070 [cyt],C00070,c,DECREASED,0.75000000,4,0.00000001,0.00000002,1.00000000,0.00000000,Reduce turnover (limit competing usage),Other,0.00000000,0.00000000,0.00000000,-0.00000001,-0.00000001,0.00000002,0.00000000,-0.00000001
782,C00070[P],C00070 [],C00070,,DECREASED,0.75000000,4,0.00000001,0.00000002,1.00000000,0.00000000,Reduce turnover (limit competing usage),Other,0.00000000,0.00000000,0.00000000,-0.00000001,-0.00000001,0.00000002,0.00000000,-0.00000001
783,"C01118[K,p]",C01118 [pla],C01118,p,DECREASED,0.50000000,2,0.00000001,0.00000005,1.00000000,0.00000000,Reduce turnover (limit competing usage),Other,0.00000002,0.00000000,-0.00000005,0.00000000,0.00000000,0.00000000,0.00000000,0.00000000
784,"C00070[K,B]",C00070 [B],C00070,B,DECREASED,0.62500000,8,0.00000001,0.00000002,1.00000000,0.00000000,Reduce turnover (limit competing usage),Other,-0.00000000,0.00000000,0.00000000,-0.00000001,-0.00000001,0.00000002,-0.00000000,-0.00000001
785,"MC01020[K,p]",MC01020 [pla],MC01020,p,INCREASED,1.00000000,1,0.00000000,0.00000003,1.00000000,0.00000000,Enhance turnover (increase supply/demand),Other,0.00000000,0.00000000,0.00000000,0.00000000,0.00000000,0.00000000,0.00000000,0.00000003
786,"MC01028[K,p]",MC01028 [pla],MC01028,p,INCREASED,1.00000000,1,0.00000000,0.00000003,1.00000000,0.00000000,Enhance turnover (increase supply/demand),Other,0.00000000,0.00000000,0.00000000,0.00000000,0.00000000,0.00000000,0.00000000,0.00000003
787,"C06098[K,p]",C06098 [pla],C06098,p,DECREASED,0.60000000,5,0.00000001,0.00000001,1.00000000,0.00000000,Reduce turnover (limit competing usage),Other,-0.00000001,0.00000000,0.00000001,0.00000000,-0.00000001,0.00000001,0.00000000,-0.00000001
788,"C02291[K,p]",C02291 [pla],C02291,p,DECREASED,0.50000000,2,0.00000001,0.00000002,1.00000000,0.00000000,Reduce turnover (limit competing usage),Other,0.00000002,0.00000000,-0.00000002,0.00000000,0.00000000,0.00000000,0.00000000,0.00000000
789,"C00712[K,B]",C00712 [B],C00712,B,DECREASED,0.57142857,7,0.00000000,0.00000001,1.00000000,0.00000000,Reduce turnover (limit competing usage),Other,-0.00000000,0.00000000,0.00000000,-0.00000001,-0.00000001,0.00000001,-0.00000000,-0.00000001
790,"181PG[K,B]","181PG[K,B]","181PG[K,B]",B,DECREASED,0.66666667,3,0.00000000,0.00000003,1.00000000,0.00000000,Reduce turnover (limit competing usage),Other,-0.00000000,0.00000000,-0.00000000,-0.00000000,-0.00000003,0.00000000,-0.00000000,-0.00000000
791,"MC01041[K,p]",MC01041 [pla],MC01041,p,DECREASED,0.66666667,3,0.00000000,0.00000001,1.00000000,0.00000000,Reduce turnover (limit competing usage),Other,-0.00000001,0.00000000,0.00000000,0.00000000,-0.00000001,0.00000001,0.00000000,0.00000000
792,"MC01041[K,c]",MC01041 [cyt],MC01041,c,DECREASED,0.66666667,3,0.00000000,0.00000001,1.00000000,0.00000000,Reduce turnover (limit competing usage),Other,-0.00000001,0.00000000,0.00000000,0.00000000,-0.00000001,0.00000001,0.00000000,0.00000000
793,"C01530[K,p]",C01530 [pla],C01530,p,DECREASED,0.66666667,3,0.00000000,0.00000001,1.00000000,0.00000000,Reduce turnover (limit competing usage),Other,0.00000000,0.00000000,0.00000000,0.00000000,-0.00000001,0.00000001,0.00000000,-0.00000001
794,"C06098[K,B]",C06098 [B],C06098,B,DECREASED,0.57142857,7,0.00000000,0.00000001,1.00000000,0.00000000,Reduce turnover (limit competing usage),Other,-0.00000000,0.00000000,0.00000000,-0.00000000,-0.00000001,0.00000001,-0.00000000,-0.00000001
795,"C01530[K,B]",C01530 [B],C01530,B,DECREASED,0.57142857,7,0.00000000,0.00000001,1.00000000,0.00000000,Reduce turnover (limit competing usage),Other,-0.00000000,0.00000000,0.00000000,-0.00000000,-0.00000001,0.00000001,-0.00000000,-0.00000001
796,"C00135[K,B]",L-Histidine [B],C00135,B,DECREASED,0.57142857,7,0.00000000,0.00000000,2.50000000,0.00000000,Reduce turnover (limit competing usage),Amino_Acids,-0.00000000,-0.00000000,-0.00000000,-0.00000000,0.00000000,0.00000000,-0.00000000,0.00000000
797,"180PG[K,B]","180PG[K,B]","180PG[K,B]",B,INCREASED,1.00000000,2,0.00000000,0.00000002,1.00000000,0.00000000,Enhance turnover (increase supply/demand),Other,-0.00000000,0.00000002,0.00000000,-0.00000000,-0.00000000,0.00000000,-0.00000000,-0.00000000
798,"C00123[K,B]",L-Leucine [B],C00123,B,DECREASED,0.50000000,8,0.00000000,0.00000000,2.50000000,0.00000000,Reduce turnover (limit competing usage),Amino_Acids,0.00000000,0.00000000,-0.00000000,-0.00000000,-0.00000000,0.00000000,0.00000000,-0.00000000
799,"183PG[K,B]","183PG[K,B]","183PG[K,B]",B,DECREASED,0.66666667,6,0.00000000,0.00000001,1.00000000,0.00000000,Reduce turnover (limit competing usage),Other,-0.00000001,0.00000000,0.00000000,-0.00000000,-0.00000001,0.00000001,-0.00000000,-0.00000000
800,"C08601[K,B]",C08601 [B],C08601,B,DECREASED,0.57142857,7,0.00000000,0.00000001,1.00000000,0.00000000,Reduce turnover (limit competing usage),Other,-0.00000000,0.00000000,0.00000000,-0.00000000,-0.00000000,0.00000001,-0.00000000,-0.00000000
801,"C05433[K,p]",C05433 [pla],C05433,p,INCREASED,1.00000000,1,0.00000000,0.00000001,1.00000000,0.00000000,Enhance turnover (increase supply/demand),Other,0.00000000,0.00000000,0.00000000,0.00000000,0.00000000,0.00000001,0.00000000,0.00000000
802,"C15981[K,p]",C15981 [pla],C15981,p,INCREASED,1.00000000,1,0.00000000,0.00000001,1.00000000,0.00000000,Enhance turnover (increase supply/demand),Other,0.00000000,0.00000000,0.00000000,0.00000000,0.00000000,0.00000001,0.00000000,0.00000000
803,"C08586[K,p]",C08586 [pla],C08586,p,INCREASED,1.00000000,1,0.00000000,0.00000001,1.00000000,0.00000000,Enhance turnover (increase supply/demand),Other,0.00000000,0.00000000,0.00000000,0.00000000,0.00000000,0.00000001,0.00000000,0.00000000
804,"C14146[K,p]",C14146 [pla],C14146,p,INCREASED,1.00000000,1,0.00000000,0.00000001,1.00000000,0.00000000,Enhance turnover (increase supply/demand),Other,0.00000000,0.00000000,0.00000000,0.00000000,0.00000000,0.00000001,0.00000000,0.00000000
805,"C08601[K,p]",C08601 [pla],C08601,p,INCREASED,1.00000000,1,0.00000000,0.00000001,1.00000000,0.00000000,Enhance turnover (increase supply/demand),Other,0.00000000,0.00000000,0.00000000,0.00000000,0.00000000,0.00000001,0.00000000,0.00000000
806,"MC00949[K,c]",MC00949 [cyt],MC00949,c,INCREASED,1.00000000,1,0.00000000,0.00000001,1.00000000,0.00000000,Enhance turnover (increase supply/demand),Other,0.00000000,0.00000001,0.00000000,0.00000000,0.00000000,0.00000000,0.00000000,0.00000000
807,"MC01040[K,p]",MC01040 [pla],MC01040,p,DECREASED,0.66666667,3,0.00000000,0.00000001,1.00000000,0.00000000,Reduce turnover (limit competing usage),Other,-0.00000001,0.00000000,0.00000000,0.00000000,-0.00000001,0.00000001,0.00000000,0.00000000
808,"C00089[K,c]",Sucrose [cyt],C00089,c,INCREASED,1.00000000,1,0.00000000,0.00000000,2.00000000,0.00000000,Enhance turnover (increase supply/demand),Other,0.00000000,0.00000000,0.00000000,0.00000000,0.00000000,0.00000000,0.00000000,0.00000000
809,"161tPG[K,B]","161tPG[K,B]","161tPG[K,B]",B,DECREASED,0.60000000,5,0.00000000,0.00000001,1.00000000,0.00000000,Reduce turnover (limit competing usage),Other,-0.00000000,0.00000000,0.00000000,-0.00000000,-0.00000001,0.00000001,-0.00000000,-0.00000000
810,"160PG[K,B]","160PG[K,B]","160PG[K,B]",B,DECREASED,0.66666667,6,0.00000000,0.00000001,1.00000000,0.00000000,Reduce turnover (limit competing usage),Other,-0.00000000,0.00000000,0.00000000,-0.00000000,-0.00000001,0.00000000,-0.00000000,-0.00000000
811,"C02094[K,B]",C02094 [B],C02094,B,DECREASED,0.60000000,5,0.00000000,0.00000001,1.00000000,0.00000000,Reduce turnover (limit competing usage),Other,-0.00000000,0.00000000,0.00000000,-0.00000000,-0.00000001,0.00000001,-0.00000000,-0.00000000
812,"C08591[K,B]",C08591 [B],C08591,B,DECREASED,0.60000000,5,0.00000000,0.00000000,1.00000000,0.00000000,Reduce turnover (limit competing usage),Other,-0.00000000,0.00000000,0.00000000,-0.00000000,-0.00000000,0.00000000,-0.00000000,-0.00000000
813,"182PG[K,B]","182PG[K,B]","182PG[K,B]",B,DECREASED,0.60000000,5,0.00000000,0.00000000,1.00000000,0.00000000,Reduce turnover (limit competing usage),Other,-0.00000000,0.00000000,0.00000000,-0.00000000,-0.00000000,0.00000000,-0.00000000,-0.00000000
